dataset_version,family,parameter,arch_seed,arch_id,gates_json,energy,exact,gap,label_steps,label_restarts,depth,n_single,n_double,n_parameters
2026-09-v3-pauli-factor-graph,Hubbard,0.0,11,0,"[[""D"",[0,3,1,2]],[""D"",[0,1,2,3]],[""S"",[1,2]]]",0.0,-2.0,2.0,60,2,3,1,2,3
2026-09-v3-pauli-factor-graph,Hubbard,0.0,11,1,"[[""S"",[3,2]],[""S"",[2,3]],[""S"",[0,1]],[""S"",[1,2]],[""S"",[0,2]],[""S"",[1,2]]]",-1.9999399009926453,-2.0,6.009900735470808e-05,60,2,6,6,0,6
2026-09-v3-pauli-factor-graph,Hubbard,0.0,11,2,"[[""S"",[0,1]],[""S"",[0,1]],[""S"",[1,3]],[""S"",[0,2]],[""D"",[0,1,2,3]],[""D"",[0,2,1,3]],[""D"",[0,2,1,3]],[""S"",[1,3]]]",-1.9968561855867777,-2.0,0.0031438144132223123,60,2,8,5,3,8
2026-09-v3-pauli-factor-graph,Hubbard,0.0,11,3,"[[""D"",[0,3,1,2]],[""S"",[0,2]],[""S"",[1,3]],[""S"",[1,2]],[""S"",[2,3]],[""D"",[0,2,1,3]],[""S"",[0,3]],[""D"",[0,1,2,3]]]",-1.9983217145238903,-2.0,0.0016782854761097088,60,2,8,5,3,8
2026-09-v3-pauli-factor-graph,Hubbard,0.0,11,4,"[[""S"",[0,1]],[""D"",[0,1,2,3]],[""S"",[0,2]]]",-0.999953950855003,-2.0,1.000046049144997,60,2,3,2,1,3
2026-09-v3-pauli-factor-graph,Hubbard,0.0,11,5,"[[""S"",[3,2]],[""S"",[1,3]],[""D"",[0,2,1,3]],[""D"",[0,1,2,3]],[""D"",[0,1,2,3]],[""S"",[1,3]],[""D"",[0,2,1,3]]]",-1.9947642431735861,-2.0,0.005235756826413862,60,2,7,3,4,7
2026-09-v3-pauli-factor-graph,Hubbard,0.0,11,6,"[[""D"",[0,3,1,2]],[""S"",[0,2]],[""S"",[0,3]],[""S"",[1,3]],[""D"",[0,1,2,3]],[""S"",[1,2]],[""D"",[0,2,1,3]],[""S"",[0,3]]]",-1.9962434095747759,-2.0,0.0037565904252241378,60,2,8,5,3,8
2026-09-v3-pauli-factor-graph,Hubbard,0.0,11,7,"[[""S"",[3,2]],[""S"",[2,3]],[""S"",[0,2]],[""S"",[1,3]],[""D"",[0,1,2,3]],[""D"",[0,2,1,3]],[""D"",[0,1,2,3]],[""D"",[0,2,1,3]]]",-1.4128474171015684,-2.0,0.5871525828984316,60,2,8,4,4,8
2026-09-v3-pauli-factor-graph,Hubbard,0.0,11,8,"[[""S"",[0,1]],[""S"",[1,2]],[""S"",[2,3]]]",-1.9995944823081457,-2.0,0.00040551769185426245,60,2,3,3,0,3
2026-09-v3-pauli-factor-graph,Hubbard,0.0,11,9,"[[""D"",[0,3,1,2]],[""S"",[0,1]],[""D"",[0,2,1,3]],[""D"",[0,2,1,3]]]",-1.995570827486784,-2.0,0.004429172513215951,60,2,4,1,3,4
2026-09-v3-pauli-factor-graph,Hubbard,0.0,11,10,"[[""S"",[0,1]],[""S"",[0,2]],[""S"",[0,2]],[""D"",[0,1,2,3]]]",-0.9999779975079044,-2.0,1.0000220024920956,60,2,4,3,1,4
2026-09-v3-pauli-factor-graph,Hubbard,0.0,11,11,"[[""S"",[3,2]],[""S"",[0,2]],[""S"",[1,3]],[""D"",[0,2,1,3]],[""D"",[0,2,1,3]],[""S"",[0,2]],[""S"",[1,3]]]",-1.4138353048281411,-2.0,0.5861646951718589,60,2,7,5,2,7
2026-09-v3-pauli-factor-graph,Hubbard,0.0,11,12,"[[""D"",[0,3,1,2]],[""S"",[0,2]],[""S"",[1,2]]]",-1.9987340140830818,-2.0,0.0012659859169181775,60,2,3,2,1,3
2026-09-v3-pauli-factor-graph,Hubbard,0.0,11,13,"[[""S"",[3,2]],[""S"",[1,2]],[""S"",[0,3]],[""D"",[0,2,1,3]],[""S"",[2,3]]]",-1.9953996193698702,-2.0,0.004600380630129797,60,2,5,4,1,5
2026-09-v3-pauli-factor-graph,Hubbard,0.0,11,14,"[[""S"",[0,1]],[""S"",[0,3]],[""D"",[0,2,1,3]],[""S"",[0,1]],[""S"",[0,3]],[""S"",[0,2]],[""S"",[0,1]]]",-1.9976798952530213,-2.0,0.002320104746978746,60,2,7,6,1,7
2026-09-v3-pauli-factor-graph,Hubbard,0.0,11,15,"[[""D"",[0,3,1,2]],[""S"",[1,2]],[""D"",[0,1,2,3]],[""S"",[2,3]],[""D"",[0,1,2,3]],[""S"",[0,1]],[""S"",[1,2]],[""S"",[0,1]]]",-1.999367713236513,-2.0,0.0006322867634869223,60,2,8,5,3,8
2026-09-v3-pauli-factor-graph,Hubbard,0.0,11,16,"[[""S"",[0,1]],[""S"",[0,1]],[""S"",[1,3]],[""S"",[0,1]]]",-0.9998999427792489,-2.0,1.000100057220751,60,2,4,4,0,4
2026-09-v3-pauli-factor-graph,Hubbard,0.0,11,17,"[[""S"",[3,2]],[""S"",[0,3]],[""S"",[0,3]],[""S"",[0,1]]]",-1.9998403808643732,-2.0,0.0001596191356267873,60,2,4,4,0,4
2026-09-v3-pauli-factor-graph,Hubbard,0.0,11,18,"[[""D"",[0,3,1,2]],[""S"",[1,2]],[""S"",[0,1]],[""S"",[0,1]],[""D"",[0,1,2,3]],[""S"",[0,1]],[""S"",[1,2]]]",-0.999998614203356,-2.0,1.000001385796644,60,2,7,5,2,7
2026-09-v3-pauli-factor-graph,Hubbard,0.0,11,19,"[[""S"",[3,2]],[""S"",[2,3]],[""S"",[2,3]],[""D"",[0,2,1,3]],[""S"",[0,2]]]",-1.4126739348006419,-2.0,0.5873260651993581,60,2,5,4,1,5
2026-09-v3-pauli-factor-graph,Hubbard,0.0,11,20,"[[""S"",[0,1]],[""S"",[0,2]],[""S"",[1,3]],[""D"",[0,1,2,3]],[""D"",[0,2,1,3]],[""S"",[2,3]],[""S"",[0,1]],[""S"",[1,2]]]",-1.9973356719268163,-2.0,0.0026643280731837304,60,2,8,6,2,8
2026-09-v3-pauli-factor-graph,Hubbard,0.0,11,21,"[[""D"",[0,3,1,2]],[""S"",[0,2]],[""S"",[2,3]],[""S"",[0,1]],[""S"",[2,3]],[""S"",[0,1]],[""S"",[0,3]]]",-1.9988943210350285,-2.0,0.0011056789649714904,60,2,7,6,1,7
2026-09-v3-pauli-factor-graph,Hubbard,0.0,11,22,"[[""S"",[0,1]],[""S"",[2,3]],[""S"",[2,3]],[""S"",[1,2]]]",-1.9989386756417313,-2.0,0.0010613243582686671,60,2,4,4,0,4
2026-09-v3-pauli-factor-graph,Hubbard,0.0,11,23,"[[""S"",[3,2]],[""D"",[0,2,1,3]],[""S"",[0,2]],[""S"",[0,2]]]",-1.4125070346734376,-2.0,0.5874929653265624,60,2,4,3,1,4
2026-09-v3-pauli-factor-graph,Hubbard,0.0,23,0,"[[""D"",[0,3,1,2]],[""S"",[1,2]],[""S"",[2,3]]]",-0.9999188737173992,-2.0,1.0000811262826008,60,2,3,2,1,3
2026-09-v3-pauli-factor-graph,Hubbard,0.0,23,1,"[[""S"",[3,2]],[""S"",[1,3]],[""S"",[0,1]],[""S"",[0,1]]]",-1.9985554161677122,-2.0,0.001444583832287849,60,2,4,4,0,4
2026-09-v3-pauli-factor-graph,Hubbard,0.0,23,2,"[[""S"",[0,1]],[""D"",[0,1,2,3]],[""S"",[1,2]],[""S"",[0,2]],[""S"",[0,2]],[""S"",[0,2]]]",-0.9998917930760625,-2.0,1.0001082069239375,60,2,6,5,1,6
2026-09-v3-pauli-factor-graph,Hubbard,0.0,23,3,"[[""D"",[0,3,1,2]],[""S"",[2,3]],[""S"",[0,3]],[""S"",[1,2]],[""S"",[0,1]],[""S"",[0,2]],[""S"",[1,2]]]",-1.999966782602393,-2.0,3.321739760697717e-05,60,2,7,6,1,7
2026-09-v3-pauli-factor-graph,Hubbard,0.0,23,4,"[[""S"",[0,1]],[""S"",[0,1]],[""S"",[1,2]]]",-0.9994470892041173,-2.0,1.0005529107958826,60,2,3,3,0,3
2026-09-v3-pauli-factor-graph,Hubbard,0.0,23,5,"[[""S"",[3,2]],[""S"",[0,3]],[""S"",[2,3]]]",-0.9984635926146973,-2.0,1.0015364073853026,60,2,3,3,0,3
2026-09-v3-pauli-factor-graph,Hubbard,0.0,23,6,"[[""D"",[0,3,1,2]],[""S"",[0,1]],[""S"",[2,3]]]",-1.999987964402049,-2.0,1.2035597950932342e-05,60,2,3,2,1,3
2026-09-v3-pauli-factor-graph,Hubbard,0.0,23,7,"[[""S"",[3,2]],[""S"",[0,3]],[""S"",[2,3]],[""S"",[0,3]]]",-0.9999979047343163,-2.0,1.0000020952656836,60,2,4,4,0,4
2026-09-v3-pauli-factor-graph,Hubbard,0.0,23,8,"[[""S"",[0,1]],[""D"",[0,1,2,3]],[""S"",[0,1]],[""D"",[0,2,1,3]],[""S"",[1,2]],[""S"",[0,1]]]",-1.9971770634277881,-2.0,0.002822936572211887,60,2,6,4,2,6
2026-09-v3-pauli-factor-graph,Hubbard,0.0,23,9,"[[""D"",[0,3,1,2]],[""D"",[0,1,2,3]],[""S"",[0,3]],[""S"",[0,2]]]",0.0,-2.0,2.0,60,2,4,2,2,4
2026-09-v3-pauli-factor-graph,Hubbard,0.0,23,10,"[[""S"",[0,1]],[""D"",[0,1,2,3]],[""S"",[0,1]],[""D"",[0,1,2,3]],[""S"",[1,3]],[""D"",[0,2,1,3]]]",-1.4129795185868939,-2.0,0.5870204814131061,60,2,6,3,3,6
2026-09-v3-pauli-factor-graph,Hubbard,0.0,23,11,"[[""S"",[3,2]],[""S"",[0,1]],[""D"",[0,1,2,3]]]",-1.9998014286708554,-2.0,0.0001985713291445812,60,2,3,2,1,3
2026-09-v3-pauli-factor-graph,Hubbard,0.0,23,12,"[[""D"",[0,3,1,2]],[""S"",[0,2]],[""S"",[0,2]],[""S"",[1,3]],[""S"",[0,2]],[""S"",[1,3]],[""S"",[1,2]],[""D"",[0,1,2,3]]]",-1.997737952574684,-2.0,0.002262047425316105,60,2,8,6,2,8
2026-09-v3-pauli-factor-graph,Hubbard,0.0,23,13,"[[""S"",[3,2]],[""S"",[1,2]],[""S"",[1,2]],[""S"",[2,3]],[""S"",[0,3]],[""S"",[0,2]],[""S"",[0,3]]]",-0.9995755428183215,-2.0,1.0004244571816785,60,2,7,7,0,7
2026-09-v3-pauli-factor-graph,Hubbard,0.0,23,14,"[[""S"",[0,1]],[""S"",[1,2]],[""D"",[0,1,2,3]],[""D"",[0,1,2,3]],[""S"",[0,1]],[""S"",[2,3]],[""S"",[0,1]],[""D"",[0,1,2,3]]]",-1.9994548053870385,-2.0,0.0005451946129615415,60,2,8,5,3,8
2026-09-v3-pauli-factor-graph,Hubbard,0.0,23,15,"[[""D"",[0,3,1,2]],[""D"",[0,2,1,3]],[""S"",[0,1]]]",-0.9999998226354537,-2.0,1.0000001773645462,60,2,3,1,2,3
2026-09-v3-pauli-factor-graph,Hubbard,0.0,23,16,"[[""S"",[0,1]],[""S"",[1,3]],[""S"",[0,3]]]",-0.9992173867100993,-2.0,1.0007826132899007,60,2,3,3,0,3
2026-09-v3-pauli-factor-graph,Hubbard,0.0,23,17,"[[""S"",[3,2]],[""S"",[0,2]],[""D"",[0,2,1,3]],[""S"",[0,3]],[""S"",[0,3]]]",-1.4132728016203826,-2.0,0.5867271983796174,60,2,5,4,1,5
2026-09-v3-pauli-factor-graph,Hubbard,0.0,23,18,"[[""D"",[0,3,1,2]],[""S"",[2,3]],[""S"",[0,2]],[""D"",[0,2,1,3]]]",-1.9974869305904681,-2.0,0.0025130694095318873,60,2,4,2,2,4
2026-09-v3-pauli-factor-graph,Hubbard,0.0,23,19,"[[""S"",[3,2]],[""S"",[0,3]],[""S"",[0,1]],[""S"",[0,2]],[""S"",[0,1]],[""S"",[1,2]]]",-1.9997524970854,-2.0,0.0002475029146000729,60,2,6,6,0,6
2026-09-v3-pauli-factor-graph,Hubbard,0.0,23,20,"[[""S"",[0,1]],[""S"",[0,2]],[""S"",[1,3]],[""S"",[1,3]],[""S"",[1,3]]]",-0.9999572065536368,-2.0,1.0000427934463632,60,2,5,5,0,5
2026-09-v3-pauli-factor-graph,Hubbard,0.0,23,21,"[[""D"",[0,3,1,2]],[""D"",[0,2,1,3]],[""S"",[1,3]],[""S"",[0,3]],[""S"",[0,1]],[""S"",[1,2]]]",-1.9986432165216585,-2.0,0.00135678347834145,60,2,6,4,2,6
2026-09-v3-pauli-factor-graph,Hubbard,0.0,23,22,"[[""S"",[0,1]],[""S"",[2,3]],[""D"",[0,1,2,3]]]",-1.9997896070175027,-2.0,0.0002103929824972539,60,2,3,2,1,3
2026-09-v3-pauli-factor-graph,Hubbard,0.0,23,23,"[[""S"",[3,2]],[""S"",[0,2]],[""S"",[1,3]],[""D"",[0,2,1,3]],[""S"",[1,2]]]",-1.4119348258486668,-2.0,0.5880651741513332,60,2,5,4,1,5
2026-09-v3-pauli-factor-graph,Hubbard,0.0,37,0,"[[""D"",[0,3,1,2]],[""S"",[2,3]],[""S"",[2,3]]]",-0.9996374869493885,-2.0,1.0003625130506115,60,2,3,2,1,3
2026-09-v3-pauli-factor-graph,Hubbard,0.0,37,1,"[[""S"",[3,2]],[""D"",[0,2,1,3]],[""S"",[2,3]],[""S"",[0,3]]]",-1.9970877394147108,-2.0,0.0029122605852891503,60,2,4,3,1,4
2026-09-v3-pauli-factor-graph,Hubbard,0.0,37,2,"[[""S"",[0,1]],[""S"",[1,2]],[""D"",[0,2,1,3]],[""D"",[0,2,1,3]]]",-1.4131876816314946,-2.0,0.5868123183685054,60,2,4,2,2,4
2026-09-v3-pauli-factor-graph,Hubbard,0.0,37,3,"[[""D"",[0,3,1,2]],[""S"",[0,1]],[""S"",[0,2]],[""S"",[1,3]]]",-0.9999975602207316,-2.0,1.0000024397792684,60,2,4,3,1,4
2026-09-v3-pauli-factor-graph,Hubbard,0.0,37,4,"[[""S"",[0,1]],[""D"",[0,1,2,3]],[""S"",[2,3]]]",-1.9998758674153634,-2.0,0.00012413258463661592,60,2,3,2,1,3
2026-09-v3-pauli-factor-graph,Hubbard,0.0,37,5,"[[""S"",[3,2]],[""S"",[0,2]],[""S"",[1,2]],[""S"",[0,2]],[""S"",[2,3]],[""S"",[2,3]],[""D"",[0,1,2,3]]]",-1.9980590508641698,-2.0,0.0019409491358302056,60,2,7,6,1,7
2026-09-v3-pauli-factor-graph,Hubbard,0.0,37,6,"[[""D"",[0,3,1,2]],[""S"",[0,3]],[""S"",[0,3]],[""S"",[2,3]]]",-0.9999811969609782,-2.0,1.0000188030390218,60,2,4,3,1,4
2026-09-v3-pauli-factor-graph,Hubbard,0.0,37,7,"[[""S"",[3,2]],[""S"",[0,2]],[""S"",[0,3]],[""S"",[0,3]],[""S"",[1,3]],[""S"",[0,2]]]",-0.9999457783378365,-2.0,1.0000542216621635,60,2,6,6,0,6
2026-09-v3-pauli-factor-graph,Hubbard,0.0,37,8,"[[""S"",[0,1]],[""S"",[1,2]],[""S"",[0,3]],[""D"",[0,2,1,3]],[""S"",[1,3]],[""D"",[0,1,2,3]]]",-1.9988403307755056,-2.0,0.0011596692244943974,60,2,6,4,2,6
2026-09-v3-pauli-factor-graph,Hubbard,0.0,37,9,"[[""D"",[0,3,1,2]],[""D"",[0,1,2,3]],[""S"",[0,3]],[""S"",[1,2]],[""S"",[0,1]]]",-0.9999869813173765,-2.0,1.0000130186826235,60,2,5,3,2,5
2026-09-v3-pauli-factor-graph,Hubbard,0.0,37,10,"[[""S"",[0,1]],[""S"",[0,2]],[""S"",[0,1]],[""S"",[2,3]]]",-1.9994335544027921,-2.0,0.0005664455972078652,60,2,4,4,0,4
2026-09-v3-pauli-factor-graph,Hubbard,0.0,37,11,"[[""S"",[3,2]],[""D"",[0,1,2,3]],[""D"",[0,1,2,3]],[""S"",[1,2]],[""S"",[1,2]]]",-0.9999822863767077,-2.0,1.0000177136232922,60,2,5,3,2,5
2026-09-v3-pauli-factor-graph,Hubbard,0.0,37,12,"[[""D"",[0,3,1,2]],[""S"",[0,3]],[""D"",[0,1,2,3]]]",0.0,-2.0,2.0,60,2,3,1,2,3
2026-09-v3-pauli-factor-graph,Hubbard,0.0,37,13,"[[""S"",[3,2]],[""S"",[1,3]],[""S"",[1,2]],[""D"",[0,1,2,3]]]",-0.9986847331075727,-2.0,1.0013152668924272,60,2,4,3,1,4
2026-09-v3-pauli-factor-graph,Hubbard,0.0,37,14,"[[""S"",[0,1]],[""S"",[1,2]],[""S"",[0,1]],[""S"",[0,1]],[""D"",[0,1,2,3]],[""S"",[2,3]],[""S"",[1,2]],[""D"",[0,2,1,3]]]",-1.999333702608216,-2.0,0.000666297391783921,60,2,8,6,2,8
2026-09-v3-pauli-factor-graph,Hubbard,0.0,37,15,"[[""D"",[0,3,1,2]],[""S"",[0,2]],[""D"",[0,2,1,3]],[""S"",[0,1]],[""S"",[0,3]],[""S"",[0,3]],[""D"",[0,2,1,3]]]",-1.9965077664095072,-2.0,0.003492233590492777,60,2,7,4,3,7
2026-09-v3-pauli-factor-graph,Hubbard,0.0,37,16,"[[""S"",[0,1]],[""D"",[0,2,1,3]],[""S"",[1,2]],[""S"",[1,3]],[""S"",[2,3]],[""D"",[0,1,2,3]],[""D"",[0,1,2,3]]]",-1.9989033185094798,-2.0,0.0010966814905202238,60,2,7,4,3,7
2026-09-v3-pauli-factor-graph,Hubbard,0.0,37,17,"[[""S"",[3,2]],[""S"",[0,1]],[""S"",[0,2]],[""S"",[0,3]],[""S"",[0,3]],[""S"",[0,1]],[""S"",[0,3]]]",-1.9993184826239312,-2.0,0.0006815173760688076,60,2,7,7,0,7
2026-09-v3-pauli-factor-graph,Hubbard,0.0,37,18,"[[""D"",[0,3,1,2]],[""S"",[0,1]],[""S"",[1,2]],[""S"",[0,3]],[""S"",[2,3]],[""S"",[0,2]],[""S"",[0,1]]]",-1.9998479340936346,-2.0,0.00015206590636540618,60,2,7,6,1,7
2026-09-v3-pauli-factor-graph,Hubbard,0.0,37,19,"[[""S"",[3,2]],[""D"",[0,1,2,3]],[""S"",[1,2]],[""S"",[1,3]],[""D"",[0,2,1,3]],[""S"",[0,2]],[""D"",[0,1,2,3]],[""S"",[2,3]]]",-1.9960356768704222,-2.0,0.00396432312957784,60,2,8,5,3,8
2026-09-v3-pauli-factor-graph,Hubbard,0.0,37,20,"[[""S"",[0,1]],[""D"",[0,1,2,3]],[""S"",[1,3]],[""S"",[0,2]],[""D"",[0,1,2,3]],[""S"",[1,3]],[""S"",[1,3]],[""S"",[1,3]]]",-1.4103395956259501,-2.0,0.5896604043740499,60,2,8,6,2,8
2026-09-v3-pauli-factor-graph,Hubbard,0.0,37,21,"[[""D"",[0,3,1,2]],[""S"",[0,1]],[""S"",[0,3]],[""S"",[0,3]]]",-0.999969557871262,-2.0,1.000030442128738,60,2,4,3,1,4
2026-09-v3-pauli-factor-graph,Hubbard,0.0,37,22,"[[""S"",[0,1]],[""S"",[0,3]],[""S"",[0,2]],[""D"",[0,2,1,3]],[""S"",[0,2]],[""S"",[1,3]],[""S"",[0,3]],[""S"",[1,2]]]",-1.4130246330181817,-2.0,0.5869753669818183,60,2,8,7,1,8
2026-09-v3-pauli-factor-graph,Hubbard,0.0,37,23,"[[""S"",[3,2]],[""S"",[0,3]],[""S"",[1,2]],[""D"",[0,1,2,3]],[""D"",[0,1,2,3]]]",-0.9994799758552032,-2.0,1.0005200241447967,60,2,5,3,2,5
2026-09-v3-pauli-factor-graph,Hubbard,0.0,51,0,"[[""D"",[0,3,1,2]],[""D"",[0,2,1,3]],[""S"",[0,3]],[""S"",[0,3]],[""S"",[0,3]]]",0.0,-2.0,2.0,60,2,5,3,2,5
2026-09-v3-pauli-factor-graph,Hubbard,0.0,51,1,"[[""S"",[3,2]],[""D"",[0,1,2,3]],[""D"",[0,1,2,3]],[""D"",[0,2,1,3]]]",-1.4132519266428563,-2.0,0.5867480733571437,60,2,4,1,3,4
2026-09-v3-pauli-factor-graph,Hubbard,0.0,51,2,"[[""S"",[0,1]],[""D"",[0,1,2,3]],[""S"",[1,2]],[""S"",[2,3]]]",-1.9996644961141028,-2.0,0.0003355038858972037,60,2,4,3,1,4
2026-09-v3-pauli-factor-graph,Hubbard,0.0,51,3,"[[""D"",[0,3,1,2]],[""S"",[1,2]],[""D"",[0,1,2,3]],[""S"",[0,1]]]",-0.9999665889086504,-2.0,1.0000334110913496,60,2,4,2,2,4
2026-09-v3-pauli-factor-graph,Hubbard,0.0,51,4,"[[""S"",[0,1]],[""S"",[2,3]],[""S"",[2,3]]]",-1.999130747626948,-2.0,0.0008692523730520207,60,2,3,3,0,3
2026-09-v3-pauli-factor-graph,Hubbard,0.0,51,5,"[[""S"",[3,2]],[""D"",[0,2,1,3]],[""S"",[1,2]],[""S"",[0,2]],[""S"",[0,1]]]",-1.9984729131276195,-2.0,0.0015270868723804565,60,2,5,4,1,5
2026-09-v3-pauli-factor-graph,Hubbard,0.0,51,6,"[[""D"",[0,3,1,2]],[""D"",[0,2,1,3]],[""D"",[0,2,1,3]],[""S"",[1,3]],[""S"",[1,3]]]",0.0,-2.0,2.0,60,2,5,2,3,5
2026-09-v3-pauli-factor-graph,Hubbard,0.0,51,7,"[[""S"",[3,2]],[""S"",[1,3]],[""S"",[1,2]],[""S"",[0,2]],[""S"",[0,3]],[""S"",[0,1]],[""D"",[0,2,1,3]]]",-1.9985006657187403,-2.0,0.001499334281259701,60,2,7,6,1,7
2026-09-v3-pauli-factor-graph,Hubbard,0.0,51,8,"[[""S"",[0,1]],[""S"",[0,3]],[""S"",[1,3]]]",-0.9992786366528147,-2.0,1.0007213633471852,60,2,3,3,0,3
2026-09-v3-pauli-factor-graph,Hubbard,0.0,51,9,"[[""D"",[0,3,1,2]],[""S"",[0,3]],[""S"",[2,3]],[""S"",[1,3]],[""S"",[0,3]]]",-1.9973698779431392,-2.0,0.002630122056860751,60,2,5,4,1,5
2026-09-v3-pauli-factor-graph,Hubbard,0.0,51,10,"[[""S"",[0,1]],[""S"",[1,3]],[""S"",[0,2]],[""S"",[2,3]],[""S"",[2,3]]]",-1.999706518101015,-2.0,0.0002934818989850374,60,2,5,5,0,5
2026-09-v3-pauli-factor-graph,Hubbard,0.0,51,11,"[[""S"",[3,2]],[""S"",[0,1]],[""D"",[0,2,1,3]],[""D"",[0,1,2,3]],[""S"",[1,2]],[""S"",[0,3]],[""S"",[0,2]],[""S"",[0,2]]]",-1.999989266434198,-2.0,1.0733565801945844e-05,60,2,8,6,2,8
2026-09-v3-pauli-factor-graph,Hubbard,0.0,51,12,"[[""D"",[0,3,1,2]],[""S"",[1,2]],[""S"",[1,3]]]",0.0,-2.0,2.0,60,2,3,2,1,3
2026-09-v3-pauli-factor-graph,Hubbard,0.0,51,13,"[[""S"",[3,2]],[""S"",[1,2]],[""D"",[0,2,1,3]],[""S"",[1,3]]]",-1.4139759006139392,-2.0,0.5860240993860608,60,2,4,3,1,4
2026-09-v3-pauli-factor-graph,Hubbard,0.0,51,14,"[[""S"",[0,1]],[""D"",[0,2,1,3]],[""D"",[0,2,1,3]],[""S"",[1,3]]]",-1.4132398334164,-2.0,0.5867601665836,60,2,4,2,2,4
2026-09-v3-pauli-factor-graph,Hubbard,0.0,51,15,"[[""D"",[0,3,1,2]],[""D"",[0,1,2,3]],[""S"",[0,1]],[""D"",[0,1,2,3]],[""S"",[0,1]],[""S"",[0,2]],[""S"",[1,2]]]",-1.9810937749225486,-2.0,0.018906225077451433,60,2,7,4,3,7
2026-09-v3-pauli-factor-graph,Hubbard,0.0,51,16,"[[""S"",[0,1]],[""S"",[0,3]],[""S"",[0,3]],[""D"",[0,1,2,3]],[""S"",[0,1]],[""S"",[1,3]],[""D"",[0,1,2,3]],[""S"",[2,3]]]",-1.9991926914905562,-2.0,0.0008073085094437715,60,2,8,6,2,8
2026-09-v3-pauli-factor-graph,Hubbard,0.0,51,17,"[[""S"",[3,2]],[""S"",[1,3]],[""S"",[0,2]]]",-0.9998916993847965,-2.0,1.0001083006152034,60,2,3,3,0,3
2026-09-v3-pauli-factor-graph,Hubbard,0.0,51,18,"[[""D"",[0,3,1,2]],[""S"",[1,2]],[""S"",[0,1]],[""S"",[0,3]],[""S"",[0,3]],[""D"",[0,1,2,3]],[""D"",[0,1,2,3]],[""S"",[2,3]]]",-1.9999250036525629,-2.0,7.499634743712846e-05,60,2,8,5,3,8
2026-09-v3-pauli-factor-graph,Hubbard,0.0,51,19,"[[""S"",[3,2]],[""S"",[2,3]],[""S"",[1,2]]]",-0.9986155147042088,-2.0,1.0013844852957912,60,2,3,3,0,3
2026-09-v3-pauli-factor-graph,Hubbard,0.0,51,20,"[[""S"",[0,1]],[""S"",[0,1]],[""D"",[0,1,2,3]],[""S"",[0,2]],[""S"",[1,2]],[""S"",[0,1]],[""S"",[1,2]],[""S"",[1,2]]]",-0.9993867073831272,-2.0,1.000613292616873,60,2,8,7,1,8
2026-09-v3-pauli-factor-graph,Hubbard,0.0,51,21,"[[""D"",[0,3,1,2]],[""S"",[2,3]],[""S"",[1,3]],[""D"",[0,2,1,3]],[""S"",[1,2]]]",-1.997324082220468,-2.0,0.002675917779531911,60,2,5,3,2,5
2026-09-v3-pauli-factor-graph,Hubbard,0.0,51,22,"[[""S"",[0,1]],[""S"",[1,2]],[""S"",[1,2]],[""S"",[1,3]],[""S"",[0,1]],[""D"",[0,2,1,3]]]",-1.4132664336258514,-2.0,0.5867335663741486,60,2,6,5,1,6
2026-09-v3-pauli-factor-graph,Hubbard,0.0,51,23,"[[""S"",[3,2]],[""S"",[0,2]],[""S"",[0,1]],[""S"",[0,2]],[""S"",[0,2]],[""S"",[0,2]],[""S"",[1,3]]]",-1.9997926140747435,-2.0,0.00020738592525648691,60,2,7,7,0,7
2026-09-v3-pauli-factor-graph,Hubbard,0.0,79,0,"[[""D"",[0,3,1,2]],[""S"",[0,3]],[""S"",[0,1]],[""S"",[1,3]],[""S"",[0,1]],[""D"",[0,1,2,3]],[""S"",[0,2]],[""S"",[0,2]]]",-0.9995514556016201,-2.0,1.00044854439838,60,2,8,6,2,8
2026-09-v3-pauli-factor-graph,Hubbard,0.0,79,1,"[[""S"",[3,2]],[""S"",[0,3]],[""S"",[2,3]],[""S"",[0,1]],[""S"",[1,3]]]",-1.9996246147636918,-2.0,0.0003753852363082011,60,2,5,5,0,5
2026-09-v3-pauli-factor-graph,Hubbard,0.0,79,2,"[[""S"",[0,1]],[""S"",[1,3]],[""D"",[0,1,2,3]],[""S"",[1,3]],[""S"",[0,1]],[""S"",[0,1]]]",-0.9994661557131191,-2.0,1.0005338442868807,60,2,6,5,1,6
2026-09-v3-pauli-factor-graph,Hubbard,0.0,79,3,"[[""D"",[0,3,1,2]],[""D"",[0,2,1,3]],[""D"",[0,2,1,3]],[""D"",[0,2,1,3]],[""S"",[0,1]],[""S"",[0,1]],[""D"",[0,2,1,3]],[""S"",[0,2]]]",-1.9971112680125942,-2.0,0.0028887319874058015,60,2,8,3,5,8
2026-09-v3-pauli-factor-graph,Hubbard,0.0,79,4,"[[""S"",[0,1]],[""S"",[0,3]],[""S"",[1,2]],[""D"",[0,2,1,3]],[""D"",[0,2,1,3]],[""D"",[0,1,2,3]],[""S"",[0,1]],[""S"",[0,1]]]",-1.99946294210327,-2.0,0.0005370578967300865,60,2,8,5,3,8
2026-09-v3-pauli-factor-graph,Hubbard,0.0,79,5,"[[""S"",[3,2]],[""S"",[0,1]],[""D"",[0,2,1,3]],[""D"",[0,2,1,3]],[""S"",[0,1]]]",-1.9989811321838002,-2.0,0.0010188678161997533,60,2,5,3,2,5
2026-09-v3-pauli-factor-graph,Hubbard,0.0,79,6,"[[""D"",[0,3,1,2]],[""S"",[0,3]],[""D"",[0,2,1,3]],[""S"",[2,3]],[""S"",[2,3]],[""S"",[0,3]]]",-0.9998811644588705,-2.0,1.0001188355411295,60,2,6,4,2,6
2026-09-v3-pauli-factor-graph,Hubbard,0.0,79,7,"[[""S"",[3,2]],[""S"",[1,3]],[""S"",[1,2]]]",-0.9986163900497435,-2.0,1.0013836099502567,60,2,3,3,0,3
2026-09-v3-pauli-factor-graph,Hubbard,0.0,79,8,"[[""S"",[0,1]],[""D"",[0,2,1,3]],[""S"",[0,1]],[""D"",[0,2,1,3]],[""S"",[1,3]],[""D"",[0,1,2,3]],[""S"",[2,3]],[""D"",[0,2,1,3]]]",-1.9992548691364698,-2.0,0.0007451308635302301,60,2,8,4,4,8
2026-09-v3-pauli-factor-graph,Hubbard,0.0,79,9,"[[""D"",[0,3,1,2]],[""S"",[1,3]],[""S"",[0,2]],[""S"",[0,2]],[""S"",[2,3]]]",-0.9999550645314301,-2.0,1.0000449354685699,60,2,5,4,1,5
2026-09-v3-pauli-factor-graph,Hubbard,0.0,79,10,"[[""S"",[0,1]],[""D"",[0,1,2,3]],[""S"",[1,3]],[""S"",[0,2]],[""D"",[0,1,2,3]],[""S"",[0,3]]]",-1.9926391020180672,-2.0,0.007360897981932846,60,2,6,4,2,6
2026-09-v3-pauli-factor-graph,Hubbard,0.0,79,11,"[[""S"",[3,2]],[""D"",[0,2,1,3]],[""S"",[1,3]],[""D"",[0,2,1,3]],[""D"",[0,1,2,3]],[""S"",[0,1]]]",-1.999138838750499,-2.0,0.0008611612495010856,60,2,6,3,3,6
2026-09-v3-pauli-factor-graph,Hubbard,0.0,79,12,"[[""D"",[0,3,1,2]],[""S"",[1,2]],[""D"",[0,1,2,3]],[""S"",[2,3]],[""S"",[1,2]],[""S"",[0,1]],[""S"",[1,3]],[""S"",[0,2]]]",-1.9999611213406459,-2.0,3.8878659354146805e-05,60,2,8,6,2,8
2026-09-v3-pauli-factor-graph,Hubbard,0.0,79,13,"[[""S"",[3,2]],[""D"",[0,1,2,3]],[""D"",[0,1,2,3]]]",-0.99999359348344,-2.0,1.00000640651656,60,2,3,1,2,3
2026-09-v3-pauli-factor-graph,Hubbard,0.0,79,14,"[[""S"",[0,1]],[""S"",[0,1]],[""S"",[0,1]],[""S"",[1,3]],[""D"",[0,1,2,3]]]",-0.9999582167100506,-2.0,1.0000417832899493,60,2,5,4,1,5
2026-09-v3-pauli-factor-graph,Hubbard,0.0,79,15,"[[""D"",[0,3,1,2]],[""S"",[0,1]],[""S"",[1,3]],[""D"",[0,2,1,3]],[""S"",[0,2]],[""D"",[0,1,2,3]]]",-1.995454762797103,-2.0,0.004545237202896901,60,2,6,3,3,6
2026-09-v3-pauli-factor-graph,Hubbard,0.0,79,16,"[[""S"",[0,1]],[""S"",[1,2]],[""D"",[0,1,2,3]],[""S"",[2,3]],[""S"",[1,3]],[""S"",[1,2]],[""S"",[1,3]]]",-1.9999533919253851,-2.0,4.6608074614873374e-05,60,2,7,6,1,7
2026-09-v3-pauli-factor-graph,Hubbard,0.0,79,17,"[[""S"",[3,2]],[""S"",[1,3]],[""S"",[0,2]],[""S"",[1,2]],[""D"",[0,1,2,3]],[""S"",[0,1]],[""S"",[0,1]]]",-1.9987846618399936,-2.0,0.0012153381600064073,60,2,7,6,1,7
2026-09-v3-pauli-factor-graph,Hubbard,0.0,79,18,"[[""D"",[0,3,1,2]],[""S"",[0,1]],[""S"",[0,2]]]",-0.9999664976981474,-2.0,1.0000335023018527,60,2,3,2,1,3
2026-09-v3-pauli-factor-graph,Hubbard,0.0,79,19,"[[""S"",[3,2]],[""S"",[2,3]],[""S"",[0,3]],[""S"",[0,2]]]",-0.9998426255073128,-2.0,1.0001573744926873,60,2,4,4,0,4
2026-09-v3-pauli-factor-graph,Hubbard,0.0,79,20,"[[""S"",[0,1]],[""S"",[0,2]],[""S"",[0,1]],[""D"",[0,2,1,3]],[""S"",[1,2]],[""S"",[0,2]],[""S"",[1,2]],[""S"",[0,2]]]",-1.9978488820035842,-2.0,0.0021511179964157634,60,2,8,7,1,8
2026-09-v3-pauli-factor-graph,Hubbard,0.0,79,21,"[[""D"",[0,3,1,2]],[""S"",[0,3]],[""S"",[0,3]],[""S"",[0,2]],[""D"",[0,1,2,3]],[""S"",[0,2]],[""S"",[1,3]]]",0.0,-2.0,2.0,60,2,7,5,2,7
2026-09-v3-pauli-factor-graph,Hubbard,0.0,79,22,"[[""S"",[0,1]],[""S"",[0,1]],[""S"",[0,2]],[""S"",[1,2]],[""S"",[1,3]],[""S"",[1,2]],[""S"",[0,3]],[""D"",[0,2,1,3]]]",-1.9971638178420326,-2.0,0.0028361821579674373,60,2,8,7,1,8
2026-09-v3-pauli-factor-graph,Hubbard,0.0,79,23,"[[""S"",[3,2]],[""S"",[0,3]],[""S"",[1,2]]]",-0.9999986576545808,-2.0,1.0000013423454193,60,2,3,3,0,3
2026-09-v3-pauli-factor-graph,Hubbard,1.0,11,0,"[[""D"",[0,3,1,2]],[""D"",[0,1,2,3]],[""S"",[1,2]]]",0.0,-1.56155281280883,1.56155281280883,60,2,3,1,2,3
2026-09-v3-pauli-factor-graph,Hubbard,1.0,11,1,"[[""S"",[3,2]],[""S"",[2,3]],[""S"",[0,1]],[""S"",[1,2]],[""S"",[0,2]],[""S"",[1,2]]]",-1.561460936044455,-1.56155281280883,9.187676437516501e-05,60,2,6,6,0,6
2026-09-v3-pauli-factor-graph,Hubbard,1.0,11,2,"[[""S"",[0,1]],[""S"",[0,1]],[""S"",[1,3]],[""S"",[0,2]],[""D"",[0,1,2,3]],[""D"",[0,2,1,3]],[""D"",[0,2,1,3]],[""S"",[1,3]]]",-1.5571075148166955,-1.56155281280883,0.004445297992134556,60,2,8,5,3,8
2026-09-v3-pauli-factor-graph,Hubbard,1.0,11,3,"[[""D"",[0,3,1,2]],[""S"",[0,2]],[""S"",[1,3]],[""S"",[1,2]],[""S"",[2,3]],[""D"",[0,2,1,3]],[""S"",[0,3]],[""D"",[0,1,2,3]]]",-1.5597869635940806,-1.56155281280883,0.0017658492147494265,60,2,8,5,3,8
2026-09-v3-pauli-factor-graph,Hubbard,1.0,11,4,"[[""S"",[0,1]],[""D"",[0,1,2,3]],[""S"",[0,2]]]",-0.6170730198735168,-1.56155281280883,0.9444797929353133,60,2,3,2,1,3
2026-09-v3-pauli-factor-graph,Hubbard,1.0,11,5,"[[""S"",[3,2]],[""S"",[1,3]],[""D"",[0,2,1,3]],[""D"",[0,1,2,3]],[""D"",[0,1,2,3]],[""S"",[1,3]],[""D"",[0,2,1,3]]]",-1.5581501319829227,-1.56155281280883,0.003402680825907334,60,2,7,3,4,7
2026-09-v3-pauli-factor-graph,Hubbard,1.0,11,6,"[[""D"",[0,3,1,2]],[""S"",[0,2]],[""S"",[0,3]],[""S"",[1,3]],[""D"",[0,1,2,3]],[""S"",[1,2]],[""D"",[0,2,1,3]],[""S"",[0,3]]]",-1.5596636914481987,-1.56155281280883,0.0018891213606313517,60,2,8,5,3,8
2026-09-v3-pauli-factor-graph,Hubbard,1.0,11,7,"[[""S"",[3,2]],[""S"",[2,3]],[""S"",[0,2]],[""S"",[1,3]],[""D"",[0,1,2,3]],[""D"",[0,2,1,3]],[""D"",[0,1,2,3]],[""D"",[0,2,1,3]]]",-0.9993295028737804,-1.56155281280883,0.5622233099350497,60,2,8,4,4,8
2026-09-v3-pauli-factor-graph,Hubbard,1.0,11,8,"[[""S"",[0,1]],[""S"",[1,2]],[""S"",[2,3]]]",-1.4975558241863216,-1.56155281280883,0.06399698862250847,60,2,3,3,0,3
2026-09-v3-pauli-factor-graph,Hubbard,1.0,11,9,"[[""D"",[0,3,1,2]],[""S"",[0,1]],[""D"",[0,2,1,3]],[""D"",[0,2,1,3]]]",-1.5599920565945156,-1.56155281280883,0.001560756214314507,60,2,4,1,3,4
2026-09-v3-pauli-factor-graph,Hubbard,1.0,11,10,"[[""S"",[0,1]],[""S"",[0,2]],[""S"",[0,2]],[""D"",[0,1,2,3]]]",-0.6175326997058881,-1.56155281280883,0.944020113102942,60,2,4,3,1,4
2026-09-v3-pauli-factor-graph,Hubbard,1.0,11,11,"[[""S"",[3,2]],[""S"",[0,2]],[""S"",[1,3]],[""D"",[0,2,1,3]],[""D"",[0,2,1,3]],[""S"",[0,2]],[""S"",[1,3]]]",-0.9992241524529875,-1.56155281280883,0.5623286603558426,60,2,7,5,2,7
2026-09-v3-pauli-factor-graph,Hubbard,1.0,11,12,"[[""D"",[0,3,1,2]],[""S"",[0,2]],[""S"",[1,2]]]",-1.5578480782013486,-1.56155281280883,0.0037047346074814413,60,2,3,2,1,3
2026-09-v3-pauli-factor-graph,Hubbard,1.0,11,13,"[[""S"",[3,2]],[""S"",[1,2]],[""S"",[0,3]],[""D"",[0,2,1,3]],[""S"",[2,3]]]",-1.548381482658744,-1.56155281280883,0.01317133015008598,60,2,5,4,1,5
2026-09-v3-pauli-factor-graph,Hubbard,1.0,11,14,"[[""S"",[0,1]],[""S"",[0,3]],[""D"",[0,2,1,3]],[""S"",[0,1]],[""S"",[0,3]],[""S"",[0,2]],[""S"",[0,1]]]",-1.5575911223870307,-1.56155281280883,0.003961690421799391,60,2,7,6,1,7
2026-09-v3-pauli-factor-graph,Hubbard,1.0,11,15,"[[""D"",[0,3,1,2]],[""S"",[1,2]],[""D"",[0,1,2,3]],[""S"",[2,3]],[""D"",[0,1,2,3]],[""S"",[0,1]],[""S"",[1,2]],[""S"",[0,1]]]",-1.5613503735466745,-1.56155281280883,0.00020243926215557373,60,2,8,5,3,8
2026-09-v3-pauli-factor-graph,Hubbard,1.0,11,16,"[[""S"",[0,1]],[""S"",[0,1]],[""S"",[1,3]],[""S"",[0,1]]]",-0.6177463142270346,-1.56155281280883,0.9438064985817954,60,2,4,4,0,4
2026-09-v3-pauli-factor-graph,Hubbard,1.0,11,17,"[[""S"",[3,2]],[""S"",[0,3]],[""S"",[0,3]],[""S"",[0,1]]]",-1.4980756936662982,-1.56155281280883,0.06347711914253185,60,2,4,4,0,4
2026-09-v3-pauli-factor-graph,Hubbard,1.0,11,18,"[[""D"",[0,3,1,2]],[""S"",[1,2]],[""S"",[0,1]],[""S"",[0,1]],[""D"",[0,1,2,3]],[""S"",[0,1]],[""S"",[1,2]]]",-0.6180210963074849,-1.56155281280883,0.9435317165013452,60,2,7,5,2,7
2026-09-v3-pauli-factor-graph,Hubbard,1.0,11,19,"[[""S"",[3,2]],[""S"",[2,3]],[""S"",[2,3]],[""D"",[0,2,1,3]],[""S"",[0,2]]]",-0.9990461036560614,-1.56155281280883,0.5625067091527687,60,2,5,4,1,5
2026-09-v3-pauli-factor-graph,Hubbard,1.0,11,20,"[[""S"",[0,1]],[""S"",[0,2]],[""S"",[1,3]],[""D"",[0,1,2,3]],[""D"",[0,2,1,3]],[""S"",[2,3]],[""S"",[0,1]],[""S"",[1,2]]]",-1.5114354382460093,-1.56155281280883,0.05011737456282073,60,2,8,6,2,8
2026-09-v3-pauli-factor-graph,Hubbard,1.0,11,21,"[[""D"",[0,3,1,2]],[""S"",[0,2]],[""S"",[2,3]],[""S"",[0,1]],[""S"",[2,3]],[""S"",[0,1]],[""S"",[0,3]]]",-1.561155972958856,-1.56155281280883,0.0003968398499740733,60,2,7,6,1,7
2026-09-v3-pauli-factor-graph,Hubbard,1.0,11,22,"[[""S"",[0,1]],[""S"",[2,3]],[""S"",[2,3]],[""S"",[1,2]]]",-1.4984226122070123,-1.56155281280883,0.06313020060181773,60,2,4,4,0,4
2026-09-v3-pauli-factor-graph,Hubbard,1.0,11,23,"[[""S"",[3,2]],[""D"",[0,2,1,3]],[""S"",[0,2]],[""S"",[0,2]]]",-0.9994700110656614,-1.56155281280883,0.5620828017431687,60,2,4,3,1,4
2026-09-v3-pauli-factor-graph,Hubbard,1.0,23,0,"[[""D"",[0,3,1,2]],[""S"",[1,2]],[""S"",[2,3]]]",-0.6177465991336462,-1.56155281280883,0.9438062136751839,60,2,3,2,1,3
2026-09-v3-pauli-factor-graph,Hubbard,1.0,23,1,"[[""S"",[3,2]],[""S"",[1,3]],[""S"",[0,1]],[""S"",[0,1]]]",-1.4989645868208141,-1.56155281280883,0.06258822598801594,60,2,4,4,0,4
2026-09-v3-pauli-factor-graph,Hubbard,1.0,23,2,"[[""S"",[0,1]],[""D"",[0,1,2,3]],[""S"",[1,2]],[""S"",[0,2]],[""S"",[0,2]],[""S"",[0,2]]]",-0.6178573250648106,-1.56155281280883,0.9436954877440195,60,2,6,5,1,6
2026-09-v3-pauli-factor-graph,Hubbard,1.0,23,3,"[[""D"",[0,3,1,2]],[""S"",[2,3]],[""S"",[0,3]],[""S"",[1,2]],[""S"",[0,1]],[""S"",[0,2]],[""S"",[1,2]]]",-1.5611557685760955,-1.56155281280883,0.0003970442327345669,60,2,7,6,1,7
2026-09-v3-pauli-factor-graph,Hubbard,1.0,23,4,"[[""S"",[0,1]],[""S"",[0,1]],[""S"",[1,2]]]",-0.6174524161301512,-1.56155281280883,0.9441003966786788,60,2,3,3,0,3
2026-09-v3-pauli-factor-graph,Hubbard,1.0,23,5,"[[""S"",[3,2]],[""S"",[0,3]],[""S"",[2,3]]]",-0.617370143739504,-1.56155281280883,0.944182669069326,60,2,3,3,0,3
2026-09-v3-pauli-factor-graph,Hubbard,1.0,23,6,"[[""D"",[0,3,1,2]],[""S"",[0,1]],[""S"",[2,3]]]",-1.559541078681001,-1.56155281280883,0.002011734127829179,60,2,3,2,1,3
2026-09-v3-pauli-factor-graph,Hubbard,1.0,23,7,"[[""S"",[3,2]],[""S"",[0,3]],[""S"",[2,3]],[""S"",[0,3]]]",-0.6179117786190619,-1.56155281280883,0.9436410341897682,60,2,4,4,0,4
2026-09-v3-pauli-factor-graph,Hubbard,1.0,23,8,"[[""S"",[0,1]],[""D"",[0,1,2,3]],[""S"",[0,1]],[""D"",[0,2,1,3]],[""S"",[1,2]],[""S"",[0,1]]]",-1.5486554525406722,-1.56155281280883,0.01289736026815791,60,2,6,4,2,6
2026-09-v3-pauli-factor-graph,Hubbard,1.0,23,9,"[[""D"",[0,3,1,2]],[""D"",[0,1,2,3]],[""S"",[0,3]],[""S"",[0,2]]]",0.0,-1.56155281280883,1.56155281280883,60,2,4,2,2,4
2026-09-v3-pauli-factor-graph,Hubbard,1.0,23,10,"[[""S"",[0,1]],[""D"",[0,1,2,3]],[""S"",[0,1]],[""D"",[0,1,2,3]],[""S"",[1,3]],[""D"",[0,2,1,3]]]",-0.9994869119538531,-1.56155281280883,0.562065900854977,60,2,6,3,3,6
2026-09-v3-pauli-factor-graph,Hubbard,1.0,23,11,"[[""S"",[3,2]],[""S"",[0,1]],[""D"",[0,1,2,3]]]",-1.4975501881738802,-1.56155281280883,0.06400262463494988,60,2,3,2,1,3
2026-09-v3-pauli-factor-graph,Hubbard,1.0,23,12,"[[""D"",[0,3,1,2]],[""S"",[0,2]],[""S"",[0,2]],[""S"",[1,3]],[""S"",[0,2]],[""S"",[1,3]],[""S"",[1,2]],[""D"",[0,1,2,3]]]",-1.55827639413245,-1.56155281280883,0.0032764186763800662,60,2,8,6,2,8
2026-09-v3-pauli-factor-graph,Hubbard,1.0,23,13,"[[""S"",[3,2]],[""S"",[1,2]],[""S"",[1,2]],[""S"",[2,3]],[""S"",[0,3]],[""S"",[0,2]],[""S"",[0,3]]]",-0.780465646260561,-1.56155281280883,0.781087166548269,60,2,7,7,0,7
2026-09-v3-pauli-factor-graph,Hubbard,1.0,23,14,"[[""S"",[0,1]],[""S"",[1,2]],[""D"",[0,1,2,3]],[""D"",[0,1,2,3]],[""S"",[0,1]],[""S"",[2,3]],[""S"",[0,1]],[""D"",[0,1,2,3]]]",-1.498191696646339,-1.56155281280883,0.06336111616249096,60,2,8,5,3,8
2026-09-v3-pauli-factor-graph,Hubbard,1.0,23,15,"[[""D"",[0,3,1,2]],[""D"",[0,2,1,3]],[""S"",[0,1]]]",-0.6173549854453658,-1.56155281280883,0.9441978273634642,60,2,3,1,2,3
2026-09-v3-pauli-factor-graph,Hubbard,1.0,23,16,"[[""S"",[0,1]],[""S"",[1,3]],[""S"",[0,3]]]",-0.6177695255778957,-1.56155281280883,0.9437832872309344,60,2,3,3,0,3
2026-09-v3-pauli-factor-graph,Hubbard,1.0,23,17,"[[""S"",[3,2]],[""S"",[0,2]],[""D"",[0,2,1,3]],[""S"",[0,3]],[""S"",[0,3]]]",-0.9993413050624458,-1.56155281280883,0.5622115077463843,60,2,5,4,1,5
2026-09-v3-pauli-factor-graph,Hubbard,1.0,23,18,"[[""D"",[0,3,1,2]],[""S"",[2,3]],[""S"",[0,2]],[""D"",[0,2,1,3]]]",-1.5603603146791405,-1.56155281280883,0.0011924981296895787,60,2,4,2,2,4
2026-09-v3-pauli-factor-graph,Hubbard,1.0,23,19,"[[""S"",[3,2]],[""S"",[0,3]],[""S"",[0,1]],[""S"",[0,2]],[""S"",[0,1]],[""S"",[1,2]]]",-1.499053708832508,-1.56155281280883,0.06249910397632208,60,2,6,6,0,6
2026-09-v3-pauli-factor-graph,Hubbard,1.0,23,20,"[[""S"",[0,1]],[""S"",[0,2]],[""S"",[1,3]],[""S"",[1,3]],[""S"",[1,3]]]",-0.6179602712791367,-1.56155281280883,0.9435925415296934,60,2,5,5,0,5
2026-09-v3-pauli-factor-graph,Hubbard,1.0,23,21,"[[""D"",[0,3,1,2]],[""D"",[0,2,1,3]],[""S"",[1,3]],[""S"",[0,3]],[""S"",[0,1]],[""S"",[1,2]]]",-1.5604561675131063,-1.56155281280883,0.0010966452957237305,60,2,6,4,2,6
2026-09-v3-pauli-factor-graph,Hubbard,1.0,23,22,"[[""S"",[0,1]],[""S"",[2,3]],[""D"",[0,1,2,3]]]",-1.4984322257976666,-1.56155281280883,0.06312058701116352,60,2,3,2,1,3
2026-09-v3-pauli-factor-graph,Hubbard,1.0,23,23,"[[""S"",[3,2]],[""S"",[0,2]],[""S"",[1,3]],[""D"",[0,2,1,3]],[""S"",[1,2]]]",-0.9996694113723303,-1.56155281280883,0.5618834014364997,60,2,5,4,1,5
2026-09-v3-pauli-factor-graph,Hubbard,1.0,37,0,"[[""D"",[0,3,1,2]],[""S"",[2,3]],[""S"",[2,3]]]",-0.6176538438542903,-1.56155281280883,0.9438989689545397,60,2,3,2,1,3
2026-09-v3-pauli-factor-graph,Hubbard,1.0,37,1,"[[""S"",[3,2]],[""D"",[0,2,1,3]],[""S"",[2,3]],[""S"",[0,3]]]",-1.5481058498309206,-1.56155281280883,0.013446962977909482,60,2,4,3,1,4
2026-09-v3-pauli-factor-graph,Hubbard,1.0,37,2,"[[""S"",[0,1]],[""S"",[1,2]],[""D"",[0,2,1,3]],[""D"",[0,2,1,3]]]",-0.9992756809524999,-1.56155281280883,0.5622771318563302,60,2,4,2,2,4
2026-09-v3-pauli-factor-graph,Hubbard,1.0,37,3,"[[""D"",[0,3,1,2]],[""S"",[0,1]],[""S"",[0,2]],[""S"",[1,3]]]",-0.6173560017799871,-1.56155281280883,0.944196811028843,60,2,4,3,1,4
2026-09-v3-pauli-factor-graph,Hubbard,1.0,37,4,"[[""S"",[0,1]],[""D"",[0,1,2,3]],[""S"",[2,3]]]",-1.497726267671086,-1.56155281280883,0.063826545137744,60,2,3,2,1,3
2026-09-v3-pauli-factor-graph,Hubbard,1.0,37,5,"[[""S"",[3,2]],[""S"",[0,2]],[""S"",[1,2]],[""S"",[0,2]],[""S"",[2,3]],[""S"",[2,3]],[""D"",[0,1,2,3]]]",-1.5523025768287229,-1.56155281280883,0.009250235980107213,60,2,7,6,1,7
2026-09-v3-pauli-factor-graph,Hubbard,1.0,37,6,"[[""D"",[0,3,1,2]],[""S"",[0,3]],[""S"",[0,3]],[""S"",[2,3]]]",-0.6171723103267424,-1.56155281280883,0.9443805024820877,60,2,4,3,1,4
2026-09-v3-pauli-factor-graph,Hubbard,1.0,37,7,"[[""S"",[3,2]],[""S"",[0,2]],[""S"",[0,3]],[""S"",[0,3]],[""S"",[1,3]],[""S"",[0,2]]]",-0.618025914570521,-1.56155281280883,0.943526898238309,60,2,6,6,0,6
2026-09-v3-pauli-factor-graph,Hubbard,1.0,37,8,"[[""S"",[0,1]],[""S"",[1,2]],[""S"",[0,3]],[""D"",[0,2,1,3]],[""S"",[1,3]],[""D"",[0,1,2,3]]]",-1.4739690635556975,-1.56155281280883,0.08758374925313261,60,2,6,4,2,6
2026-09-v3-pauli-factor-graph,Hubbard,1.0,37,9,"[[""D"",[0,3,1,2]],[""D"",[0,1,2,3]],[""S"",[0,3]],[""S"",[1,2]],[""S"",[0,1]]]",-0.617198820089812,-1.56155281280883,0.9443539927190181,60,2,5,3,2,5
2026-09-v3-pauli-factor-graph,Hubbard,1.0,37,10,"[[""S"",[0,1]],[""S"",[0,2]],[""S"",[0,1]],[""S"",[2,3]]]",-1.499259425515417,-1.56155281280883,0.06229338729341305,60,2,4,4,0,4
2026-09-v3-pauli-factor-graph,Hubbard,1.0,37,11,"[[""S"",[3,2]],[""D"",[0,1,2,3]],[""D"",[0,1,2,3]],[""S"",[1,2]],[""S"",[1,2]]]",-0.6171561020650586,-1.56155281280883,0.9443967107437715,60,2,5,3,2,5
2026-09-v3-pauli-factor-graph,Hubbard,1.0,37,12,"[[""D"",[0,3,1,2]],[""S"",[0,3]],[""D"",[0,1,2,3]]]",-2.7755575615628914e-17,-1.56155281280883,1.56155281280883,60,2,3,1,2,3
2026-09-v3-pauli-factor-graph,Hubbard,1.0,37,13,"[[""S"",[3,2]],[""S"",[1,3]],[""S"",[1,2]],[""D"",[0,1,2,3]]]",-0.6173088003618243,-1.56155281280883,0.9442440124470057,60,2,4,3,1,4
2026-09-v3-pauli-factor-graph,Hubbard,1.0,37,14,"[[""S"",[0,1]],[""S"",[1,2]],[""S"",[0,1]],[""S"",[0,1]],[""D"",[0,1,2,3]],[""S"",[2,3]],[""S"",[1,2]],[""D"",[0,2,1,3]]]",-1.4989661496698,-1.56155281280883,0.06258666313903016,60,2,8,6,2,8
2026-09-v3-pauli-factor-graph,Hubbard,1.0,37,15,"[[""D"",[0,3,1,2]],[""S"",[0,2]],[""D"",[0,2,1,3]],[""S"",[0,1]],[""S"",[0,3]],[""S"",[0,3]],[""D"",[0,2,1,3]]]",-1.559226736123031,-1.56155281280883,0.0023260766857990944,60,2,7,4,3,7
2026-09-v3-pauli-factor-graph,Hubbard,1.0,37,16,"[[""S"",[0,1]],[""D"",[0,2,1,3]],[""S"",[1,2]],[""S"",[1,3]],[""S"",[2,3]],[""D"",[0,1,2,3]],[""D"",[0,1,2,3]]]",-1.560431467759748,-1.56155281280883,0.001121345049082123,60,2,7,4,3,7
2026-09-v3-pauli-factor-graph,Hubbard,1.0,37,17,"[[""S"",[3,2]],[""S"",[0,1]],[""S"",[0,2]],[""S"",[0,3]],[""S"",[0,3]],[""S"",[0,1]],[""S"",[0,3]]]",-1.498796394300979,-1.56155281280883,0.06275641850785108,60,2,7,7,0,7
2026-09-v3-pauli-factor-graph,Hubbard,1.0,37,18,"[[""D"",[0,3,1,2]],[""S"",[0,1]],[""S"",[1,2]],[""S"",[0,3]],[""S"",[2,3]],[""S"",[0,2]],[""S"",[0,1]]]",-1.5614402108630412,-1.56155281280883,0.00011260194578888161,60,2,7,6,1,7
2026-09-v3-pauli-factor-graph,Hubbard,1.0,37,19,"[[""S"",[3,2]],[""D"",[0,1,2,3]],[""S"",[1,2]],[""S"",[1,3]],[""D"",[0,2,1,3]],[""S"",[0,2]],[""D"",[0,1,2,3]],[""S"",[2,3]]]",-1.5474328476023194,-1.56155281280883,0.01411996520651071,60,2,8,5,3,8
2026-09-v3-pauli-factor-graph,Hubbard,1.0,37,20,"[[""S"",[0,1]],[""D"",[0,1,2,3]],[""S"",[1,3]],[""S"",[0,2]],[""D"",[0,1,2,3]],[""S"",[1,3]],[""S"",[1,3]],[""S"",[1,3]]]",-0.9966150761764307,-1.56155281280883,0.5649377366323993,60,2,8,6,2,8
2026-09-v3-pauli-factor-graph,Hubbard,1.0,37,21,"[[""D"",[0,3,1,2]],[""S"",[0,1]],[""S"",[0,3]],[""S"",[0,3]]]",-0.6179189286049306,-1.56155281280883,0.9436338842038995,60,2,4,3,1,4
2026-09-v3-pauli-factor-graph,Hubbard,1.0,37,22,"[[""S"",[0,1]],[""S"",[0,3]],[""S"",[0,2]],[""D"",[0,2,1,3]],[""S"",[0,2]],[""S"",[1,3]],[""S"",[0,3]],[""S"",[1,2]]]",-0.999376472433084,-1.56155281280883,0.562176340375746,60,2,8,7,1,8
2026-09-v3-pauli-factor-graph,Hubbard,1.0,37,23,"[[""S"",[3,2]],[""S"",[0,3]],[""S"",[1,2]],[""D"",[0,1,2,3]],[""D"",[0,1,2,3]]]",-0.7799777375960208,-1.56155281280883,0.7815750752128092,60,2,5,3,2,5
2026-09-v3-pauli-factor-graph,Hubbard,1.0,51,0,"[[""D"",[0,3,1,2]],[""D"",[0,2,1,3]],[""S"",[0,3]],[""S"",[0,3]],[""S"",[0,3]]]",0.0,-1.56155281280883,1.56155281280883,60,2,5,3,2,5
2026-09-v3-pauli-factor-graph,Hubbard,1.0,51,1,"[[""S"",[3,2]],[""D"",[0,1,2,3]],[""D"",[0,1,2,3]],[""D"",[0,2,1,3]]]",-0.9995310554399337,-1.56155281280883,0.5620217573688964,60,2,4,1,3,4
2026-09-v3-pauli-factor-graph,Hubbard,1.0,51,2,"[[""S"",[0,1]],[""D"",[0,1,2,3]],[""S"",[1,2]],[""S"",[2,3]]]",-1.498408341459989,-1.56155281280883,0.06314447134884116,60,2,4,3,1,4
2026-09-v3-pauli-factor-graph,Hubbard,1.0,51,3,"[[""D"",[0,3,1,2]],[""S"",[1,2]],[""D"",[0,1,2,3]],[""S"",[0,1]]]",-0.6171099973437508,-1.56155281280883,0.9444428154650792,60,2,4,2,2,4
2026-09-v3-pauli-factor-graph,Hubbard,1.0,51,4,"[[""S"",[0,1]],[""S"",[2,3]],[""S"",[2,3]]]",-1.4983836704191413,-1.56155281280883,0.06316914238968874,60,2,3,3,0,3
2026-09-v3-pauli-factor-graph,Hubbard,1.0,51,5,"[[""S"",[3,2]],[""D"",[0,2,1,3]],[""S"",[1,2]],[""S"",[0,2]],[""S"",[0,1]]]",-1.5603798737413679,-1.56155281280883,0.0011729390674621865,60,2,5,4,1,5
2026-09-v3-pauli-factor-graph,Hubbard,1.0,51,6,"[[""D"",[0,3,1,2]],[""D"",[0,2,1,3]],[""D"",[0,2,1,3]],[""S"",[1,3]],[""S"",[1,3]]]",0.0,-1.56155281280883,1.56155281280883,60,2,5,2,3,5
2026-09-v3-pauli-factor-graph,Hubbard,1.0,51,7,"[[""S"",[3,2]],[""S"",[1,3]],[""S"",[1,2]],[""S"",[0,2]],[""S"",[0,3]],[""S"",[0,1]],[""D"",[0,2,1,3]]]",-1.551044482293706,-1.56155281280883,0.01050833051512412,60,2,7,6,1,7
2026-09-v3-pauli-factor-graph,Hubbard,1.0,51,8,"[[""S"",[0,1]],[""S"",[0,3]],[""S"",[1,3]]]",-0.6180323759211871,-1.56155281280883,0.943520436887643,60,2,3,3,0,3
2026-09-v3-pauli-factor-graph,Hubbard,1.0,51,9,"[[""D"",[0,3,1,2]],[""S"",[0,3]],[""S"",[2,3]],[""S"",[1,3]],[""S"",[0,3]]]",-1.5601236289811722,-1.56155281280883,0.0014291838276578872,60,2,5,4,1,5
2026-09-v3-pauli-factor-graph,Hubbard,1.0,51,10,"[[""S"",[0,1]],[""S"",[1,3]],[""S"",[0,2]],[""S"",[2,3]],[""S"",[2,3]]]",-1.4983851791951803,-1.56155281280883,0.06316763361364974,60,2,5,5,0,5
2026-09-v3-pauli-factor-graph,Hubbard,1.0,51,11,"[[""S"",[3,2]],[""S"",[0,1]],[""D"",[0,2,1,3]],[""D"",[0,1,2,3]],[""S"",[1,2]],[""S"",[0,3]],[""S"",[0,2]],[""S"",[0,2]]]",-1.560977285171492,-1.56155281280883,0.0005755276373380358,60,2,8,6,2,8
2026-09-v3-pauli-factor-graph,Hubbard,1.0,51,12,"[[""D"",[0,3,1,2]],[""S"",[1,2]],[""S"",[1,3]]]",-2.7755575615628914e-17,-1.56155281280883,1.56155281280883,60,2,3,2,1,3
2026-09-v3-pauli-factor-graph,Hubbard,1.0,51,13,"[[""S"",[3,2]],[""S"",[1,2]],[""D"",[0,2,1,3]],[""S"",[1,3]]]",-0.9994969230837234,-1.56155281280883,0.5620558897251067,60,2,4,3,1,4
2026-09-v3-pauli-factor-graph,Hubbard,1.0,51,14,"[[""S"",[0,1]],[""D"",[0,2,1,3]],[""D"",[0,2,1,3]],[""S"",[1,3]]]",-0.9994985825606992,-1.56155281280883,0.5620542302481308,60,2,4,2,2,4
2026-09-v3-pauli-factor-graph,Hubbard,1.0,51,15,"[[""D"",[0,3,1,2]],[""D"",[0,1,2,3]],[""S"",[0,1]],[""D"",[0,1,2,3]],[""S"",[0,1]],[""S"",[0,2]],[""S"",[1,2]]]",-1.55570289049369,-1.56155281280883,0.005849922315140033,60,2,7,4,3,7
2026-09-v3-pauli-factor-graph,Hubbard,1.0,51,16,"[[""S"",[0,1]],[""S"",[0,3]],[""S"",[0,3]],[""D"",[0,1,2,3]],[""S"",[0,1]],[""S"",[1,3]],[""D"",[0,1,2,3]],[""S"",[2,3]]]",-1.5279827639322925,-1.56155281280883,0.033570048876537584,60,2,8,6,2,8
2026-09-v3-pauli-factor-graph,Hubbard,1.0,51,17,"[[""S"",[3,2]],[""S"",[1,3]],[""S"",[0,2]]]",-0.6177971904462276,-1.56155281280883,0.9437556223626025,60,2,3,3,0,3
2026-09-v3-pauli-factor-graph,Hubbard,1.0,51,18,"[[""D"",[0,3,1,2]],[""S"",[1,2]],[""S"",[0,1]],[""S"",[0,3]],[""S"",[0,3]],[""D"",[0,1,2,3]],[""D"",[0,1,2,3]],[""S"",[2,3]]]",-1.5601893208548157,-1.56155281280883,0.0013634919540144175,60,2,8,5,3,8
2026-09-v3-pauli-factor-graph,Hubbard,1.0,51,19,"[[""S"",[3,2]],[""S"",[2,3]],[""S"",[1,2]]]",-0.6173415901883517,-1.56155281280883,0.9442112226204784,60,2,3,3,0,3
2026-09-v3-pauli-factor-graph,Hubbard,1.0,51,20,"[[""S"",[0,1]],[""S"",[0,1]],[""D"",[0,1,2,3]],[""S"",[0,2]],[""S"",[1,2]],[""S"",[0,1]],[""S"",[1,2]],[""S"",[1,2]]]",-0.6176277801952176,-1.56155281280883,0.9439250326136125,60,2,8,7,1,8
2026-09-v3-pauli-factor-graph,Hubbard,1.0,51,21,"[[""D"",[0,3,1,2]],[""S"",[2,3]],[""S"",[1,3]],[""D"",[0,2,1,3]],[""S"",[1,2]]]",-1.5612802275948325,-1.56155281280883,0.00027258521399753377,60,2,5,3,2,5
2026-09-v3-pauli-factor-graph,Hubbard,1.0,51,22,"[[""S"",[0,1]],[""S"",[1,2]],[""S"",[1,2]],[""S"",[1,3]],[""S"",[0,1]],[""D"",[0,2,1,3]]]",-0.9995193791158941,-1.56155281280883,0.562033433692936,60,2,6,5,1,6
2026-09-v3-pauli-factor-graph,Hubbard,1.0,51,23,"[[""S"",[3,2]],[""S"",[0,2]],[""S"",[0,1]],[""S"",[0,2]],[""S"",[0,2]],[""S"",[0,2]],[""S"",[1,3]]]",-1.4975871921786925,-1.56155281280883,0.06396562063013755,60,2,7,7,0,7
2026-09-v3-pauli-factor-graph,Hubbard,1.0,79,0,"[[""D"",[0,3,1,2]],[""S"",[0,3]],[""S"",[0,1]],[""S"",[1,3]],[""S"",[0,1]],[""D"",[0,1,2,3]],[""S"",[0,2]],[""S"",[0,2]]]",-0.6175583929426036,-1.56155281280883,0.9439944198662265,60,2,8,6,2,8
2026-09-v3-pauli-factor-graph,Hubbard,1.0,79,1,"[[""S"",[3,2]],[""S"",[0,3]],[""S"",[2,3]],[""S"",[0,1]],[""S"",[1,3]]]",-1.4992669286887477,-1.56155281280883,0.0622858841200824,60,2,5,5,0,5
2026-09-v3-pauli-factor-graph,Hubbard,1.0,79,2,"[[""S"",[0,1]],[""S"",[1,3]],[""D"",[0,1,2,3]],[""S"",[1,3]],[""S"",[0,1]],[""S"",[0,1]]]",-0.6171233135635106,-1.56155281280883,0.9444294992453195,60,2,6,5,1,6
2026-09-v3-pauli-factor-graph,Hubbard,1.0,79,3,"[[""D"",[0,3,1,2]],[""D"",[0,2,1,3]],[""D"",[0,2,1,3]],[""D"",[0,2,1,3]],[""S"",[0,1]],[""S"",[0,1]],[""D"",[0,2,1,3]],[""S"",[0,2]]]",-1.559258316112623,-1.56155281280883,0.002294496696207071,60,2,8,3,5,8
2026-09-v3-pauli-factor-graph,Hubbard,1.0,79,4,"[[""S"",[0,1]],[""S"",[0,3]],[""S"",[1,2]],[""D"",[0,2,1,3]],[""D"",[0,2,1,3]],[""D"",[0,1,2,3]],[""S"",[0,1]],[""S"",[0,1]]]",-1.5599621360441485,-1.56155281280883,0.001590676764681609,60,2,8,5,3,8
2026-09-v3-pauli-factor-graph,Hubbard,1.0,79,5,"[[""S"",[3,2]],[""S"",[0,1]],[""D"",[0,2,1,3]],[""D"",[0,2,1,3]],[""S"",[0,1]]]",-1.5603700579608202,-1.56155281280883,0.0011827548480098926,60,2,5,3,2,5
2026-09-v3-pauli-factor-graph,Hubbard,1.0,79,6,"[[""D"",[0,3,1,2]],[""S"",[0,3]],[""D"",[0,2,1,3]],[""S"",[2,3]],[""S"",[2,3]],[""S"",[0,3]]]",-0.6179538419482219,-1.56155281280883,0.9435989708606082,60,2,6,4,2,6
2026-09-v3-pauli-factor-graph,Hubbard,1.0,79,7,"[[""S"",[3,2]],[""S"",[1,3]],[""S"",[1,2]]]",-0.6171063882308754,-1.56155281280883,0.9444464245779547,60,2,3,3,0,3
2026-09-v3-pauli-factor-graph,Hubbard,1.0,79,8,"[[""S"",[0,1]],[""D"",[0,2,1,3]],[""S"",[0,1]],[""D"",[0,2,1,3]],[""S"",[1,3]],[""D"",[0,1,2,3]],[""S"",[2,3]],[""D"",[0,2,1,3]]]",-1.5612611384745263,-1.56155281280883,0.0002916743343037709,60,2,8,4,4,8
2026-09-v3-pauli-factor-graph,Hubbard,1.0,79,9,"[[""D"",[0,3,1,2]],[""S"",[1,3]],[""S"",[0,2]],[""S"",[0,2]],[""S"",[2,3]]]",-0.6176570301525669,-1.56155281280883,0.9438957826562632,60,2,5,4,1,5
2026-09-v3-pauli-factor-graph,Hubbard,1.0,79,10,"[[""S"",[0,1]],[""D"",[0,1,2,3]],[""S"",[1,3]],[""S"",[0,2]],[""D"",[0,1,2,3]],[""S"",[0,3]]]",-1.492292004800324,-1.56155281280883,0.06926080800850598,60,2,6,4,2,6
2026-09-v3-pauli-factor-graph,Hubbard,1.0,79,11,"[[""S"",[3,2]],[""D"",[0,2,1,3]],[""S"",[1,3]],[""D"",[0,2,1,3]],[""D"",[0,1,2,3]],[""S"",[0,1]]]",-1.5603453357907946,-1.56155281280883,0.0012074770180354744,60,2,6,3,3,6
2026-09-v3-pauli-factor-graph,Hubbard,1.0,79,12,"[[""D"",[0,3,1,2]],[""S"",[1,2]],[""D"",[0,1,2,3]],[""S"",[2,3]],[""S"",[1,2]],[""S"",[0,1]],[""S"",[1,3]],[""S"",[0,2]]]",-1.5601407069022606,-1.56155281280883,0.001412105906569483,60,2,8,6,2,8
2026-09-v3-pauli-factor-graph,Hubbard,1.0,79,13,"[[""S"",[3,2]],[""D"",[0,1,2,3]],[""D"",[0,1,2,3]]]",-0.6174839609425053,-1.56155281280883,0.9440688518663247,60,2,3,1,2,3
2026-09-v3-pauli-factor-graph,Hubbard,1.0,79,14,"[[""S"",[0,1]],[""S"",[0,1]],[""S"",[0,1]],[""S"",[1,3]],[""D"",[0,1,2,3]]]",-0.617881701011012,-1.56155281280883,0.943671111797818,60,2,5,4,1,5
2026-09-v3-pauli-factor-graph,Hubbard,1.0,79,15,"[[""D"",[0,3,1,2]],[""S"",[0,1]],[""S"",[1,3]],[""D"",[0,2,1,3]],[""S"",[0,2]],[""D"",[0,1,2,3]]]",-1.559290337543195,-1.56155281280883,0.0022624752656350555,60,2,6,3,3,6
2026-09-v3-pauli-factor-graph,Hubbard,1.0,79,16,"[[""S"",[0,1]],[""S"",[1,2]],[""D"",[0,1,2,3]],[""S"",[2,3]],[""S"",[1,3]],[""S"",[1,2]],[""S"",[1,3]]]",-1.5608895879502798,-1.56155281280883,0.0006632248585503042,60,2,7,6,1,7
2026-09-v3-pauli-factor-graph,Hubbard,1.0,79,17,"[[""S"",[3,2]],[""S"",[1,3]],[""S"",[0,2]],[""S"",[1,2]],[""D"",[0,1,2,3]],[""S"",[0,1]],[""S"",[0,1]]]",-1.5461560010421576,-1.56155281280883,0.015396811766672513,60,2,7,6,1,7
2026-09-v3-pauli-factor-graph,Hubbard,1.0,79,18,"[[""D"",[0,3,1,2]],[""S"",[0,1]],[""S"",[0,2]]]",-0.6175869757328031,-1.56155281280883,0.943965837076027,60,2,3,2,1,3
2026-09-v3-pauli-factor-graph,Hubbard,1.0,79,19,"[[""S"",[3,2]],[""S"",[2,3]],[""S"",[0,3]],[""S"",[0,2]]]",-0.6173730475079655,-1.56155281280883,0.9441797653008646,60,2,4,4,0,4
2026-09-v3-pauli-factor-graph,Hubbard,1.0,79,20,"[[""S"",[0,1]],[""S"",[0,2]],[""S"",[0,1]],[""D"",[0,2,1,3]],[""S"",[1,2]],[""S"",[0,2]],[""S"",[1,2]],[""S"",[0,2]]]",-1.5612949362818958,-1.56155281280883,0.00025787652693431973,60,2,8,7,1,8
2026-09-v3-pauli-factor-graph,Hubbard,1.0,79,21,"[[""D"",[0,3,1,2]],[""S"",[0,3]],[""S"",[0,3]],[""S"",[0,2]],[""D"",[0,1,2,3]],[""S"",[0,2]],[""S"",[1,3]]]",-2.7755575615628914e-17,-1.56155281280883,1.56155281280883,60,2,7,5,2,7
2026-09-v3-pauli-factor-graph,Hubbard,1.0,79,22,"[[""S"",[0,1]],[""S"",[0,1]],[""S"",[0,2]],[""S"",[1,2]],[""S"",[1,3]],[""S"",[1,2]],[""S"",[0,3]],[""D"",[0,2,1,3]]]",-1.493991495556936,-1.56155281280883,0.06756131725189407,60,2,8,7,1,8
2026-09-v3-pauli-factor-graph,Hubbard,1.0,79,23,"[[""S"",[3,2]],[""S"",[0,3]],[""S"",[1,2]]]",-0.7799015904118991,-1.56155281280883,0.781651222396931,60,2,3,3,0,3
2026-09-v3-pauli-factor-graph,Hubbard,2.0,11,0,"[[""D"",[0,3,1,2]],[""D"",[0,1,2,3]],[""S"",[1,2]]]",0.0,-1.2360679774997896,1.2360679774997896,60,2,3,1,2,3
2026-09-v3-pauli-factor-graph,Hubbard,2.0,11,1,"[[""S"",[3,2]],[""S"",[2,3]],[""S"",[0,1]],[""S"",[1,2]],[""S"",[0,2]],[""S"",[1,2]]]",-1.2350764856766574,-1.2360679774997896,0.0009914918231321845,60,2,6,6,0,6
2026-09-v3-pauli-factor-graph,Hubbard,2.0,11,2,"[[""S"",[0,1]],[""S"",[0,1]],[""S"",[1,3]],[""S"",[0,2]],[""D"",[0,1,2,3]],[""D"",[0,2,1,3]],[""D"",[0,2,1,3]],[""S"",[1,3]]]",-1.2327049775135404,-1.2360679774997896,0.0033629999862492266,60,2,8,5,3,8
2026-09-v3-pauli-factor-graph,Hubbard,2.0,11,3,"[[""D"",[0,3,1,2]],[""S"",[0,2]],[""S"",[1,3]],[""S"",[1,2]],[""S"",[2,3]],[""D"",[0,2,1,3]],[""S"",[0,3]],[""D"",[0,1,2,3]]]",-1.2347617117379825,-1.2360679774997896,0.001306265761807035,60,2,8,5,3,8
2026-09-v3-pauli-factor-graph,Hubbard,2.0,11,4,"[[""S"",[0,1]],[""D"",[0,1,2,3]],[""S"",[0,2]]]",-0.41381718824766045,-1.2360679774997896,0.8222507892521291,60,2,3,2,1,3
2026-09-v3-pauli-factor-graph,Hubbard,2.0,11,5,"[[""S"",[3,2]],[""S"",[1,3]],[""D"",[0,2,1,3]],[""D"",[0,1,2,3]],[""D"",[0,1,2,3]],[""S"",[1,3]],[""D"",[0,2,1,3]]]",-1.2358040113114934,-1.2360679774997896,0.0002639661882961608,60,2,7,3,4,7
2026-09-v3-pauli-factor-graph,Hubbard,2.0,11,6,"[[""D"",[0,3,1,2]],[""S"",[0,2]],[""S"",[0,3]],[""S"",[1,3]],[""D"",[0,1,2,3]],[""S"",[1,2]],[""D"",[0,2,1,3]],[""S"",[0,3]]]",-1.234554773104705,-1.2360679774997896,0.0015132043950845109,60,2,8,5,3,8
2026-09-v3-pauli-factor-graph,Hubbard,2.0,11,7,"[[""S"",[3,2]],[""S"",[2,3]],[""S"",[0,2]],[""S"",[1,3]],[""D"",[0,1,2,3]],[""D"",[0,2,1,3]],[""D"",[0,1,2,3]],[""D"",[0,2,1,3]]]",-0.7320221562728657,-1.2360679774997896,0.5040458212269239,60,2,8,4,4,8
2026-09-v3-pauli-factor-graph,Hubbard,2.0,11,8,"[[""S"",[0,1]],[""S"",[1,2]],[""S"",[2,3]]]",-0.9997226869738038,-1.2360679774997896,0.23634529052598574,60,2,3,3,0,3
2026-09-v3-pauli-factor-graph,Hubbard,2.0,11,9,"[[""D"",[0,3,1,2]],[""S"",[0,1]],[""D"",[0,2,1,3]],[""D"",[0,2,1,3]]]",-1.2337866388388514,-1.2360679774997896,0.002281338660938159,60,2,4,1,3,4
2026-09-v3-pauli-factor-graph,Hubbard,2.0,11,10,"[[""S"",[0,1]],[""S"",[0,2]],[""S"",[0,2]],[""D"",[0,1,2,3]]]",-0.4141276152708566,-1.2360679774997896,0.821940362228933,60,2,4,3,1,4
2026-09-v3-pauli-factor-graph,Hubbard,2.0,11,11,"[[""S"",[3,2]],[""S"",[0,2]],[""S"",[1,3]],[""D"",[0,2,1,3]],[""D"",[0,2,1,3]],[""S"",[0,2]],[""S"",[1,3]]]",-0.7313540655391237,-1.2360679774997896,0.5047139119606658,60,2,7,5,2,7
2026-09-v3-pauli-factor-graph,Hubbard,2.0,11,12,"[[""D"",[0,3,1,2]],[""S"",[0,2]],[""S"",[1,2]]]",-1.2322887722299924,-1.2360679774997896,0.0037792052697971368,60,2,3,2,1,3
2026-09-v3-pauli-factor-graph,Hubbard,2.0,11,13,"[[""S"",[3,2]],[""S"",[1,2]],[""S"",[0,3]],[""D"",[0,2,1,3]],[""S"",[2,3]]]",-1.2322729615113208,-1.2360679774997896,0.003795015988468764,60,2,5,4,1,5
2026-09-v3-pauli-factor-graph,Hubbard,2.0,11,14,"[[""S"",[0,1]],[""S"",[0,3]],[""D"",[0,2,1,3]],[""S"",[0,1]],[""S"",[0,3]],[""S"",[0,2]],[""S"",[0,1]]]",-1.2260114713608317,-1.2360679774997896,0.010056506138957921,60,2,7,6,1,7
2026-09-v3-pauli-factor-graph,Hubbard,2.0,11,15,"[[""D"",[0,3,1,2]],[""S"",[1,2]],[""D"",[0,1,2,3]],[""S"",[2,3]],[""D"",[0,1,2,3]],[""S"",[0,1]],[""S"",[1,2]],[""S"",[0,1]]]",-1.235196685306824,-1.2360679774997896,0.000871292192965667,60,2,8,5,3,8
2026-09-v3-pauli-factor-graph,Hubbard,2.0,11,16,"[[""S"",[0,1]],[""S"",[0,1]],[""S"",[1,3]],[""S"",[0,1]]]",-0.41413260033544486,-1.2360679774997896,0.8219353771643447,60,2,4,4,0,4
2026-09-v3-pauli-factor-graph,Hubbard,2.0,11,17,"[[""S"",[3,2]],[""S"",[0,3]],[""S"",[0,3]],[""S"",[0,1]]]",-0.9996757105789595,-1.2360679774997896,0.23639226692083004,60,2,4,4,0,4
2026-09-v3-pauli-factor-graph,Hubbard,2.0,11,18,"[[""D"",[0,3,1,2]],[""S"",[1,2]],[""S"",[0,1]],[""S"",[0,1]],[""D"",[0,1,2,3]],[""S"",[0,1]],[""S"",[1,2]]]",-0.4139807903658348,-1.2360679774997896,0.8220871871339548,60,2,7,5,2,7
2026-09-v3-pauli-factor-graph,Hubbard,2.0,11,19,"[[""S"",[3,2]],[""S"",[2,3]],[""S"",[2,3]],[""D"",[0,2,1,3]],[""S"",[0,2]]]",-0.731475866410717,-1.2360679774997896,0.5045921110890725,60,2,5,4,1,5
2026-09-v3-pauli-factor-graph,Hubbard,2.0,11,20,"[[""S"",[0,1]],[""S"",[0,2]],[""S"",[1,3]],[""D"",[0,1,2,3]],[""D"",[0,2,1,3]],[""S"",[2,3]],[""S"",[0,1]],[""S"",[1,2]]]",-1.2302671534318717,-1.2360679774997896,0.005800824067917931,60,2,8,6,2,8
2026-09-v3-pauli-factor-graph,Hubbard,2.0,11,21,"[[""D"",[0,3,1,2]],[""S"",[0,2]],[""S"",[2,3]],[""S"",[0,1]],[""S"",[2,3]],[""S"",[0,1]],[""S"",[0,3]]]",-1.2352815625682456,-1.2360679774997896,0.0007864149315439661,60,2,7,6,1,7
2026-09-v3-pauli-factor-graph,Hubbard,2.0,11,22,"[[""S"",[0,1]],[""S"",[2,3]],[""S"",[2,3]],[""S"",[1,2]]]",-0.9998511330461223,-1.2360679774997896,0.2362168444536673,60,2,4,4,0,4
2026-09-v3-pauli-factor-graph,Hubbard,2.0,11,23,"[[""S"",[3,2]],[""D"",[0,2,1,3]],[""S"",[0,2]],[""S"",[0,2]]]",-0.7308031208602377,-1.2360679774997896,0.5052648566395519,60,2,4,3,1,4
2026-09-v3-pauli-factor-graph,Hubbard,2.0,23,0,"[[""D"",[0,3,1,2]],[""S"",[1,2]],[""S"",[2,3]]]",-0.4139262814477537,-1.2360679774997896,0.8221416960520359,60,2,3,2,1,3
2026-09-v3-pauli-factor-graph,Hubbard,2.0,23,1,"[[""S"",[3,2]],[""S"",[1,3]],[""S"",[0,1]],[""S"",[0,1]]]",-0.9995117439808969,-1.2360679774997896,0.23655623351889266,60,2,4,4,0,4
2026-09-v3-pauli-factor-graph,Hubbard,2.0,23,2,"[[""S"",[0,1]],[""D"",[0,1,2,3]],[""S"",[1,2]],[""S"",[0,2]],[""S"",[0,2]],[""S"",[0,2]]]",-0.4142128600297006,-1.2360679774997896,0.821855117470089,60,2,6,5,1,6
2026-09-v3-pauli-factor-graph,Hubbard,2.0,23,3,"[[""D"",[0,3,1,2]],[""S"",[2,3]],[""S"",[0,3]],[""S"",[1,2]],[""S"",[0,1]],[""S"",[0,2]],[""S"",[1,2]]]",-1.236017652138245,-1.2360679774997896,5.032536154447875e-05,60,2,7,6,1,7
2026-09-v3-pauli-factor-graph,Hubbard,2.0,23,4,"[[""S"",[0,1]],[""S"",[0,1]],[""S"",[1,2]]]",-0.4141006908719286,-1.2360679774997896,0.821967286627861,60,2,3,3,0,3
2026-09-v3-pauli-factor-graph,Hubbard,2.0,23,5,"[[""S"",[3,2]],[""S"",[0,3]],[""S"",[2,3]]]",-0.41417830862146815,-1.2360679774997896,0.8218896688783215,60,2,3,3,0,3
2026-09-v3-pauli-factor-graph,Hubbard,2.0,23,6,"[[""D"",[0,3,1,2]],[""S"",[0,1]],[""S"",[2,3]]]",-1.2350737620390886,-1.2360679774997896,0.0009942154607009979,60,2,3,2,1,3
2026-09-v3-pauli-factor-graph,Hubbard,2.0,23,7,"[[""S"",[3,2]],[""S"",[0,3]],[""S"",[2,3]],[""S"",[0,3]]]",-0.4141252777660644,-1.2360679774997896,0.8219426997337251,60,2,4,4,0,4
2026-09-v3-pauli-factor-graph,Hubbard,2.0,23,8,"[[""S"",[0,1]],[""D"",[0,1,2,3]],[""S"",[0,1]],[""D"",[0,2,1,3]],[""S"",[1,2]],[""S"",[0,1]]]",-1.2339801749067965,-1.2360679774997896,0.0020878025929931265,60,2,6,4,2,6
2026-09-v3-pauli-factor-graph,Hubbard,2.0,23,9,"[[""D"",[0,3,1,2]],[""D"",[0,1,2,3]],[""S"",[0,3]],[""S"",[0,2]]]",0.0,-1.2360679774997896,1.2360679774997896,60,2,4,2,2,4
2026-09-v3-pauli-factor-graph,Hubbard,2.0,23,10,"[[""S"",[0,1]],[""D"",[0,1,2,3]],[""S"",[0,1]],[""D"",[0,1,2,3]],[""S"",[1,3]],[""D"",[0,2,1,3]]]",-0.7319944363826953,-1.2360679774997896,0.5040735411170942,60,2,6,3,3,6
2026-09-v3-pauli-factor-graph,Hubbard,2.0,23,11,"[[""S"",[3,2]],[""S"",[0,1]],[""D"",[0,1,2,3]]]",-0.9997147242991434,-1.2360679774997896,0.23635325320064615,60,2,3,2,1,3
2026-09-v3-pauli-factor-graph,Hubbard,2.0,23,12,"[[""D"",[0,3,1,2]],[""S"",[0,2]],[""S"",[0,2]],[""S"",[1,3]],[""S"",[0,2]],[""S"",[1,3]],[""S"",[1,2]],[""D"",[0,1,2,3]]]",-1.2334537173417002,-1.2360679774997896,0.00261426015808941,60,2,8,6,2,8
2026-09-v3-pauli-factor-graph,Hubbard,2.0,23,13,"[[""S"",[3,2]],[""S"",[1,2]],[""S"",[1,2]],[""S"",[2,3]],[""S"",[0,3]],[""S"",[0,2]],[""S"",[0,3]]]",-0.6180218990796684,-1.2360679774997896,0.6180460784201212,60,2,7,7,0,7
2026-09-v3-pauli-factor-graph,Hubbard,2.0,23,14,"[[""S"",[0,1]],[""S"",[1,2]],[""D"",[0,1,2,3]],[""D"",[0,1,2,3]],[""S"",[0,1]],[""S"",[2,3]],[""S"",[0,1]],[""D"",[0,1,2,3]]]",-0.9994828239554672,-1.2360679774997896,0.2365851535443224,60,2,8,5,3,8
2026-09-v3-pauli-factor-graph,Hubbard,2.0,23,15,"[[""D"",[0,3,1,2]],[""D"",[0,2,1,3]],[""S"",[0,1]]]",-0.41366828889537643,-1.2360679774997896,0.8223996886044131,60,2,3,1,2,3
2026-09-v3-pauli-factor-graph,Hubbard,2.0,23,16,"[[""S"",[0,1]],[""S"",[1,3]],[""S"",[0,3]]]",-0.4139756817615051,-1.2360679774997896,0.8220922957382845,60,2,3,3,0,3
2026-09-v3-pauli-factor-graph,Hubbard,2.0,23,17,"[[""S"",[3,2]],[""S"",[0,2]],[""D"",[0,2,1,3]],[""S"",[0,3]],[""S"",[0,3]]]",-0.7310334642947597,-1.2360679774997896,0.5050345132050299,60,2,5,4,1,5
2026-09-v3-pauli-factor-graph,Hubbard,2.0,23,18,"[[""D"",[0,3,1,2]],[""S"",[2,3]],[""S"",[0,2]],[""D"",[0,2,1,3]]]",-1.2351856637979859,-1.2360679774997896,0.0008823137018036942,60,2,4,2,2,4
2026-09-v3-pauli-factor-graph,Hubbard,2.0,23,19,"[[""S"",[3,2]],[""S"",[0,3]],[""S"",[0,1]],[""S"",[0,2]],[""S"",[0,1]],[""S"",[1,2]]]",-0.9996235796581324,-1.2360679774997896,0.23644439784165716,60,2,6,6,0,6
2026-09-v3-pauli-factor-graph,Hubbard,2.0,23,20,"[[""S"",[0,1]],[""S"",[0,2]],[""S"",[1,3]],[""S"",[1,3]],[""S"",[1,3]]]",-0.4141607956450929,-1.2360679774997896,0.8219071818546967,60,2,5,5,0,5
2026-09-v3-pauli-factor-graph,Hubbard,2.0,23,21,"[[""D"",[0,3,1,2]],[""D"",[0,2,1,3]],[""S"",[1,3]],[""S"",[0,3]],[""S"",[0,1]],[""S"",[1,2]]]",-1.2336714708477716,-1.2360679774997896,0.00239650665201796,60,2,6,4,2,6
2026-09-v3-pauli-factor-graph,Hubbard,2.0,23,22,"[[""S"",[0,1]],[""S"",[2,3]],[""D"",[0,1,2,3]]]",-0.9996940198484121,-1.2360679774997896,0.23637395765137748,60,2,3,2,1,3
2026-09-v3-pauli-factor-graph,Hubbard,2.0,23,23,"[[""S"",[3,2]],[""S"",[0,2]],[""S"",[1,3]],[""D"",[0,2,1,3]],[""S"",[1,2]]]",-0.7316527181433228,-1.2360679774997896,0.5044152593564668,60,2,5,4,1,5
2026-09-v3-pauli-factor-graph,Hubbard,2.0,37,0,"[[""D"",[0,3,1,2]],[""S"",[2,3]],[""S"",[2,3]]]",-0.41416937569169054,-1.2360679774997896,0.821898601808099,60,2,3,2,1,3
2026-09-v3-pauli-factor-graph,Hubbard,2.0,37,1,"[[""S"",[3,2]],[""D"",[0,2,1,3]],[""S"",[2,3]],[""S"",[0,3]]]",-1.2028682984578807,-1.2360679774997896,0.0331996790419089,60,2,4,3,1,4
2026-09-v3-pauli-factor-graph,Hubbard,2.0,37,2,"[[""S"",[0,1]],[""S"",[1,2]],[""D"",[0,2,1,3]],[""D"",[0,2,1,3]]]",-0.7312413823609554,-1.2360679774997896,0.5048265951388342,60,2,4,2,2,4
2026-09-v3-pauli-factor-graph,Hubbard,2.0,37,3,"[[""D"",[0,3,1,2]],[""S"",[0,1]],[""S"",[0,2]],[""S"",[1,3]]]",-0.41401201766361606,-1.2360679774997896,0.8220559598361735,60,2,4,3,1,4
2026-09-v3-pauli-factor-graph,Hubbard,2.0,37,4,"[[""S"",[0,1]],[""D"",[0,1,2,3]],[""S"",[2,3]]]",-0.9997158867436815,-1.2360679774997896,0.23635209075610808,60,2,3,2,1,3
2026-09-v3-pauli-factor-graph,Hubbard,2.0,37,5,"[[""S"",[3,2]],[""S"",[0,2]],[""S"",[1,2]],[""S"",[0,2]],[""S"",[2,3]],[""S"",[2,3]],[""D"",[0,1,2,3]]]",-1.2312788347022812,-1.2360679774997896,0.004789142797508417,60,2,7,6,1,7
2026-09-v3-pauli-factor-graph,Hubbard,2.0,37,6,"[[""D"",[0,3,1,2]],[""S"",[0,3]],[""S"",[0,3]],[""S"",[2,3]]]",-0.41377280056839627,-1.2360679774997896,0.8222951769313933,60,2,4,3,1,4
2026-09-v3-pauli-factor-graph,Hubbard,2.0,37,7,"[[""S"",[3,2]],[""S"",[0,2]],[""S"",[0,3]],[""S"",[0,3]],[""S"",[1,3]],[""S"",[0,2]]]",-0.4142025362232489,-1.2360679774997896,0.8218654412765407,60,2,6,6,0,6
2026-09-v3-pauli-factor-graph,Hubbard,2.0,37,8,"[[""S"",[0,1]],[""S"",[1,2]],[""S"",[0,3]],[""D"",[0,2,1,3]],[""S"",[1,3]],[""D"",[0,1,2,3]]]",-0.9896536796709662,-1.2360679774997896,0.2464142978288234,60,2,6,4,2,6
2026-09-v3-pauli-factor-graph,Hubbard,2.0,37,9,"[[""D"",[0,3,1,2]],[""D"",[0,1,2,3]],[""S"",[0,3]],[""S"",[1,2]],[""S"",[0,1]]]",-0.41378247301269183,-1.2360679774997896,0.8222855044870978,60,2,5,3,2,5
2026-09-v3-pauli-factor-graph,Hubbard,2.0,37,10,"[[""S"",[0,1]],[""S"",[0,2]],[""S"",[0,1]],[""S"",[2,3]]]",-0.999645850523915,-1.2360679774997896,0.2364221269758746,60,2,4,4,0,4
2026-09-v3-pauli-factor-graph,Hubbard,2.0,37,11,"[[""S"",[3,2]],[""D"",[0,1,2,3]],[""D"",[0,1,2,3]],[""S"",[1,2]],[""S"",[1,2]]]",-0.41392417483861926,-1.2360679774997896,0.8221438026611703,60,2,5,3,2,5
2026-09-v3-pauli-factor-graph,Hubbard,2.0,37,12,"[[""D"",[0,3,1,2]],[""S"",[0,3]],[""D"",[0,1,2,3]]]",-5.551115123125783e-17,-1.2360679774997896,1.2360679774997896,60,2,3,1,2,3
2026-09-v3-pauli-factor-graph,Hubbard,2.0,37,13,"[[""S"",[3,2]],[""S"",[1,3]],[""S"",[1,2]],[""D"",[0,1,2,3]]]",-0.41412124438117903,-1.2360679774997896,0.8219467331186106,60,2,4,3,1,4
2026-09-v3-pauli-factor-graph,Hubbard,2.0,37,14,"[[""S"",[0,1]],[""S"",[1,2]],[""S"",[0,1]],[""S"",[0,1]],[""D"",[0,1,2,3]],[""S"",[2,3]],[""S"",[1,2]],[""D"",[0,2,1,3]]]",-0.9997376425820936,-1.2360679774997896,0.23633033491769595,60,2,8,6,2,8
2026-09-v3-pauli-factor-graph,Hubbard,2.0,37,15,"[[""D"",[0,3,1,2]],[""S"",[0,2]],[""D"",[0,2,1,3]],[""S"",[0,1]],[""S"",[0,3]],[""S"",[0,3]],[""D"",[0,2,1,3]]]",-1.2326233593137692,-1.2360679774997896,0.003444618186020376,60,2,7,4,3,7
2026-09-v3-pauli-factor-graph,Hubbard,2.0,37,16,"[[""S"",[0,1]],[""D"",[0,2,1,3]],[""S"",[1,2]],[""S"",[1,3]],[""S"",[2,3]],[""D"",[0,1,2,3]],[""D"",[0,1,2,3]]]",-1.2358532819230423,-1.2360679774997896,0.00021469557674724804,60,2,7,4,3,7
2026-09-v3-pauli-factor-graph,Hubbard,2.0,37,17,"[[""S"",[3,2]],[""S"",[0,1]],[""S"",[0,2]],[""S"",[0,3]],[""S"",[0,3]],[""S"",[0,1]],[""S"",[0,3]]]",-0.9994807896169127,-1.2360679774997896,0.23658718788287691,60,2,7,7,0,7
2026-09-v3-pauli-factor-graph,Hubbard,2.0,37,18,"[[""D"",[0,3,1,2]],[""S"",[0,1]],[""S"",[1,2]],[""S"",[0,3]],[""S"",[2,3]],[""S"",[0,2]],[""S"",[0,1]]]",-1.235160849500395,-1.2360679774997896,0.0009071279993946302,60,2,7,6,1,7
2026-09-v3-pauli-factor-graph,Hubbard,2.0,37,19,"[[""S"",[3,2]],[""D"",[0,1,2,3]],[""S"",[1,2]],[""S"",[1,3]],[""D"",[0,2,1,3]],[""S"",[0,2]],[""D"",[0,1,2,3]],[""S"",[2,3]]]",-1.2262928482244813,-1.2360679774997896,0.009775129275308325,60,2,8,5,3,8
2026-09-v3-pauli-factor-graph,Hubbard,2.0,37,20,"[[""S"",[0,1]],[""D"",[0,1,2,3]],[""S"",[1,3]],[""S"",[0,2]],[""D"",[0,1,2,3]],[""S"",[1,3]],[""S"",[1,3]],[""S"",[1,3]]]",-0.7303070196019359,-1.2360679774997896,0.5057609578978537,60,2,8,6,2,8
2026-09-v3-pauli-factor-graph,Hubbard,2.0,37,21,"[[""D"",[0,3,1,2]],[""S"",[0,1]],[""S"",[0,3]],[""S"",[0,3]]]",-0.41409458328571086,-1.2360679774997896,0.8219733942140788,60,2,4,3,1,4
2026-09-v3-pauli-factor-graph,Hubbard,2.0,37,22,"[[""S"",[0,1]],[""S"",[0,3]],[""S"",[0,2]],[""D"",[0,2,1,3]],[""S"",[0,2]],[""S"",[1,3]],[""S"",[0,3]],[""S"",[1,2]]]",-0.7319634368042769,-1.2360679774997896,0.5041045406955127,60,2,8,7,1,8
2026-09-v3-pauli-factor-graph,Hubbard,2.0,37,23,"[[""S"",[3,2]],[""S"",[0,3]],[""S"",[1,2]],[""D"",[0,1,2,3]],[""D"",[0,1,2,3]]]",-0.6173868012383523,-1.2360679774997896,0.6186811762614373,60,2,5,3,2,5
2026-09-v3-pauli-factor-graph,Hubbard,2.0,51,0,"[[""D"",[0,3,1,2]],[""D"",[0,2,1,3]],[""S"",[0,3]],[""S"",[0,3]],[""S"",[0,3]]]",0.0,-1.2360679774997896,1.2360679774997896,60,2,5,3,2,5
2026-09-v3-pauli-factor-graph,Hubbard,2.0,51,1,"[[""S"",[3,2]],[""D"",[0,1,2,3]],[""D"",[0,1,2,3]],[""D"",[0,2,1,3]]]",-0.7317562201295706,-1.2360679774997896,0.5043117573702189,60,2,4,1,3,4
2026-09-v3-pauli-factor-graph,Hubbard,2.0,51,2,"[[""S"",[0,1]],[""D"",[0,1,2,3]],[""S"",[1,2]],[""S"",[2,3]]]",-0.9997326736630977,-1.2360679774997896,0.23633530383669188,60,2,4,3,1,4
2026-09-v3-pauli-factor-graph,Hubbard,2.0,51,3,"[[""D"",[0,3,1,2]],[""S"",[1,2]],[""D"",[0,1,2,3]],[""S"",[0,1]]]",-0.4138833939858632,-1.2360679774997896,0.8221845835139263,60,2,4,2,2,4
2026-09-v3-pauli-factor-graph,Hubbard,2.0,51,4,"[[""S"",[0,1]],[""S"",[2,3]],[""S"",[2,3]]]",-0.9999500603878244,-1.2360679774997896,0.23611791711196517,60,2,3,3,0,3
2026-09-v3-pauli-factor-graph,Hubbard,2.0,51,5,"[[""S"",[3,2]],[""D"",[0,2,1,3]],[""S"",[1,2]],[""S"",[0,2]],[""S"",[0,1]]]",-1.2358637180559333,-1.2360679774997896,0.00020425944385626948,60,2,5,4,1,5
2026-09-v3-pauli-factor-graph,Hubbard,2.0,51,6,"[[""D"",[0,3,1,2]],[""D"",[0,2,1,3]],[""D"",[0,2,1,3]],[""S"",[1,3]],[""S"",[1,3]]]",0.0,-1.2360679774997896,1.2360679774997896,60,2,5,2,3,5
2026-09-v3-pauli-factor-graph,Hubbard,2.0,51,7,"[[""S"",[3,2]],[""S"",[1,3]],[""S"",[1,2]],[""S"",[0,2]],[""S"",[0,3]],[""S"",[0,1]],[""D"",[0,2,1,3]]]",-1.2255621380796182,-1.2360679774997896,0.010505839420171359,60,2,7,6,1,7
2026-09-v3-pauli-factor-graph,Hubbard,2.0,51,8,"[[""S"",[0,1]],[""S"",[0,3]],[""S"",[1,3]]]",-0.4141063006976693,-1.2360679774997896,0.8219616768021203,60,2,3,3,0,3
2026-09-v3-pauli-factor-graph,Hubbard,2.0,51,9,"[[""D"",[0,3,1,2]],[""S"",[0,3]],[""S"",[2,3]],[""S"",[1,3]],[""S"",[0,3]]]",-1.2354025677946072,-1.2360679774997896,0.0006654097051823626,60,2,5,4,1,5
2026-09-v3-pauli-factor-graph,Hubbard,2.0,51,10,"[[""S"",[0,1]],[""S"",[1,3]],[""S"",[0,2]],[""S"",[2,3]],[""S"",[2,3]]]",-0.9996938698517351,-1.2360679774997896,0.23637410764805444,60,2,5,5,0,5
2026-09-v3-pauli-factor-graph,Hubbard,2.0,51,11,"[[""S"",[3,2]],[""S"",[0,1]],[""D"",[0,2,1,3]],[""D"",[0,1,2,3]],[""S"",[1,2]],[""S"",[0,3]],[""S"",[0,2]],[""S"",[0,2]]]",-1.2351965374375642,-1.2360679774997896,0.0008714400622253926,60,2,8,6,2,8
2026-09-v3-pauli-factor-graph,Hubbard,2.0,51,12,"[[""D"",[0,3,1,2]],[""S"",[1,2]],[""S"",[1,3]]]",-5.551115123125783e-17,-1.2360679774997896,1.2360679774997896,60,2,3,2,1,3
2026-09-v3-pauli-factor-graph,Hubbard,2.0,51,13,"[[""S"",[3,2]],[""S"",[1,2]],[""D"",[0,2,1,3]],[""S"",[1,3]]]",-0.731674910897906,-1.2360679774997896,0.5043930666018835,60,2,4,3,1,4
2026-09-v3-pauli-factor-graph,Hubbard,2.0,51,14,"[[""S"",[0,1]],[""D"",[0,2,1,3]],[""D"",[0,2,1,3]],[""S"",[1,3]]]",-0.731285144294453,-1.2360679774997896,0.5047828332053366,60,2,4,2,2,4
2026-09-v3-pauli-factor-graph,Hubbard,2.0,51,15,"[[""D"",[0,3,1,2]],[""D"",[0,1,2,3]],[""S"",[0,1]],[""D"",[0,1,2,3]],[""S"",[0,1]],[""S"",[0,2]],[""S"",[1,2]]]",-1.2300107337298594,-1.2360679774997896,0.006057243769930221,60,2,7,4,3,7
2026-09-v3-pauli-factor-graph,Hubbard,2.0,51,16,"[[""S"",[0,1]],[""S"",[0,3]],[""S"",[0,3]],[""D"",[0,1,2,3]],[""S"",[0,1]],[""S"",[1,3]],[""D"",[0,1,2,3]],[""S"",[2,3]]]",-1.2314165503503731,-1.2360679774997896,0.004651427149416465,60,2,8,6,2,8
2026-09-v3-pauli-factor-graph,Hubbard,2.0,51,17,"[[""S"",[3,2]],[""S"",[1,3]],[""S"",[0,2]]]",-0.4140750794565873,-1.2360679774997896,0.8219928980432023,60,2,3,3,0,3
2026-09-v3-pauli-factor-graph,Hubbard,2.0,51,18,"[[""D"",[0,3,1,2]],[""S"",[1,2]],[""S"",[0,1]],[""S"",[0,3]],[""S"",[0,3]],[""D"",[0,1,2,3]],[""D"",[0,1,2,3]],[""S"",[2,3]]]",-1.2349326375921785,-1.2360679774997896,0.0011353399076110549,60,2,8,5,3,8
2026-09-v3-pauli-factor-graph,Hubbard,2.0,51,19,"[[""S"",[3,2]],[""S"",[2,3]],[""S"",[1,2]]]",-0.4137105346444186,-1.2360679774997896,0.822357442855371,60,2,3,3,0,3
2026-09-v3-pauli-factor-graph,Hubbard,2.0,51,20,"[[""S"",[0,1]],[""S"",[0,1]],[""D"",[0,1,2,3]],[""S"",[0,2]],[""S"",[1,2]],[""S"",[0,1]],[""S"",[1,2]],[""S"",[1,2]]]",-0.4140972663294892,-1.2360679774997896,0.8219707111703004,60,2,8,7,1,8
2026-09-v3-pauli-factor-graph,Hubbard,2.0,51,21,"[[""D"",[0,3,1,2]],[""S"",[2,3]],[""S"",[1,3]],[""D"",[0,2,1,3]],[""S"",[1,2]]]",-1.234876197152227,-1.2360679774997896,0.00119178034756251,60,2,5,3,2,5
2026-09-v3-pauli-factor-graph,Hubbard,2.0,51,22,"[[""S"",[0,1]],[""S"",[1,2]],[""S"",[1,2]],[""S"",[1,3]],[""S"",[0,1]],[""D"",[0,2,1,3]]]",-0.731741212912852,-1.2360679774997896,0.5043267645869376,60,2,6,5,1,6
2026-09-v3-pauli-factor-graph,Hubbard,2.0,51,23,"[[""S"",[3,2]],[""S"",[0,2]],[""S"",[0,1]],[""S"",[0,2]],[""S"",[0,2]],[""S"",[0,2]],[""S"",[1,3]]]",-0.9996876178968407,-1.2360679774997896,0.2363803596029489,60,2,7,7,0,7
2026-09-v3-pauli-factor-graph,Hubbard,2.0,79,0,"[[""D"",[0,3,1,2]],[""S"",[0,3]],[""S"",[0,1]],[""S"",[1,3]],[""S"",[0,1]],[""D"",[0,1,2,3]],[""S"",[0,2]],[""S"",[0,2]]]",-0.414096376483458,-1.2360679774997896,0.8219716010163316,60,2,8,6,2,8
2026-09-v3-pauli-factor-graph,Hubbard,2.0,79,1,"[[""S"",[3,2]],[""S"",[0,3]],[""S"",[2,3]],[""S"",[0,1]],[""S"",[1,3]]]",-0.9996091472331083,-1.2360679774997896,0.23645883026668124,60,2,5,5,0,5
2026-09-v3-pauli-factor-graph,Hubbard,2.0,79,2,"[[""S"",[0,1]],[""S"",[1,3]],[""D"",[0,1,2,3]],[""S"",[1,3]],[""S"",[0,1]],[""S"",[0,1]]]",-0.41364548141241414,-1.2360679774997896,0.8224224960873754,60,2,6,5,1,6
2026-09-v3-pauli-factor-graph,Hubbard,2.0,79,3,"[[""D"",[0,3,1,2]],[""D"",[0,2,1,3]],[""D"",[0,2,1,3]],[""D"",[0,2,1,3]],[""S"",[0,1]],[""S"",[0,1]],[""D"",[0,2,1,3]],[""S"",[0,2]]]",-1.2341985339237906,-1.2360679774997896,0.0018694435759989414,60,2,8,3,5,8
2026-09-v3-pauli-factor-graph,Hubbard,2.0,79,4,"[[""S"",[0,1]],[""S"",[0,3]],[""S"",[1,2]],[""D"",[0,2,1,3]],[""D"",[0,2,1,3]],[""D"",[0,1,2,3]],[""S"",[0,1]],[""S"",[0,1]]]",-1.2324343982238233,-1.2360679774997896,0.0036335792759663033,60,2,8,5,3,8
2026-09-v3-pauli-factor-graph,Hubbard,2.0,79,5,"[[""S"",[3,2]],[""S"",[0,1]],[""D"",[0,2,1,3]],[""D"",[0,2,1,3]],[""S"",[0,1]]]",-1.2356755715000436,-1.2360679774997896,0.00039240599974599277,60,2,5,3,2,5
2026-09-v3-pauli-factor-graph,Hubbard,2.0,79,6,"[[""D"",[0,3,1,2]],[""S"",[0,3]],[""D"",[0,2,1,3]],[""S"",[2,3]],[""S"",[2,3]],[""S"",[0,3]]]",-0.4140988785634559,-1.2360679774997896,0.8219690989363337,60,2,6,4,2,6
2026-09-v3-pauli-factor-graph,Hubbard,2.0,79,7,"[[""S"",[3,2]],[""S"",[1,3]],[""S"",[1,2]]]",-0.4138612304587221,-1.2360679774997896,0.8222067470410674,60,2,3,3,0,3
2026-09-v3-pauli-factor-graph,Hubbard,2.0,79,8,"[[""S"",[0,1]],[""D"",[0,2,1,3]],[""S"",[0,1]],[""D"",[0,2,1,3]],[""S"",[1,3]],[""D"",[0,1,2,3]],[""S"",[2,3]],[""D"",[0,2,1,3]]]",-1.2354508359558407,-1.2360679774997896,0.0006171415439488737,60,2,8,4,4,8
2026-09-v3-pauli-factor-graph,Hubbard,2.0,79,9,"[[""D"",[0,3,1,2]],[""S"",[1,3]],[""S"",[0,2]],[""S"",[0,2]],[""S"",[2,3]]]",-0.4138355610559994,-1.2360679774997896,0.8222324164437902,60,2,5,4,1,5
2026-09-v3-pauli-factor-graph,Hubbard,2.0,79,10,"[[""S"",[0,1]],[""D"",[0,1,2,3]],[""S"",[1,3]],[""S"",[0,2]],[""D"",[0,1,2,3]],[""S"",[0,3]]]",-0.9989638207750335,-1.2360679774997896,0.23710415672475604,60,2,6,4,2,6
2026-09-v3-pauli-factor-graph,Hubbard,2.0,79,11,"[[""S"",[3,2]],[""D"",[0,2,1,3]],[""S"",[1,3]],[""D"",[0,2,1,3]],[""D"",[0,1,2,3]],[""S"",[0,1]]]",-1.2353398864644922,-1.2360679774997896,0.0007280910352973624,60,2,6,3,3,6
2026-09-v3-pauli-factor-graph,Hubbard,2.0,79,12,"[[""D"",[0,3,1,2]],[""S"",[1,2]],[""D"",[0,1,2,3]],[""S"",[2,3]],[""S"",[1,2]],[""S"",[0,1]],[""S"",[1,3]],[""S"",[0,2]]]",-1.2348421507230543,-1.2360679774997896,0.0012258267767353281,60,2,8,6,2,8
2026-09-v3-pauli-factor-graph,Hubbard,2.0,79,13,"[[""S"",[3,2]],[""D"",[0,1,2,3]],[""D"",[0,1,2,3]]]",-0.41371474903980676,-1.2360679774997896,0.8223532284599828,60,2,3,1,2,3
2026-09-v3-pauli-factor-graph,Hubbard,2.0,79,14,"[[""S"",[0,1]],[""S"",[0,1]],[""S"",[0,1]],[""S"",[1,3]],[""D"",[0,1,2,3]]]",-0.4142090923524677,-1.2360679774997896,0.8218588851473219,60,2,5,4,1,5
2026-09-v3-pauli-factor-graph,Hubbard,2.0,79,15,"[[""D"",[0,3,1,2]],[""S"",[0,1]],[""S"",[1,3]],[""D"",[0,2,1,3]],[""S"",[0,2]],[""D"",[0,1,2,3]]]",-1.2339964175848603,-1.2360679774997896,0.002071559914929244,60,2,6,3,3,6
2026-09-v3-pauli-factor-graph,Hubbard,2.0,79,16,"[[""S"",[0,1]],[""S"",[1,2]],[""D"",[0,1,2,3]],[""S"",[2,3]],[""S"",[1,3]],[""S"",[1,2]],[""S"",[1,3]]]",-1.2354930299080105,-1.2360679774997896,0.000574947591779118,60,2,7,6,1,7
2026-09-v3-pauli-factor-graph,Hubbard,2.0,79,17,"[[""S"",[3,2]],[""S"",[1,3]],[""S"",[0,2]],[""S"",[1,2]],[""D"",[0,1,2,3]],[""S"",[0,1]],[""S"",[0,1]]]",-1.2231208244452059,-1.2360679774997896,0.012947153054583715,60,2,7,6,1,7
2026-09-v3-pauli-factor-graph,Hubbard,2.0,79,18,"[[""D"",[0,3,1,2]],[""S"",[0,1]],[""S"",[0,2]]]",-0.41403991360114356,-1.2360679774997896,0.822028063898646,60,2,3,2,1,3
2026-09-v3-pauli-factor-graph,Hubbard,2.0,79,19,"[[""S"",[3,2]],[""S"",[2,3]],[""S"",[0,3]],[""S"",[0,2]]]",-0.4137373614818675,-1.2360679774997896,0.822330616017922,60,2,4,4,0,4
2026-09-v3-pauli-factor-graph,Hubbard,2.0,79,20,"[[""S"",[0,1]],[""S"",[0,2]],[""S"",[0,1]],[""D"",[0,2,1,3]],[""S"",[1,2]],[""S"",[0,2]],[""S"",[1,2]],[""S"",[0,2]]]",-1.235925908738918,-1.2360679774997896,0.00014206876087152764,60,2,8,7,1,8
2026-09-v3-pauli-factor-graph,Hubbard,2.0,79,21,"[[""D"",[0,3,1,2]],[""S"",[0,3]],[""S"",[0,3]],[""S"",[0,2]],[""D"",[0,1,2,3]],[""S"",[0,2]],[""S"",[1,3]]]",-5.551115123125783e-17,-1.2360679774997896,1.2360679774997896,60,2,7,5,2,7
2026-09-v3-pauli-factor-graph,Hubbard,2.0,79,22,"[[""S"",[0,1]],[""S"",[0,1]],[""S"",[0,2]],[""S"",[1,2]],[""S"",[1,3]],[""S"",[1,2]],[""S"",[0,3]],[""D"",[0,2,1,3]]]",-0.9935244815715484,-1.2360679774997896,0.2425434959282412,60,2,8,7,1,8
2026-09-v3-pauli-factor-graph,Hubbard,2.0,79,23,"[[""S"",[3,2]],[""S"",[0,3]],[""S"",[1,2]]]",-0.6168878333054437,-1.2360679774997896,0.6191801441943459,60,2,3,3,0,3
2026-09-v3-pauli-factor-graph,Hubbard,3.0,11,0,"[[""D"",[0,3,1,2]],[""D"",[0,1,2,3]],[""S"",[1,2]]]",0.0,-1.0000000000000007,1.0000000000000007,60,2,3,1,2,3
2026-09-v3-pauli-factor-graph,Hubbard,3.0,11,1,"[[""S"",[3,2]],[""S"",[2,3]],[""S"",[0,1]],[""S"",[1,2]],[""S"",[0,2]],[""S"",[1,2]]]",-0.998847083535849,-1.0000000000000007,0.0011529164641517209,60,2,6,6,0,6
2026-09-v3-pauli-factor-graph,Hubbard,3.0,11,2,"[[""S"",[0,1]],[""S"",[0,1]],[""S"",[1,3]],[""S"",[0,2]],[""D"",[0,1,2,3]],[""D"",[0,2,1,3]],[""D"",[0,2,1,3]],[""S"",[1,3]]]",-0.9969528418815119,-1.0000000000000007,0.0030471581184887686,60,2,8,5,3,8
2026-09-v3-pauli-factor-graph,Hubbard,3.0,11,3,"[[""D"",[0,3,1,2]],[""S"",[0,2]],[""S"",[1,3]],[""S"",[1,2]],[""S"",[2,3]],[""D"",[0,2,1,3]],[""S"",[0,3]],[""D"",[0,1,2,3]]]",-0.9995148938317601,-1.0000000000000007,0.00048510616824060104,60,2,8,5,3,8
2026-09-v3-pauli-factor-graph,Hubbard,3.0,11,4,"[[""S"",[0,1]],[""D"",[0,1,2,3]],[""S"",[0,2]]]",-0.30277504993423676,-1.0000000000000007,0.6972249500657639,60,2,3,2,1,3
2026-09-v3-pauli-factor-graph,Hubbard,3.0,11,5,"[[""S"",[3,2]],[""S"",[1,3]],[""D"",[0,2,1,3]],[""D"",[0,1,2,3]],[""D"",[0,1,2,3]],[""S"",[1,3]],[""D"",[0,2,1,3]]]",-0.9903696853550532,-1.0000000000000007,0.009630314644947457,60,2,7,3,4,7
2026-09-v3-pauli-factor-graph,Hubbard,3.0,11,6,"[[""D"",[0,3,1,2]],[""S"",[0,2]],[""S"",[0,3]],[""S"",[1,3]],[""D"",[0,1,2,3]],[""S"",[1,2]],[""D"",[0,2,1,3]],[""S"",[0,3]]]",-0.998740919763608,-1.0000000000000007,0.0012590802363926512,60,2,8,5,3,8
2026-09-v3-pauli-factor-graph,Hubbard,3.0,11,7,"[[""S"",[3,2]],[""S"",[2,3]],[""S"",[0,2]],[""S"",[1,3]],[""D"",[0,1,2,3]],[""D"",[0,2,1,3]],[""D"",[0,1,2,3]],[""D"",[0,2,1,3]]]",-0.5613571290900569,-1.0000000000000007,0.4386428709099438,60,2,8,4,4,8
2026-09-v3-pauli-factor-graph,Hubbard,3.0,11,8,"[[""S"",[0,1]],[""S"",[1,2]],[""S"",[2,3]]]",-0.6654229796667002,-1.0000000000000007,0.3345770203333005,60,2,3,3,0,3
2026-09-v3-pauli-factor-graph,Hubbard,3.0,11,9,"[[""D"",[0,3,1,2]],[""S"",[0,1]],[""D"",[0,2,1,3]],[""D"",[0,2,1,3]]]",-0.9984914709365248,-1.0000000000000007,0.001508529063475872,60,2,4,1,3,4
2026-09-v3-pauli-factor-graph,Hubbard,3.0,11,10,"[[""S"",[0,1]],[""S"",[0,2]],[""S"",[0,2]],[""D"",[0,1,2,3]]]",-0.30245118679087657,-1.0000000000000007,0.6975488132091241,60,2,4,3,1,4
2026-09-v3-pauli-factor-graph,Hubbard,3.0,11,11,"[[""S"",[3,2]],[""S"",[0,2]],[""S"",[1,3]],[""D"",[0,2,1,3]],[""D"",[0,2,1,3]],[""S"",[0,2]],[""S"",[1,3]]]",-0.5614542114450739,-1.0000000000000007,0.43854578855492676,60,2,7,5,2,7
2026-09-v3-pauli-factor-graph,Hubbard,3.0,11,12,"[[""D"",[0,3,1,2]],[""S"",[0,2]],[""S"",[1,2]]]",-0.9959653847429831,-1.0000000000000007,0.0040346152570175375,60,2,3,2,1,3
2026-09-v3-pauli-factor-graph,Hubbard,3.0,11,13,"[[""S"",[3,2]],[""S"",[1,2]],[""S"",[0,3]],[""D"",[0,2,1,3]],[""S"",[2,3]]]",-0.7464948591580638,-1.0000000000000007,0.25350514084193687,60,2,5,4,1,5
2026-09-v3-pauli-factor-graph,Hubbard,3.0,11,14,"[[""S"",[0,1]],[""S"",[0,3]],[""D"",[0,2,1,3]],[""S"",[0,1]],[""S"",[0,3]],[""S"",[0,2]],[""S"",[0,1]]]",-0.9981154882736676,-1.0000000000000007,0.0018845117263330824,60,2,7,6,1,7
2026-09-v3-pauli-factor-graph,Hubbard,3.0,11,15,"[[""D"",[0,3,1,2]],[""S"",[1,2]],[""D"",[0,1,2,3]],[""S"",[2,3]],[""D"",[0,1,2,3]],[""S"",[0,1]],[""S"",[1,2]],[""S"",[0,1]]]",-0.999852832474367,-1.0000000000000007,0.00014716752563370683,60,2,8,5,3,8
2026-09-v3-pauli-factor-graph,Hubbard,3.0,11,16,"[[""S"",[0,1]],[""S"",[0,1]],[""S"",[1,3]],[""S"",[0,1]]]",-0.3027699744465395,-1.0000000000000007,0.6972300255534611,60,2,4,4,0,4
2026-09-v3-pauli-factor-graph,Hubbard,3.0,11,17,"[[""S"",[3,2]],[""S"",[0,3]],[""S"",[0,3]],[""S"",[0,1]]]",-0.6666211824863377,-1.0000000000000007,0.33337881751366294,60,2,4,4,0,4
2026-09-v3-pauli-factor-graph,Hubbard,3.0,11,18,"[[""D"",[0,3,1,2]],[""S"",[1,2]],[""S"",[0,1]],[""S"",[0,1]],[""D"",[0,1,2,3]],[""S"",[0,1]],[""S"",[1,2]]]",-0.30250341702272676,-1.0000000000000007,0.6974965829772739,60,2,7,5,2,7
2026-09-v3-pauli-factor-graph,Hubbard,3.0,11,19,"[[""S"",[3,2]],[""S"",[2,3]],[""S"",[2,3]],[""D"",[0,2,1,3]],[""S"",[0,2]]]",-0.561094687764702,-1.0000000000000007,0.4389053122352987,60,2,5,4,1,5
2026-09-v3-pauli-factor-graph,Hubbard,3.0,11,20,"[[""S"",[0,1]],[""S"",[0,2]],[""S"",[1,3]],[""D"",[0,1,2,3]],[""D"",[0,2,1,3]],[""S"",[2,3]],[""S"",[0,1]],[""S"",[1,2]]]",-0.8234776053146611,-1.0000000000000007,0.1765223946853396,60,2,8,6,2,8
2026-09-v3-pauli-factor-graph,Hubbard,3.0,11,21,"[[""D"",[0,3,1,2]],[""S"",[0,2]],[""S"",[2,3]],[""S"",[0,1]],[""S"",[2,3]],[""S"",[0,1]],[""S"",[0,3]]]",-0.9998567078373994,-1.0000000000000007,0.00014329216260122735,60,2,7,6,1,7
2026-09-v3-pauli-factor-graph,Hubbard,3.0,11,22,"[[""S"",[0,1]],[""S"",[2,3]],[""S"",[2,3]],[""S"",[1,2]]]",-0.666229364123506,-1.0000000000000007,0.3337706358764947,60,2,4,4,0,4
2026-09-v3-pauli-factor-graph,Hubbard,3.0,11,23,"[[""S"",[3,2]],[""D"",[0,2,1,3]],[""S"",[0,2]],[""S"",[0,2]]]",-0.5605109639428394,-1.0000000000000007,0.4394890360571613,60,2,4,3,1,4
2026-09-v3-pauli-factor-graph,Hubbard,3.0,23,0,"[[""D"",[0,3,1,2]],[""S"",[1,2]],[""S"",[2,3]]]",-0.30277345649880694,-1.0000000000000007,0.6972265435011937,60,2,3,2,1,3
2026-09-v3-pauli-factor-graph,Hubbard,3.0,23,1,"[[""S"",[3,2]],[""S"",[1,3]],[""S"",[0,1]],[""S"",[0,1]]]",-0.6665173938582685,-1.0000000000000007,0.3334826061417322,60,2,4,4,0,4
2026-09-v3-pauli-factor-graph,Hubbard,3.0,23,2,"[[""S"",[0,1]],[""D"",[0,1,2,3]],[""S"",[1,2]],[""S"",[0,2]],[""S"",[0,2]],[""S"",[0,2]]]",-0.3025552119851861,-1.0000000000000007,0.6974447880148146,60,2,6,5,1,6
2026-09-v3-pauli-factor-graph,Hubbard,3.0,23,3,"[[""D"",[0,3,1,2]],[""S"",[2,3]],[""S"",[0,3]],[""S"",[1,2]],[""S"",[0,1]],[""S"",[0,2]],[""S"",[1,2]]]",-0.9997668471505075,-1.0000000000000007,0.00023315284949321224,60,2,7,6,1,7
2026-09-v3-pauli-factor-graph,Hubbard,3.0,23,4,"[[""S"",[0,1]],[""S"",[0,1]],[""S"",[1,2]]]",-0.30275837448774023,-1.0000000000000007,0.6972416255122604,60,2,3,3,0,3
2026-09-v3-pauli-factor-graph,Hubbard,3.0,23,5,"[[""S"",[3,2]],[""S"",[0,3]],[""S"",[2,3]]]",-0.30275130225676095,-1.0000000000000007,0.6972486977432397,60,2,3,3,0,3
2026-09-v3-pauli-factor-graph,Hubbard,3.0,23,6,"[[""D"",[0,3,1,2]],[""S"",[0,1]],[""S"",[2,3]]]",-0.9999752820316713,-1.0000000000000007,2.4717968329368567e-05,60,2,3,2,1,3
2026-09-v3-pauli-factor-graph,Hubbard,3.0,23,7,"[[""S"",[3,2]],[""S"",[0,3]],[""S"",[2,3]],[""S"",[0,3]]]",-0.30257644339301326,-1.0000000000000007,0.6974235566069874,60,2,4,4,0,4
2026-09-v3-pauli-factor-graph,Hubbard,3.0,23,8,"[[""S"",[0,1]],[""D"",[0,1,2,3]],[""S"",[0,1]],[""D"",[0,2,1,3]],[""S"",[1,2]],[""S"",[0,1]]]",-0.6937719811727107,-1.0000000000000007,0.30622801882729,60,2,6,4,2,6
2026-09-v3-pauli-factor-graph,Hubbard,3.0,23,9,"[[""D"",[0,3,1,2]],[""D"",[0,1,2,3]],[""S"",[0,3]],[""S"",[0,2]]]",-1.1102230246251565e-16,-1.0000000000000007,1.0000000000000004,60,2,4,2,2,4
2026-09-v3-pauli-factor-graph,Hubbard,3.0,23,10,"[[""S"",[0,1]],[""D"",[0,1,2,3]],[""S"",[0,1]],[""D"",[0,1,2,3]],[""S"",[1,3]],[""D"",[0,2,1,3]]]",-0.5614713753239982,-1.0000000000000007,0.4385286246760025,60,2,6,3,3,6
2026-09-v3-pauli-factor-graph,Hubbard,3.0,23,11,"[[""S"",[3,2]],[""S"",[0,1]],[""D"",[0,1,2,3]]]",-0.665371117767168,-1.0000000000000007,0.3346288822328327,60,2,3,2,1,3
2026-09-v3-pauli-factor-graph,Hubbard,3.0,23,12,"[[""D"",[0,3,1,2]],[""S"",[0,2]],[""S"",[0,2]],[""S"",[1,3]],[""S"",[0,2]],[""S"",[1,3]],[""S"",[1,2]],[""D"",[0,1,2,3]]]",-0.9989254794488778,-1.0000000000000007,0.0010745205511228928,60,2,8,6,2,8
2026-09-v3-pauli-factor-graph,Hubbard,3.0,23,13,"[[""S"",[3,2]],[""S"",[1,2]],[""S"",[1,2]],[""S"",[2,3]],[""S"",[0,3]],[""S"",[0,2]],[""S"",[0,3]]]",-0.4998335352753912,-1.0000000000000007,0.5001664647246095,60,2,7,7,0,7
2026-09-v3-pauli-factor-graph,Hubbard,3.0,23,14,"[[""S"",[0,1]],[""S"",[1,2]],[""D"",[0,1,2,3]],[""D"",[0,1,2,3]],[""S"",[0,1]],[""S"",[2,3]],[""S"",[0,1]],[""D"",[0,1,2,3]]]",-0.6666073598065329,-1.0000000000000007,0.3333926401934678,60,2,8,5,3,8
2026-09-v3-pauli-factor-graph,Hubbard,3.0,23,15,"[[""D"",[0,3,1,2]],[""D"",[0,2,1,3]],[""S"",[0,1]]]",-0.30254294679763216,-1.0000000000000007,0.6974570532023685,60,2,3,1,2,3
2026-09-v3-pauli-factor-graph,Hubbard,3.0,23,16,"[[""S"",[0,1]],[""S"",[1,3]],[""S"",[0,3]]]",-0.30275012973492244,-1.0000000000000007,0.6972498702650782,60,2,3,3,0,3
2026-09-v3-pauli-factor-graph,Hubbard,3.0,23,17,"[[""S"",[3,2]],[""S"",[0,2]],[""D"",[0,2,1,3]],[""S"",[0,3]],[""S"",[0,3]]]",-0.5611183575486881,-1.0000000000000007,0.43888164245131256,60,2,5,4,1,5
2026-09-v3-pauli-factor-graph,Hubbard,3.0,23,18,"[[""D"",[0,3,1,2]],[""S"",[2,3]],[""S"",[0,2]],[""D"",[0,2,1,3]]]",-0.9991096947785771,-1.0000000000000007,0.0008903052214235263,60,2,4,2,2,4
2026-09-v3-pauli-factor-graph,Hubbard,3.0,23,19,"[[""S"",[3,2]],[""S"",[0,3]],[""S"",[0,1]],[""S"",[0,2]],[""S"",[0,1]],[""S"",[1,2]]]",-0.6665178353337841,-1.0000000000000007,0.3334821646662166,60,2,6,6,0,6
2026-09-v3-pauli-factor-graph,Hubbard,3.0,23,20,"[[""S"",[0,1]],[""S"",[0,2]],[""S"",[1,3]],[""S"",[1,3]],[""S"",[1,3]]]",-0.30276478794611783,-1.0000000000000007,0.6972352120538828,60,2,5,5,0,5
2026-09-v3-pauli-factor-graph,Hubbard,3.0,23,21,"[[""D"",[0,3,1,2]],[""D"",[0,2,1,3]],[""S"",[1,3]],[""S"",[0,3]],[""S"",[0,1]],[""S"",[1,2]]]",-0.9991263446042045,-1.0000000000000007,0.0008736553957962023,60,2,6,4,2,6
2026-09-v3-pauli-factor-graph,Hubbard,3.0,23,22,"[[""S"",[0,1]],[""S"",[2,3]],[""D"",[0,1,2,3]]]",-0.6665596521908244,-1.0000000000000007,0.3334403478091763,60,2,3,2,1,3
2026-09-v3-pauli-factor-graph,Hubbard,3.0,23,23,"[[""S"",[3,2]],[""S"",[0,2]],[""S"",[1,3]],[""D"",[0,2,1,3]],[""S"",[1,2]]]",-0.561237439096527,-1.0000000000000007,0.43876256090347365,60,2,5,4,1,5
2026-09-v3-pauli-factor-graph,Hubbard,3.0,37,0,"[[""D"",[0,3,1,2]],[""S"",[2,3]],[""S"",[2,3]]]",-0.30275172067243317,-1.0000000000000007,0.6972482793275675,60,2,3,2,1,3
2026-09-v3-pauli-factor-graph,Hubbard,3.0,37,1,"[[""S"",[3,2]],[""D"",[0,2,1,3]],[""S"",[2,3]],[""S"",[0,3]]]",-0.7127785599888091,-1.0000000000000007,0.28722144001119154,60,2,4,3,1,4
2026-09-v3-pauli-factor-graph,Hubbard,3.0,37,2,"[[""S"",[0,1]],[""S"",[1,2]],[""D"",[0,2,1,3]],[""D"",[0,2,1,3]]]",-0.5611790637661385,-1.0000000000000007,0.4388209362338622,60,2,4,2,2,4
2026-09-v3-pauli-factor-graph,Hubbard,3.0,37,3,"[[""D"",[0,3,1,2]],[""S"",[0,1]],[""S"",[0,2]],[""S"",[1,3]]]",-0.3026319036193428,-1.0000000000000007,0.6973680963806579,60,2,4,3,1,4
2026-09-v3-pauli-factor-graph,Hubbard,3.0,37,4,"[[""S"",[0,1]],[""D"",[0,1,2,3]],[""S"",[2,3]]]",-0.6659859327720518,-1.0000000000000007,0.3340140672279489,60,2,3,2,1,3
2026-09-v3-pauli-factor-graph,Hubbard,3.0,37,5,"[[""S"",[3,2]],[""S"",[0,2]],[""S"",[1,2]],[""S"",[0,2]],[""S"",[2,3]],[""S"",[2,3]],[""D"",[0,1,2,3]]]",-0.9984357487718527,-1.0000000000000007,0.0015642512281479615,60,2,7,6,1,7
2026-09-v3-pauli-factor-graph,Hubbard,3.0,37,6,"[[""D"",[0,3,1,2]],[""S"",[0,3]],[""S"",[0,3]],[""S"",[2,3]]]",-0.3027673494882005,-1.0000000000000007,0.6972326505118002,60,2,4,3,1,4
2026-09-v3-pauli-factor-graph,Hubbard,3.0,37,7,"[[""S"",[3,2]],[""S"",[0,2]],[""S"",[0,3]],[""S"",[0,3]],[""S"",[1,3]],[""S"",[0,2]]]",-0.30260366115833703,-1.0000000000000007,0.6973963388416636,60,2,6,6,0,6
2026-09-v3-pauli-factor-graph,Hubbard,3.0,37,8,"[[""S"",[0,1]],[""S"",[1,2]],[""S"",[0,3]],[""D"",[0,2,1,3]],[""S"",[1,3]],[""D"",[0,1,2,3]]]",-0.6357165067314403,-1.0000000000000007,0.36428349326856035,60,2,6,4,2,6
2026-09-v3-pauli-factor-graph,Hubbard,3.0,37,9,"[[""D"",[0,3,1,2]],[""D"",[0,1,2,3]],[""S"",[0,3]],[""S"",[1,2]],[""S"",[0,1]]]",-0.30277197958272584,-1.0000000000000007,0.6972280204172748,60,2,5,3,2,5
2026-09-v3-pauli-factor-graph,Hubbard,3.0,37,10,"[[""S"",[0,1]],[""S"",[0,2]],[""S"",[0,1]],[""S"",[2,3]]]",-0.6662555444952274,-1.0000000000000007,0.3337444555047733,60,2,4,4,0,4
2026-09-v3-pauli-factor-graph,Hubbard,3.0,37,11,"[[""S"",[3,2]],[""D"",[0,1,2,3]],[""D"",[0,1,2,3]],[""S"",[1,2]],[""S"",[1,2]]]",-0.3026144177496196,-1.0000000000000007,0.697385582250381,60,2,5,3,2,5
2026-09-v3-pauli-factor-graph,Hubbard,3.0,37,12,"[[""D"",[0,3,1,2]],[""S"",[0,3]],[""D"",[0,1,2,3]]]",0.0,-1.0000000000000007,1.0000000000000007,60,2,3,1,2,3
2026-09-v3-pauli-factor-graph,Hubbard,3.0,37,13,"[[""S"",[3,2]],[""S"",[1,3]],[""S"",[1,2]],[""D"",[0,1,2,3]]]",-0.30275623444022304,-1.0000000000000007,0.6972437655597776,60,2,4,3,1,4
2026-09-v3-pauli-factor-graph,Hubbard,3.0,37,14,"[[""S"",[0,1]],[""S"",[1,2]],[""S"",[0,1]],[""S"",[0,1]],[""D"",[0,1,2,3]],[""S"",[2,3]],[""S"",[1,2]],[""D"",[0,2,1,3]]]",-0.6665715644170216,-1.0000000000000007,0.3334284355829791,60,2,8,6,2,8
2026-09-v3-pauli-factor-graph,Hubbard,3.0,37,15,"[[""D"",[0,3,1,2]],[""S"",[0,2]],[""D"",[0,2,1,3]],[""S"",[0,1]],[""S"",[0,3]],[""S"",[0,3]],[""D"",[0,2,1,3]]]",-0.9945742913930177,-1.0000000000000007,0.005425708606982993,60,2,7,4,3,7
2026-09-v3-pauli-factor-graph,Hubbard,3.0,37,16,"[[""S"",[0,1]],[""D"",[0,2,1,3]],[""S"",[1,2]],[""S"",[1,3]],[""S"",[2,3]],[""D"",[0,1,2,3]],[""D"",[0,1,2,3]]]",-0.9975839499582874,-1.0000000000000007,0.0024160500417133024,60,2,7,4,3,7
2026-09-v3-pauli-factor-graph,Hubbard,3.0,37,17,"[[""S"",[3,2]],[""S"",[0,1]],[""S"",[0,2]],[""S"",[0,3]],[""S"",[0,3]],[""S"",[0,1]],[""S"",[0,3]]]",-0.6666569110248324,-1.0000000000000007,0.3333430889751683,60,2,7,7,0,7
2026-09-v3-pauli-factor-graph,Hubbard,3.0,37,18,"[[""D"",[0,3,1,2]],[""S"",[0,1]],[""S"",[1,2]],[""S"",[0,3]],[""S"",[2,3]],[""S"",[0,2]],[""S"",[0,1]]]",-0.9997350917711729,-1.0000000000000007,0.0002649082288277427,60,2,7,6,1,7
2026-09-v3-pauli-factor-graph,Hubbard,3.0,37,19,"[[""S"",[3,2]],[""D"",[0,1,2,3]],[""S"",[1,2]],[""S"",[1,3]],[""D"",[0,2,1,3]],[""S"",[0,2]],[""D"",[0,1,2,3]],[""S"",[2,3]]]",-0.7195578890633781,-1.0000000000000007,0.2804421109366225,60,2,8,5,3,8
2026-09-v3-pauli-factor-graph,Hubbard,3.0,37,20,"[[""S"",[0,1]],[""D"",[0,1,2,3]],[""S"",[1,3]],[""S"",[0,2]],[""D"",[0,1,2,3]],[""S"",[1,3]],[""S"",[1,3]],[""S"",[1,3]]]",-0.5603365904158878,-1.0000000000000007,0.4396634095841129,60,2,8,6,2,8
2026-09-v3-pauli-factor-graph,Hubbard,3.0,37,21,"[[""D"",[0,3,1,2]],[""S"",[0,1]],[""S"",[0,3]],[""S"",[0,3]]]",-0.30271885648691466,-1.0000000000000007,0.697281143513086,60,2,4,3,1,4
2026-09-v3-pauli-factor-graph,Hubbard,3.0,37,22,"[[""S"",[0,1]],[""S"",[0,3]],[""S"",[0,2]],[""D"",[0,2,1,3]],[""S"",[0,2]],[""S"",[1,3]],[""S"",[0,3]],[""S"",[1,2]]]",-0.5612655156817254,-1.0000000000000007,0.4387344843182752,60,2,8,7,1,8
2026-09-v3-pauli-factor-graph,Hubbard,3.0,37,23,"[[""S"",[3,2]],[""S"",[0,3]],[""S"",[1,2]],[""D"",[0,1,2,3]],[""D"",[0,1,2,3]]]",-0.49847439799419313,-1.0000000000000007,0.5015256020058075,60,2,5,3,2,5
2026-09-v3-pauli-factor-graph,Hubbard,3.0,51,0,"[[""D"",[0,3,1,2]],[""D"",[0,2,1,3]],[""S"",[0,3]],[""S"",[0,3]],[""S"",[0,3]]]",0.0,-1.0000000000000007,1.0000000000000007,60,2,5,3,2,5
2026-09-v3-pauli-factor-graph,Hubbard,3.0,51,1,"[[""S"",[3,2]],[""D"",[0,1,2,3]],[""D"",[0,1,2,3]],[""D"",[0,2,1,3]]]",-0.5614355158432699,-1.0000000000000007,0.43856448415673077,60,2,4,1,3,4
2026-09-v3-pauli-factor-graph,Hubbard,3.0,51,2,"[[""S"",[0,1]],[""D"",[0,1,2,3]],[""S"",[1,2]],[""S"",[2,3]]]",-0.6665785224302019,-1.0000000000000007,0.3334214775697988,60,2,4,3,1,4
2026-09-v3-pauli-factor-graph,Hubbard,3.0,51,3,"[[""D"",[0,3,1,2]],[""S"",[1,2]],[""D"",[0,1,2,3]],[""S"",[0,1]]]",-0.3027574578212542,-1.0000000000000007,0.6972425421787465,60,2,4,2,2,4
2026-09-v3-pauli-factor-graph,Hubbard,3.0,51,4,"[[""S"",[0,1]],[""S"",[2,3]],[""S"",[2,3]]]",-0.6662314416865898,-1.0000000000000007,0.3337685583134109,60,2,3,3,0,3
2026-09-v3-pauli-factor-graph,Hubbard,3.0,51,5,"[[""S"",[3,2]],[""D"",[0,2,1,3]],[""S"",[1,2]],[""S"",[0,2]],[""S"",[0,1]]]",-0.9942614655956703,-1.0000000000000007,0.005738534404330364,60,2,5,4,1,5
2026-09-v3-pauli-factor-graph,Hubbard,3.0,51,6,"[[""D"",[0,3,1,2]],[""D"",[0,2,1,3]],[""D"",[0,2,1,3]],[""S"",[1,3]],[""S"",[1,3]]]",1.1102230246251565e-16,-1.0000000000000007,1.0000000000000009,60,2,5,2,3,5
2026-09-v3-pauli-factor-graph,Hubbard,3.0,51,7,"[[""S"",[3,2]],[""S"",[1,3]],[""S"",[1,2]],[""S"",[0,2]],[""S"",[0,3]],[""S"",[0,1]],[""D"",[0,2,1,3]]]",-0.9949912008363044,-1.0000000000000007,0.0050087991636962315,60,2,7,6,1,7
2026-09-v3-pauli-factor-graph,Hubbard,3.0,51,8,"[[""S"",[0,1]],[""S"",[0,3]],[""S"",[1,3]]]",-0.3027754610333008,-1.0000000000000007,0.6972245389666999,60,2,3,3,0,3
2026-09-v3-pauli-factor-graph,Hubbard,3.0,51,9,"[[""D"",[0,3,1,2]],[""S"",[0,3]],[""S"",[2,3]],[""S"",[1,3]],[""S"",[0,3]]]",-0.9979296354524112,-1.0000000000000007,0.002070364547589465,60,2,5,4,1,5
2026-09-v3-pauli-factor-graph,Hubbard,3.0,51,10,"[[""S"",[0,1]],[""S"",[1,3]],[""S"",[0,2]],[""S"",[2,3]],[""S"",[2,3]]]",-0.6664070841274663,-1.0000000000000007,0.33359291587253437,60,2,5,5,0,5
2026-09-v3-pauli-factor-graph,Hubbard,3.0,51,11,"[[""S"",[3,2]],[""S"",[0,1]],[""D"",[0,2,1,3]],[""D"",[0,1,2,3]],[""S"",[1,2]],[""S"",[0,3]],[""S"",[0,2]],[""S"",[0,2]]]",-0.9979862300613588,-1.0000000000000007,0.002013769938641885,60,2,8,6,2,8
2026-09-v3-pauli-factor-graph,Hubbard,3.0,51,12,"[[""D"",[0,3,1,2]],[""S"",[1,2]],[""S"",[1,3]]]",-1.1102230246251565e-16,-1.0000000000000007,1.0000000000000004,60,2,3,2,1,3
2026-09-v3-pauli-factor-graph,Hubbard,3.0,51,13,"[[""S"",[3,2]],[""S"",[1,2]],[""D"",[0,2,1,3]],[""S"",[1,3]]]",-0.5612701607142486,-1.0000000000000007,0.43872983928575204,60,2,4,3,1,4
2026-09-v3-pauli-factor-graph,Hubbard,3.0,51,14,"[[""S"",[0,1]],[""D"",[0,2,1,3]],[""D"",[0,2,1,3]],[""S"",[1,3]]]",-0.5611044783324606,-1.0000000000000007,0.4388955216675401,60,2,4,2,2,4
2026-09-v3-pauli-factor-graph,Hubbard,3.0,51,15,"[[""D"",[0,3,1,2]],[""D"",[0,1,2,3]],[""S"",[0,1]],[""D"",[0,1,2,3]],[""S"",[0,1]],[""S"",[0,2]],[""S"",[1,2]]]",-0.9963224266242807,-1.0000000000000007,0.0036775733757199447,60,2,7,4,3,7
2026-09-v3-pauli-factor-graph,Hubbard,3.0,51,16,"[[""S"",[0,1]],[""S"",[0,3]],[""S"",[0,3]],[""D"",[0,1,2,3]],[""S"",[0,1]],[""S"",[1,3]],[""D"",[0,1,2,3]],[""S"",[2,3]]]",-0.9981184053586878,-1.0000000000000007,0.0018815946413128781,60,2,8,6,2,8
2026-09-v3-pauli-factor-graph,Hubbard,3.0,51,17,"[[""S"",[3,2]],[""S"",[1,3]],[""S"",[0,2]]]",-0.302599999606586,-1.0000000000000007,0.6974000003934147,60,2,3,3,0,3
2026-09-v3-pauli-factor-graph,Hubbard,3.0,51,18,"[[""D"",[0,3,1,2]],[""S"",[1,2]],[""S"",[0,1]],[""S"",[0,3]],[""S"",[0,3]],[""D"",[0,1,2,3]],[""D"",[0,1,2,3]],[""S"",[2,3]]]",-0.999981425830855,-1.0000000000000007,1.8574169145635366e-05,60,2,8,5,3,8
2026-09-v3-pauli-factor-graph,Hubbard,3.0,51,19,"[[""S"",[3,2]],[""S"",[2,3]],[""S"",[1,2]]]",-0.30271561902587474,-1.0000000000000007,0.6972843809741259,60,2,3,3,0,3
2026-09-v3-pauli-factor-graph,Hubbard,3.0,51,20,"[[""S"",[0,1]],[""S"",[0,1]],[""D"",[0,1,2,3]],[""S"",[0,2]],[""S"",[1,2]],[""S"",[0,1]],[""S"",[1,2]],[""S"",[1,2]]]",-0.3026712443434063,-1.0000000000000007,0.6973287556565944,60,2,8,7,1,8
2026-09-v3-pauli-factor-graph,Hubbard,3.0,51,21,"[[""D"",[0,3,1,2]],[""S"",[2,3]],[""S"",[1,3]],[""D"",[0,2,1,3]],[""S"",[1,2]]]",-0.9997833623917733,-1.0000000000000007,0.00021663760822732137,60,2,5,3,2,5
2026-09-v3-pauli-factor-graph,Hubbard,3.0,51,22,"[[""S"",[0,1]],[""S"",[1,2]],[""S"",[1,2]],[""S"",[1,3]],[""S"",[0,1]],[""D"",[0,2,1,3]]]",-0.5613725150186559,-1.0000000000000007,0.43862748498134474,60,2,6,5,1,6
2026-09-v3-pauli-factor-graph,Hubbard,3.0,51,23,"[[""S"",[3,2]],[""S"",[0,2]],[""S"",[0,1]],[""S"",[0,2]],[""S"",[0,2]],[""S"",[0,2]],[""S"",[1,3]]]",-0.6655429191294351,-1.0000000000000007,0.3344570808705656,60,2,7,7,0,7
2026-09-v3-pauli-factor-graph,Hubbard,3.0,79,0,"[[""D"",[0,3,1,2]],[""S"",[0,3]],[""S"",[0,1]],[""S"",[1,3]],[""S"",[0,1]],[""D"",[0,1,2,3]],[""S"",[0,2]],[""S"",[0,2]]]",-0.3027706040927651,-1.0000000000000007,0.6972293959072355,60,2,8,6,2,8
2026-09-v3-pauli-factor-graph,Hubbard,3.0,79,1,"[[""S"",[3,2]],[""S"",[0,3]],[""S"",[2,3]],[""S"",[0,1]],[""S"",[1,3]]]",-0.666606305030716,-1.0000000000000007,0.3333936949692846,60,2,5,5,0,5
2026-09-v3-pauli-factor-graph,Hubbard,3.0,79,2,"[[""S"",[0,1]],[""S"",[1,3]],[""D"",[0,1,2,3]],[""S"",[1,3]],[""S"",[0,1]],[""S"",[0,1]]]",-0.3026986510567461,-1.0000000000000007,0.6973013489432546,60,2,6,5,1,6
2026-09-v3-pauli-factor-graph,Hubbard,3.0,79,3,"[[""D"",[0,3,1,2]],[""D"",[0,2,1,3]],[""D"",[0,2,1,3]],[""D"",[0,2,1,3]],[""S"",[0,1]],[""S"",[0,1]],[""D"",[0,2,1,3]],[""S"",[0,2]]]",-0.9985789443480971,-1.0000000000000007,0.0014210556519035356,60,2,8,3,5,8
2026-09-v3-pauli-factor-graph,Hubbard,3.0,79,4,"[[""S"",[0,1]],[""S"",[0,3]],[""S"",[1,2]],[""D"",[0,2,1,3]],[""D"",[0,2,1,3]],[""D"",[0,1,2,3]],[""S"",[0,1]],[""S"",[0,1]]]",-0.9957496127783735,-1.0000000000000007,0.004250387221627183,60,2,8,5,3,8
2026-09-v3-pauli-factor-graph,Hubbard,3.0,79,5,"[[""S"",[3,2]],[""S"",[0,1]],[""D"",[0,2,1,3]],[""D"",[0,2,1,3]],[""S"",[0,1]]]",-0.9999189820014733,-1.0000000000000007,8.101799852733294e-05,60,2,5,3,2,5
2026-09-v3-pauli-factor-graph,Hubbard,3.0,79,6,"[[""D"",[0,3,1,2]],[""S"",[0,3]],[""D"",[0,2,1,3]],[""S"",[2,3]],[""S"",[2,3]],[""S"",[0,3]]]",-0.30261940527135367,-1.0000000000000007,0.697380594728647,60,2,6,4,2,6
2026-09-v3-pauli-factor-graph,Hubbard,3.0,79,7,"[[""S"",[3,2]],[""S"",[1,3]],[""S"",[1,2]]]",-0.30262786924448326,-1.0000000000000007,0.6973721307555174,60,2,3,3,0,3
2026-09-v3-pauli-factor-graph,Hubbard,3.0,79,8,"[[""S"",[0,1]],[""D"",[0,2,1,3]],[""S"",[0,1]],[""D"",[0,2,1,3]],[""S"",[1,3]],[""D"",[0,1,2,3]],[""S"",[2,3]],[""D"",[0,2,1,3]]]",-0.9975574408398838,-1.0000000000000007,0.0024425591601168195,60,2,8,4,4,8
2026-09-v3-pauli-factor-graph,Hubbard,3.0,79,9,"[[""D"",[0,3,1,2]],[""S"",[1,3]],[""S"",[0,2]],[""S"",[0,2]],[""S"",[2,3]]]",-0.3027627774391458,-1.0000000000000007,0.6972372225608549,60,2,5,4,1,5
2026-09-v3-pauli-factor-graph,Hubbard,3.0,79,10,"[[""S"",[0,1]],[""D"",[0,1,2,3]],[""S"",[1,3]],[""S"",[0,2]],[""D"",[0,1,2,3]],[""S"",[0,3]]]",-0.6657471964425683,-1.0000000000000007,0.33425280355743237,60,2,6,4,2,6
2026-09-v3-pauli-factor-graph,Hubbard,3.0,79,11,"[[""S"",[3,2]],[""D"",[0,2,1,3]],[""S"",[1,3]],[""D"",[0,2,1,3]],[""D"",[0,1,2,3]],[""S"",[0,1]]]",-0.9996650816349606,-1.0000000000000007,0.0003349183650400711,60,2,6,3,3,6
2026-09-v3-pauli-factor-graph,Hubbard,3.0,79,12,"[[""D"",[0,3,1,2]],[""S"",[1,2]],[""D"",[0,1,2,3]],[""S"",[2,3]],[""S"",[1,2]],[""S"",[0,1]],[""S"",[1,3]],[""S"",[0,2]]]",-0.9999782520804062,-1.0000000000000007,2.174791959441702e-05,60,2,8,6,2,8
2026-09-v3-pauli-factor-graph,Hubbard,3.0,79,13,"[[""S"",[3,2]],[""D"",[0,1,2,3]],[""D"",[0,1,2,3]]]",-0.3024760719486036,-1.0000000000000007,0.6975239280513971,60,2,3,1,2,3
2026-09-v3-pauli-factor-graph,Hubbard,3.0,79,14,"[[""S"",[0,1]],[""S"",[0,1]],[""S"",[0,1]],[""S"",[1,3]],[""D"",[0,1,2,3]]]",-0.3027648246583464,-1.0000000000000007,0.6972351753416542,60,2,5,4,1,5
2026-09-v3-pauli-factor-graph,Hubbard,3.0,79,15,"[[""D"",[0,3,1,2]],[""S"",[0,1]],[""S"",[1,3]],[""D"",[0,2,1,3]],[""S"",[0,2]],[""D"",[0,1,2,3]]]",-0.997795975598606,-1.0000000000000007,0.0022040244013946664,60,2,6,3,3,6
2026-09-v3-pauli-factor-graph,Hubbard,3.0,79,16,"[[""S"",[0,1]],[""S"",[1,2]],[""D"",[0,1,2,3]],[""S"",[2,3]],[""S"",[1,3]],[""S"",[1,2]],[""S"",[1,3]]]",-0.998954100552725,-1.0000000000000007,0.0010458994472756222,60,2,7,6,1,7
2026-09-v3-pauli-factor-graph,Hubbard,3.0,79,17,"[[""S"",[3,2]],[""S"",[1,3]],[""S"",[0,2]],[""S"",[1,2]],[""D"",[0,1,2,3]],[""S"",[0,1]],[""S"",[0,1]]]",-0.9905509336968528,-1.0000000000000007,0.009449066303147902,60,2,7,6,1,7
2026-09-v3-pauli-factor-graph,Hubbard,3.0,79,18,"[[""D"",[0,3,1,2]],[""S"",[0,1]],[""S"",[0,2]]]",-0.30259031013174575,-1.0000000000000007,0.6974096898682549,60,2,3,2,1,3
2026-09-v3-pauli-factor-graph,Hubbard,3.0,79,19,"[[""S"",[3,2]],[""S"",[2,3]],[""S"",[0,3]],[""S"",[0,2]]]",-0.3026909035823008,-1.0000000000000007,0.6973090964176999,60,2,4,4,0,4
2026-09-v3-pauli-factor-graph,Hubbard,3.0,79,20,"[[""S"",[0,1]],[""S"",[0,2]],[""S"",[0,1]],[""D"",[0,2,1,3]],[""S"",[1,2]],[""S"",[0,2]],[""S"",[1,2]],[""S"",[0,2]]]",-0.9847416094518142,-1.0000000000000007,0.015258390548186451,60,2,8,7,1,8
2026-09-v3-pauli-factor-graph,Hubbard,3.0,79,21,"[[""D"",[0,3,1,2]],[""S"",[0,3]],[""S"",[0,3]],[""S"",[0,2]],[""D"",[0,1,2,3]],[""S"",[0,2]],[""S"",[1,3]]]",0.0,-1.0000000000000007,1.0000000000000007,60,2,7,5,2,7
2026-09-v3-pauli-factor-graph,Hubbard,3.0,79,22,"[[""S"",[0,1]],[""S"",[0,1]],[""S"",[0,2]],[""S"",[1,2]],[""S"",[1,3]],[""S"",[1,2]],[""S"",[0,3]],[""D"",[0,2,1,3]]]",-0.6662617409264698,-1.0000000000000007,0.33373825907353083,60,2,8,7,1,8
2026-09-v3-pauli-factor-graph,Hubbard,3.0,79,23,"[[""S"",[3,2]],[""S"",[0,3]],[""S"",[1,2]]]",-0.4991577770953345,-1.0000000000000007,0.5008422229046662,60,2,3,3,0,3
2026-09-v3-pauli-factor-graph,Hubbard,4.0,11,0,"[[""D"",[0,3,1,2]],[""D"",[0,1,2,3]],[""S"",[1,2]]]",0.0,-0.8284271247461902,0.8284271247461902,60,2,3,1,2,3
2026-09-v3-pauli-factor-graph,Hubbard,4.0,11,1,"[[""S"",[3,2]],[""S"",[2,3]],[""S"",[0,1]],[""S"",[1,2]],[""S"",[0,2]],[""S"",[1,2]]]",-0.8264566009125727,-0.8284271247461902,0.00197052383361751,60,2,6,6,0,6
2026-09-v3-pauli-factor-graph,Hubbard,4.0,11,2,"[[""S"",[0,1]],[""S"",[0,1]],[""S"",[1,3]],[""S"",[0,2]],[""D"",[0,1,2,3]],[""D"",[0,2,1,3]],[""D"",[0,2,1,3]],[""S"",[1,3]]]",-0.8258931214545773,-0.8284271247461902,0.0025340032916129074,60,2,8,5,3,8
2026-09-v3-pauli-factor-graph,Hubbard,4.0,11,3,"[[""D"",[0,3,1,2]],[""S"",[0,2]],[""S"",[1,3]],[""S"",[1,2]],[""S"",[2,3]],[""D"",[0,2,1,3]],[""S"",[0,3]],[""D"",[0,1,2,3]]]",-0.8278699964460928,-0.8284271247461902,0.0005571283000973537,60,2,8,5,3,8
2026-09-v3-pauli-factor-graph,Hubbard,4.0,11,4,"[[""S"",[0,1]],[""D"",[0,1,2,3]],[""S"",[0,2]]]",-0.23586786879947308,-0.8284271247461902,0.5925592559467171,60,2,3,2,1,3
2026-09-v3-pauli-factor-graph,Hubbard,4.0,11,5,"[[""S"",[3,2]],[""S"",[1,3]],[""D"",[0,2,1,3]],[""D"",[0,1,2,3]],[""D"",[0,1,2,3]],[""S"",[1,3]],[""D"",[0,2,1,3]]]",-0.8098241990134937,-0.8284271247461902,0.018602925732696507,60,2,7,3,4,7
2026-09-v3-pauli-factor-graph,Hubbard,4.0,11,6,"[[""D"",[0,3,1,2]],[""S"",[0,2]],[""S"",[0,3]],[""S"",[1,3]],[""D"",[0,1,2,3]],[""S"",[1,2]],[""D"",[0,2,1,3]],[""S"",[0,3]]]",-0.8277476492886178,-0.8284271247461902,0.0006794754575724093,60,2,8,5,3,8
2026-09-v3-pauli-factor-graph,Hubbard,4.0,11,7,"[[""S"",[3,2]],[""S"",[2,3]],[""S"",[0,2]],[""S"",[1,3]],[""D"",[0,1,2,3]],[""D"",[0,2,1,3]],[""D"",[0,1,2,3]],[""D"",[0,2,1,3]]]",-0.4493448969079882,-0.8284271247461902,0.379082227838202,60,2,8,4,4,8
2026-09-v3-pauli-factor-graph,Hubbard,4.0,11,8,"[[""S"",[0,1]],[""S"",[1,2]],[""S"",[2,3]]]",-0.4991607650940073,-0.8284271247461902,0.32926635965218287,60,2,3,3,0,3
2026-09-v3-pauli-factor-graph,Hubbard,4.0,11,9,"[[""D"",[0,3,1,2]],[""S"",[0,1]],[""D"",[0,2,1,3]],[""D"",[0,2,1,3]]]",-0.8276231525439095,-0.8284271247461902,0.0008039722022806783,60,2,4,1,3,4
2026-09-v3-pauli-factor-graph,Hubbard,4.0,11,10,"[[""S"",[0,1]],[""S"",[0,2]],[""S"",[0,2]],[""D"",[0,1,2,3]]]",-0.2359255930003875,-0.8284271247461902,0.5925015317458027,60,2,4,3,1,4
2026-09-v3-pauli-factor-graph,Hubbard,4.0,11,11,"[[""S"",[3,2]],[""S"",[0,2]],[""S"",[1,3]],[""D"",[0,2,1,3]],[""D"",[0,2,1,3]],[""S"",[0,2]],[""S"",[1,3]]]",-0.4492315355623474,-0.8284271247461902,0.3791955891838428,60,2,7,5,2,7
2026-09-v3-pauli-factor-graph,Hubbard,4.0,11,12,"[[""D"",[0,3,1,2]],[""S"",[0,2]],[""S"",[1,2]]]",-0.8262965242144078,-0.8284271247461902,0.0021306005317823784,60,2,3,2,1,3
2026-09-v3-pauli-factor-graph,Hubbard,4.0,11,13,"[[""S"",[3,2]],[""S"",[1,2]],[""S"",[0,3]],[""D"",[0,2,1,3]],[""S"",[2,3]]]",-0.5005594033752969,-0.8284271247461902,0.32786772137089326,60,2,5,4,1,5
2026-09-v3-pauli-factor-graph,Hubbard,4.0,11,14,"[[""S"",[0,1]],[""S"",[0,3]],[""D"",[0,2,1,3]],[""S"",[0,1]],[""S"",[0,3]],[""S"",[0,2]],[""S"",[0,1]]]",-0.8258896864498837,-0.8284271247461902,0.0025374382963064823,60,2,7,6,1,7
2026-09-v3-pauli-factor-graph,Hubbard,4.0,11,15,"[[""D"",[0,3,1,2]],[""S"",[1,2]],[""D"",[0,1,2,3]],[""S"",[2,3]],[""D"",[0,1,2,3]],[""S"",[0,1]],[""S"",[1,2]],[""S"",[0,1]]]",-0.8282935501959012,-0.8284271247461902,0.0001335745502889507,60,2,8,5,3,8
2026-09-v3-pauli-factor-graph,Hubbard,4.0,11,16,"[[""S"",[0,1]],[""S"",[0,1]],[""S"",[1,3]],[""S"",[0,1]]]",-0.2359581393704726,-0.8284271247461902,0.5924689853757176,60,2,4,4,0,4
2026-09-v3-pauli-factor-graph,Hubbard,4.0,11,17,"[[""S"",[3,2]],[""S"",[0,3]],[""S"",[0,3]],[""S"",[0,1]]]",-0.4999551525355168,-0.8284271247461902,0.32847197221067337,60,2,4,4,0,4
2026-09-v3-pauli-factor-graph,Hubbard,4.0,11,18,"[[""D"",[0,3,1,2]],[""S"",[1,2]],[""S"",[0,1]],[""S"",[0,1]],[""D"",[0,1,2,3]],[""S"",[0,1]],[""S"",[1,2]]]",-0.23595139208731586,-0.8284271247461902,0.5924757326588743,60,2,7,5,2,7
2026-09-v3-pauli-factor-graph,Hubbard,4.0,11,19,"[[""S"",[3,2]],[""S"",[2,3]],[""S"",[2,3]],[""D"",[0,2,1,3]],[""S"",[0,2]]]",-0.4490326040429682,-0.8284271247461902,0.379394520703222,60,2,5,4,1,5
2026-09-v3-pauli-factor-graph,Hubbard,4.0,11,20,"[[""S"",[0,1]],[""S"",[0,2]],[""S"",[1,3]],[""D"",[0,1,2,3]],[""D"",[0,2,1,3]],[""S"",[2,3]],[""S"",[0,1]],[""S"",[1,2]]]",-0.560420289558447,-0.8284271247461902,0.26800683518774315,60,2,8,6,2,8
2026-09-v3-pauli-factor-graph,Hubbard,4.0,11,21,"[[""D"",[0,3,1,2]],[""S"",[0,2]],[""S"",[2,3]],[""S"",[0,1]],[""S"",[2,3]],[""S"",[0,1]],[""S"",[0,3]]]",-0.8277016124086317,-0.8284271247461902,0.0007255123375584649,60,2,7,6,1,7
2026-09-v3-pauli-factor-graph,Hubbard,4.0,11,22,"[[""S"",[0,1]],[""S"",[2,3]],[""S"",[2,3]],[""S"",[1,2]]]",-0.49999219559363917,-0.8284271247461902,0.328434929152551,60,2,4,4,0,4
2026-09-v3-pauli-factor-graph,Hubbard,4.0,11,23,"[[""S"",[3,2]],[""D"",[0,2,1,3]],[""S"",[0,2]],[""S"",[0,2]]]",-0.4486229579962162,-0.8284271247461902,0.37980416674997397,60,2,4,3,1,4
2026-09-v3-pauli-factor-graph,Hubbard,4.0,23,0,"[[""D"",[0,3,1,2]],[""S"",[1,2]],[""S"",[2,3]]]",-0.2358804945969306,-0.8284271247461902,0.5925466301492596,60,2,3,2,1,3
2026-09-v3-pauli-factor-graph,Hubbard,4.0,23,1,"[[""S"",[3,2]],[""S"",[1,3]],[""S"",[0,1]],[""S"",[0,1]]]",-0.4999807524290889,-0.8284271247461902,0.3284463723171013,60,2,4,4,0,4
2026-09-v3-pauli-factor-graph,Hubbard,4.0,23,2,"[[""S"",[0,1]],[""D"",[0,1,2,3]],[""S"",[1,2]],[""S"",[0,2]],[""S"",[0,2]],[""S"",[0,2]]]",-0.23606528870323462,-0.8284271247461902,0.5923618360429556,60,2,6,5,1,6
2026-09-v3-pauli-factor-graph,Hubbard,4.0,23,3,"[[""D"",[0,3,1,2]],[""S"",[2,3]],[""S"",[0,3]],[""S"",[1,2]],[""S"",[0,1]],[""S"",[0,2]],[""S"",[1,2]]]",-0.828244566231529,-0.8284271247461902,0.00018255851466120188,60,2,7,6,1,7
2026-09-v3-pauli-factor-graph,Hubbard,4.0,23,4,"[[""S"",[0,1]],[""S"",[0,1]],[""S"",[1,2]]]",-0.2360642560544317,-0.8284271247461902,0.5923628686917585,60,2,3,3,0,3
2026-09-v3-pauli-factor-graph,Hubbard,4.0,23,5,"[[""S"",[3,2]],[""S"",[0,3]],[""S"",[2,3]]]",-0.23574984756778194,-0.8284271247461902,0.5926772771784082,60,2,3,3,0,3
2026-09-v3-pauli-factor-graph,Hubbard,4.0,23,6,"[[""D"",[0,3,1,2]],[""S"",[0,1]],[""S"",[2,3]]]",-0.8278462565795932,-0.8284271247461902,0.0005808681665969706,60,2,3,2,1,3
2026-09-v3-pauli-factor-graph,Hubbard,4.0,23,7,"[[""S"",[3,2]],[""S"",[0,3]],[""S"",[2,3]],[""S"",[0,3]]]",-0.23593126660983477,-0.8284271247461902,0.5924958581363554,60,2,4,4,0,4
2026-09-v3-pauli-factor-graph,Hubbard,4.0,23,8,"[[""S"",[0,1]],[""D"",[0,1,2,3]],[""S"",[0,1]],[""D"",[0,2,1,3]],[""S"",[1,2]],[""S"",[0,1]]]",-0.4864813426472374,-0.8284271247461902,0.34194578209895277,60,2,6,4,2,6
2026-09-v3-pauli-factor-graph,Hubbard,4.0,23,9,"[[""D"",[0,3,1,2]],[""D"",[0,1,2,3]],[""S"",[0,3]],[""S"",[0,2]]]",0.0,-0.8284271247461902,0.8284271247461902,60,2,4,2,2,4
2026-09-v3-pauli-factor-graph,Hubbard,4.0,23,10,"[[""S"",[0,1]],[""D"",[0,1,2,3]],[""S"",[0,1]],[""D"",[0,1,2,3]],[""S"",[1,3]],[""D"",[0,2,1,3]]]",-0.4494062401151745,-0.8284271247461902,0.3790208846310157,60,2,6,3,3,6
2026-09-v3-pauli-factor-graph,Hubbard,4.0,23,11,"[[""S"",[3,2]],[""S"",[0,1]],[""D"",[0,1,2,3]]]",-0.49958541731877726,-0.8284271247461902,0.3288417074274129,60,2,3,2,1,3
2026-09-v3-pauli-factor-graph,Hubbard,4.0,23,12,"[[""D"",[0,3,1,2]],[""S"",[0,2]],[""S"",[0,2]],[""S"",[1,3]],[""S"",[0,2]],[""S"",[1,3]],[""S"",[1,2]],[""D"",[0,1,2,3]]]",-0.8280425182135396,-0.8284271247461902,0.00038460653265059985,60,2,8,6,2,8
2026-09-v3-pauli-factor-graph,Hubbard,4.0,23,13,"[[""S"",[3,2]],[""S"",[1,2]],[""S"",[1,2]],[""S"",[2,3]],[""S"",[0,3]],[""S"",[0,2]],[""S"",[0,3]]]",-0.4139790770959414,-0.8284271247461902,0.4144480476502488,60,2,7,7,0,7
2026-09-v3-pauli-factor-graph,Hubbard,4.0,23,14,"[[""S"",[0,1]],[""S"",[1,2]],[""D"",[0,1,2,3]],[""D"",[0,1,2,3]],[""S"",[0,1]],[""S"",[2,3]],[""S"",[0,1]],[""D"",[0,1,2,3]]]",-0.4997596564107526,-0.8284271247461902,0.3286674683354376,60,2,8,5,3,8
2026-09-v3-pauli-factor-graph,Hubbard,4.0,23,15,"[[""D"",[0,3,1,2]],[""D"",[0,2,1,3]],[""S"",[0,1]]]",-0.23606091892065617,-0.8284271247461902,0.592366205825534,60,2,3,1,2,3
2026-09-v3-pauli-factor-graph,Hubbard,4.0,23,16,"[[""S"",[0,1]],[""S"",[1,3]],[""S"",[0,3]]]",-0.2359748363658276,-0.8284271247461902,0.5924522883803626,60,2,3,3,0,3
2026-09-v3-pauli-factor-graph,Hubbard,4.0,23,17,"[[""S"",[3,2]],[""S"",[0,2]],[""D"",[0,2,1,3]],[""S"",[0,3]],[""S"",[0,3]]]",-0.44905942587323966,-0.8284271247461902,0.3793676988729505,60,2,5,4,1,5
2026-09-v3-pauli-factor-graph,Hubbard,4.0,23,18,"[[""D"",[0,3,1,2]],[""S"",[2,3]],[""S"",[0,2]],[""D"",[0,2,1,3]]]",-0.8276302554686055,-0.8284271247461902,0.0007968692775847108,60,2,4,2,2,4
2026-09-v3-pauli-factor-graph,Hubbard,4.0,23,19,"[[""S"",[3,2]],[""S"",[0,3]],[""S"",[0,1]],[""S"",[0,2]],[""S"",[0,1]],[""S"",[1,2]]]",-0.49983175377352085,-0.8284271247461902,0.32859537097266933,60,2,6,6,0,6
2026-09-v3-pauli-factor-graph,Hubbard,4.0,23,20,"[[""S"",[0,1]],[""S"",[0,2]],[""S"",[1,3]],[""S"",[1,3]],[""S"",[1,3]]]",-0.23606695344559103,-0.8284271247461902,0.5923601713005991,60,2,5,5,0,5
2026-09-v3-pauli-factor-graph,Hubbard,4.0,23,21,"[[""D"",[0,3,1,2]],[""D"",[0,2,1,3]],[""S"",[1,3]],[""S"",[0,3]],[""S"",[0,1]],[""S"",[1,2]]]",-0.8274499558351,-0.8284271247461902,0.0009771689110902315,60,2,6,4,2,6
2026-09-v3-pauli-factor-graph,Hubbard,4.0,23,22,"[[""S"",[0,1]],[""S"",[2,3]],[""D"",[0,1,2,3]]]",-0.4997787484888091,-0.8284271247461902,0.3286483762573811,60,2,3,2,1,3
2026-09-v3-pauli-factor-graph,Hubbard,4.0,23,23,"[[""S"",[3,2]],[""S"",[0,2]],[""S"",[1,3]],[""D"",[0,2,1,3]],[""S"",[1,2]]]",-0.44940186556450146,-0.8284271247461902,0.3790252591816887,60,2,5,4,1,5
2026-09-v3-pauli-factor-graph,Hubbard,4.0,37,0,"[[""D"",[0,3,1,2]],[""S"",[2,3]],[""S"",[2,3]]]",-0.23597644157011277,-0.8284271247461902,0.5924506831760774,60,2,3,2,1,3
2026-09-v3-pauli-factor-graph,Hubbard,4.0,37,1,"[[""S"",[3,2]],[""D"",[0,2,1,3]],[""S"",[2,3]],[""S"",[0,3]]]",-0.49346639833271055,-0.8284271247461902,0.3349607264134796,60,2,4,3,1,4
2026-09-v3-pauli-factor-graph,Hubbard,4.0,37,2,"[[""S"",[0,1]],[""S"",[1,2]],[""D"",[0,2,1,3]],[""D"",[0,2,1,3]]]",-0.4491118811392326,-0.8284271247461902,0.37931524360695756,60,2,4,2,2,4
2026-09-v3-pauli-factor-graph,Hubbard,4.0,37,3,"[[""D"",[0,3,1,2]],[""S"",[0,1]],[""S"",[0,2]],[""S"",[1,3]]]",-0.2360538427800698,-0.8284271247461902,0.5923732819661204,60,2,4,3,1,4
2026-09-v3-pauli-factor-graph,Hubbard,4.0,37,4,"[[""S"",[0,1]],[""D"",[0,1,2,3]],[""S"",[2,3]]]",-0.4999983227736645,-0.8284271247461902,0.32842880197252566,60,2,3,2,1,3
2026-09-v3-pauli-factor-graph,Hubbard,4.0,37,5,"[[""S"",[3,2]],[""S"",[0,2]],[""S"",[1,2]],[""S"",[0,2]],[""S"",[2,3]],[""S"",[2,3]],[""D"",[0,1,2,3]]]",-0.8231955433081675,-0.8284271247461902,0.005231581438022714,60,2,7,6,1,7
2026-09-v3-pauli-factor-graph,Hubbard,4.0,37,6,"[[""D"",[0,3,1,2]],[""S"",[0,3]],[""S"",[0,3]],[""S"",[2,3]]]",-0.23600212625541184,-0.8284271247461902,0.5924249984907783,60,2,4,3,1,4
2026-09-v3-pauli-factor-graph,Hubbard,4.0,37,7,"[[""S"",[3,2]],[""S"",[0,2]],[""S"",[0,3]],[""S"",[0,3]],[""S"",[1,3]],[""S"",[0,2]]]",-0.23604837252426802,-0.8284271247461902,0.5923787522219222,60,2,6,6,0,6
2026-09-v3-pauli-factor-graph,Hubbard,4.0,37,8,"[[""S"",[0,1]],[""S"",[1,2]],[""S"",[0,3]],[""D"",[0,2,1,3]],[""S"",[1,3]],[""D"",[0,1,2,3]]]",-0.4493021159777486,-0.8284271247461902,0.3791250087684416,60,2,6,4,2,6
2026-09-v3-pauli-factor-graph,Hubbard,4.0,37,9,"[[""D"",[0,3,1,2]],[""D"",[0,1,2,3]],[""S"",[0,3]],[""S"",[1,2]],[""S"",[0,1]]]",-0.2360304613199461,-0.8284271247461902,0.5923966634262441,60,2,5,3,2,5
2026-09-v3-pauli-factor-graph,Hubbard,4.0,37,10,"[[""S"",[0,1]],[""S"",[0,2]],[""S"",[0,1]],[""S"",[2,3]]]",-0.49953178303954127,-0.8284271247461902,0.3288953417066489,60,2,4,4,0,4
2026-09-v3-pauli-factor-graph,Hubbard,4.0,37,11,"[[""S"",[3,2]],[""D"",[0,1,2,3]],[""D"",[0,1,2,3]],[""S"",[1,2]],[""S"",[1,2]]]",-0.23591703990724522,-0.8284271247461902,0.592510084838945,60,2,5,3,2,5
2026-09-v3-pauli-factor-graph,Hubbard,4.0,37,12,"[[""D"",[0,3,1,2]],[""S"",[0,3]],[""D"",[0,1,2,3]]]",-1.1102230246251565e-16,-0.8284271247461902,0.8284271247461901,60,2,3,1,2,3
2026-09-v3-pauli-factor-graph,Hubbard,4.0,37,13,"[[""S"",[3,2]],[""S"",[1,3]],[""S"",[1,2]],[""D"",[0,1,2,3]]]",-0.23606094647073106,-0.8284271247461902,0.5923661782754591,60,2,4,3,1,4
2026-09-v3-pauli-factor-graph,Hubbard,4.0,37,14,"[[""S"",[0,1]],[""S"",[1,2]],[""S"",[0,1]],[""S"",[0,1]],[""D"",[0,1,2,3]],[""S"",[2,3]],[""S"",[1,2]],[""D"",[0,2,1,3]]]",-0.4998842274349373,-0.8284271247461902,0.32854289731125286,60,2,8,6,2,8
2026-09-v3-pauli-factor-graph,Hubbard,4.0,37,15,"[[""D"",[0,3,1,2]],[""S"",[0,2]],[""D"",[0,2,1,3]],[""S"",[0,1]],[""S"",[0,3]],[""S"",[0,3]],[""D"",[0,2,1,3]]]",-0.8230968916257436,-0.8284271247461902,0.005330233120446559,60,2,7,4,3,7
2026-09-v3-pauli-factor-graph,Hubbard,4.0,37,16,"[[""S"",[0,1]],[""D"",[0,2,1,3]],[""S"",[1,2]],[""S"",[1,3]],[""S"",[2,3]],[""D"",[0,1,2,3]],[""D"",[0,1,2,3]]]",-0.7624101791260168,-0.8284271247461902,0.06601694562017335,60,2,7,4,3,7
2026-09-v3-pauli-factor-graph,Hubbard,4.0,37,17,"[[""S"",[3,2]],[""S"",[0,1]],[""S"",[0,2]],[""S"",[0,3]],[""S"",[0,3]],[""S"",[0,1]],[""S"",[0,3]]]",-0.4996552303424594,-0.8284271247461902,0.3287718944037308,60,2,7,7,0,7
2026-09-v3-pauli-factor-graph,Hubbard,4.0,37,18,"[[""D"",[0,3,1,2]],[""S"",[0,1]],[""S"",[1,2]],[""S"",[0,3]],[""S"",[2,3]],[""S"",[0,2]],[""S"",[0,1]]]",-0.8284254696998763,-0.8284271247461902,1.6550463138864657e-06,60,2,7,6,1,7
2026-09-v3-pauli-factor-graph,Hubbard,4.0,37,19,"[[""S"",[3,2]],[""D"",[0,1,2,3]],[""S"",[1,2]],[""S"",[1,3]],[""D"",[0,2,1,3]],[""S"",[0,2]],[""D"",[0,1,2,3]],[""S"",[2,3]]]",-0.4929819510414226,-0.8284271247461902,0.33544517370476756,60,2,8,5,3,8
2026-09-v3-pauli-factor-graph,Hubbard,4.0,37,20,"[[""S"",[0,1]],[""D"",[0,1,2,3]],[""S"",[1,3]],[""S"",[0,2]],[""D"",[0,1,2,3]],[""S"",[1,3]],[""S"",[1,3]],[""S"",[1,3]]]",-0.44657903889726985,-0.8284271247461902,0.3818480858489203,60,2,8,6,2,8
2026-09-v3-pauli-factor-graph,Hubbard,4.0,37,21,"[[""D"",[0,3,1,2]],[""S"",[0,1]],[""S"",[0,3]],[""S"",[0,3]]]",-0.23602443916634852,-0.8284271247461902,0.5924026855798417,60,2,4,3,1,4
2026-09-v3-pauli-factor-graph,Hubbard,4.0,37,22,"[[""S"",[0,1]],[""S"",[0,3]],[""S"",[0,2]],[""D"",[0,2,1,3]],[""S"",[0,2]],[""S"",[1,3]],[""S"",[0,3]],[""S"",[1,2]]]",-0.44925827742902746,-0.8284271247461902,0.3791688473171627,60,2,8,7,1,8
2026-09-v3-pauli-factor-graph,Hubbard,4.0,37,23,"[[""S"",[3,2]],[""S"",[0,3]],[""S"",[1,2]],[""D"",[0,1,2,3]],[""D"",[0,1,2,3]]]",-0.41285773410541404,-0.8284271247461902,0.41556939064077614,60,2,5,3,2,5
2026-09-v3-pauli-factor-graph,Hubbard,4.0,51,0,"[[""D"",[0,3,1,2]],[""D"",[0,2,1,3]],[""S"",[0,3]],[""S"",[0,3]],[""S"",[0,3]]]",0.0,-0.8284271247461902,0.8284271247461902,60,2,5,3,2,5
2026-09-v3-pauli-factor-graph,Hubbard,4.0,51,1,"[[""S"",[3,2]],[""D"",[0,1,2,3]],[""D"",[0,1,2,3]],[""D"",[0,2,1,3]]]",-0.44937957342436674,-0.8284271247461902,0.37904755132182344,60,2,4,1,3,4
2026-09-v3-pauli-factor-graph,Hubbard,4.0,51,2,"[[""S"",[0,1]],[""D"",[0,1,2,3]],[""S"",[1,2]],[""S"",[2,3]]]",-0.49971022815615007,-0.8284271247461902,0.3287168965900401,60,2,4,3,1,4
2026-09-v3-pauli-factor-graph,Hubbard,4.0,51,3,"[[""D"",[0,3,1,2]],[""S"",[1,2]],[""D"",[0,1,2,3]],[""S"",[0,1]]]",-0.23592506529394308,-0.8284271247461902,0.5925020594522471,60,2,4,2,2,4
2026-09-v3-pauli-factor-graph,Hubbard,4.0,51,4,"[[""S"",[0,1]],[""S"",[2,3]],[""S"",[2,3]]]",-0.49980576892544093,-0.8284271247461902,0.32862135582074925,60,2,3,3,0,3
2026-09-v3-pauli-factor-graph,Hubbard,4.0,51,5,"[[""S"",[3,2]],[""D"",[0,2,1,3]],[""S"",[1,2]],[""S"",[0,2]],[""S"",[0,1]]]",-0.8277673393400132,-0.8284271247461902,0.0006597854061769493,60,2,5,4,1,5
2026-09-v3-pauli-factor-graph,Hubbard,4.0,51,6,"[[""D"",[0,3,1,2]],[""D"",[0,2,1,3]],[""D"",[0,2,1,3]],[""S"",[1,3]],[""S"",[1,3]]]",0.0,-0.8284271247461902,0.8284271247461902,60,2,5,2,3,5
2026-09-v3-pauli-factor-graph,Hubbard,4.0,51,7,"[[""S"",[3,2]],[""S"",[1,3]],[""S"",[1,2]],[""S"",[0,2]],[""S"",[0,3]],[""S"",[0,1]],[""D"",[0,2,1,3]]]",-0.8250805132810852,-0.8284271247461902,0.003346611465104954,60,2,7,6,1,7
2026-09-v3-pauli-factor-graph,Hubbard,4.0,51,8,"[[""S"",[0,1]],[""S"",[0,3]],[""S"",[1,3]]]",-0.23603937258422025,-0.8284271247461902,0.5923877521619699,60,2,3,3,0,3
2026-09-v3-pauli-factor-graph,Hubbard,4.0,51,9,"[[""D"",[0,3,1,2]],[""S"",[0,3]],[""S"",[2,3]],[""S"",[1,3]],[""S"",[0,3]]]",-0.8272460314900071,-0.8284271247461902,0.0011810932561830967,60,2,5,4,1,5
2026-09-v3-pauli-factor-graph,Hubbard,4.0,51,10,"[[""S"",[0,1]],[""S"",[1,3]],[""S"",[0,2]],[""S"",[2,3]],[""S"",[2,3]]]",-0.4998654801254854,-0.8284271247461902,0.3285616446207048,60,2,5,5,0,5
2026-09-v3-pauli-factor-graph,Hubbard,4.0,51,11,"[[""S"",[3,2]],[""S"",[0,1]],[""D"",[0,2,1,3]],[""D"",[0,1,2,3]],[""S"",[1,2]],[""S"",[0,3]],[""S"",[0,2]],[""S"",[0,2]]]",-0.8274301117530035,-0.8284271247461902,0.0009970129931866634,60,2,8,6,2,8
2026-09-v3-pauli-factor-graph,Hubbard,4.0,51,12,"[[""D"",[0,3,1,2]],[""S"",[1,2]],[""S"",[1,3]]]",-1.1102230246251565e-16,-0.8284271247461902,0.8284271247461901,60,2,3,2,1,3
2026-09-v3-pauli-factor-graph,Hubbard,4.0,51,13,"[[""S"",[3,2]],[""S"",[1,2]],[""D"",[0,2,1,3]],[""S"",[1,3]]]",-0.44939146827295096,-0.8284271247461902,0.3790356564732392,60,2,4,3,1,4
2026-09-v3-pauli-factor-graph,Hubbard,4.0,51,14,"[[""S"",[0,1]],[""D"",[0,2,1,3]],[""D"",[0,2,1,3]],[""S"",[1,3]]]",-0.4492231881739839,-0.8284271247461902,0.3792039365722063,60,2,4,2,2,4
2026-09-v3-pauli-factor-graph,Hubbard,4.0,51,15,"[[""D"",[0,3,1,2]],[""D"",[0,1,2,3]],[""S"",[0,1]],[""D"",[0,1,2,3]],[""S"",[0,1]],[""S"",[0,2]],[""S"",[1,2]]]",-0.8188143005412094,-0.8284271247461902,0.009612824204980774,60,2,7,4,3,7
2026-09-v3-pauli-factor-graph,Hubbard,4.0,51,16,"[[""S"",[0,1]],[""S"",[0,3]],[""S"",[0,3]],[""D"",[0,1,2,3]],[""S"",[0,1]],[""S"",[1,3]],[""D"",[0,1,2,3]],[""S"",[2,3]]]",-0.7570151806563229,-0.8284271247461902,0.07141194408986729,60,2,8,6,2,8
2026-09-v3-pauli-factor-graph,Hubbard,4.0,51,17,"[[""S"",[3,2]],[""S"",[1,3]],[""S"",[0,2]]]",-0.23592232905485366,-0.8284271247461902,0.5925047956913365,60,2,3,3,0,3
2026-09-v3-pauli-factor-graph,Hubbard,4.0,51,18,"[[""D"",[0,3,1,2]],[""S"",[1,2]],[""S"",[0,1]],[""S"",[0,3]],[""S"",[0,3]],[""D"",[0,1,2,3]],[""D"",[0,1,2,3]],[""S"",[2,3]]]",-0.8281623891782991,-0.8284271247461902,0.00026473556789108343,60,2,8,5,3,8
2026-09-v3-pauli-factor-graph,Hubbard,4.0,51,19,"[[""S"",[3,2]],[""S"",[2,3]],[""S"",[1,2]]]",-0.23603170673193818,-0.8284271247461902,0.592395418014252,60,2,3,3,0,3
2026-09-v3-pauli-factor-graph,Hubbard,4.0,51,20,"[[""S"",[0,1]],[""S"",[0,1]],[""D"",[0,1,2,3]],[""S"",[0,2]],[""S"",[1,2]],[""S"",[0,1]],[""S"",[1,2]],[""S"",[1,2]]]",-0.23603902752070438,-0.8284271247461902,0.5923880972254858,60,2,8,7,1,8
2026-09-v3-pauli-factor-graph,Hubbard,4.0,51,21,"[[""D"",[0,3,1,2]],[""S"",[2,3]],[""S"",[1,3]],[""D"",[0,2,1,3]],[""S"",[1,2]]]",-0.8275914728149918,-0.8284271247461902,0.000835651931198389,60,2,5,3,2,5
2026-09-v3-pauli-factor-graph,Hubbard,4.0,51,22,"[[""S"",[0,1]],[""S"",[1,2]],[""S"",[1,2]],[""S"",[1,3]],[""S"",[0,1]],[""D"",[0,2,1,3]]]",-0.44943771330819116,-0.8284271247461902,0.378989411437999,60,2,6,5,1,6
2026-09-v3-pauli-factor-graph,Hubbard,4.0,51,23,"[[""S"",[3,2]],[""S"",[0,2]],[""S"",[0,1]],[""S"",[0,2]],[""S"",[0,2]],[""S"",[0,2]],[""S"",[1,3]]]",-0.49971758123029064,-0.8284271247461902,0.32870954351589954,60,2,7,7,0,7
2026-09-v3-pauli-factor-graph,Hubbard,4.0,79,0,"[[""D"",[0,3,1,2]],[""S"",[0,3]],[""S"",[0,1]],[""S"",[1,3]],[""S"",[0,1]],[""D"",[0,1,2,3]],[""S"",[0,2]],[""S"",[0,2]]]",-0.23605646631626664,-0.8284271247461902,0.5923706584299235,60,2,8,6,2,8
2026-09-v3-pauli-factor-graph,Hubbard,4.0,79,1,"[[""S"",[3,2]],[""S"",[0,3]],[""S"",[2,3]],[""S"",[0,1]],[""S"",[1,3]]]",-0.4996434288765178,-0.8284271247461902,0.3287836958696724,60,2,5,5,0,5
2026-09-v3-pauli-factor-graph,Hubbard,4.0,79,2,"[[""S"",[0,1]],[""S"",[1,3]],[""D"",[0,1,2,3]],[""S"",[1,3]],[""S"",[0,1]],[""S"",[0,1]]]",-0.23598661771295015,-0.8284271247461902,0.59244050703324,60,2,6,5,1,6
2026-09-v3-pauli-factor-graph,Hubbard,4.0,79,3,"[[""D"",[0,3,1,2]],[""D"",[0,2,1,3]],[""D"",[0,2,1,3]],[""D"",[0,2,1,3]],[""S"",[0,1]],[""S"",[0,1]],[""D"",[0,2,1,3]],[""S"",[0,2]]]",-0.8274312976032281,-0.8284271247461902,0.0009958271429620913,60,2,8,3,5,8
2026-09-v3-pauli-factor-graph,Hubbard,4.0,79,4,"[[""S"",[0,1]],[""S"",[0,3]],[""S"",[1,2]],[""D"",[0,2,1,3]],[""D"",[0,2,1,3]],[""D"",[0,1,2,3]],[""S"",[0,1]],[""S"",[0,1]]]",-0.6773162590805778,-0.8284271247461902,0.15111086566561238,60,2,8,5,3,8
2026-09-v3-pauli-factor-graph,Hubbard,4.0,79,5,"[[""S"",[3,2]],[""S"",[0,1]],[""D"",[0,2,1,3]],[""D"",[0,2,1,3]],[""S"",[0,1]]]",-0.826909727213796,-0.8284271247461902,0.0015173975323942157,60,2,5,3,2,5
2026-09-v3-pauli-factor-graph,Hubbard,4.0,79,6,"[[""D"",[0,3,1,2]],[""S"",[0,3]],[""D"",[0,2,1,3]],[""S"",[2,3]],[""S"",[2,3]],[""S"",[0,3]]]",-0.2360273804995915,-0.8284271247461902,0.5923997442465987,60,2,6,4,2,6
2026-09-v3-pauli-factor-graph,Hubbard,4.0,79,7,"[[""S"",[3,2]],[""S"",[1,3]],[""S"",[1,2]]]",-0.2358966096891837,-0.8284271247461902,0.5925305150570065,60,2,3,3,0,3
2026-09-v3-pauli-factor-graph,Hubbard,4.0,79,8,"[[""S"",[0,1]],[""D"",[0,2,1,3]],[""S"",[0,1]],[""D"",[0,2,1,3]],[""S"",[1,3]],[""D"",[0,1,2,3]],[""S"",[2,3]],[""D"",[0,2,1,3]]]",-0.822738583937648,-0.8284271247461902,0.005688540808542197,60,2,8,4,4,8
2026-09-v3-pauli-factor-graph,Hubbard,4.0,79,9,"[[""D"",[0,3,1,2]],[""S"",[1,3]],[""S"",[0,2]],[""S"",[0,2]],[""S"",[2,3]]]",-0.23585718244069342,-0.8284271247461902,0.5925699423054968,60,2,5,4,1,5
2026-09-v3-pauli-factor-graph,Hubbard,4.0,79,10,"[[""S"",[0,1]],[""D"",[0,1,2,3]],[""S"",[1,3]],[""S"",[0,2]],[""D"",[0,1,2,3]],[""S"",[0,3]]]",-0.49957608161023637,-0.8284271247461902,0.3288510431359538,60,2,6,4,2,6
2026-09-v3-pauli-factor-graph,Hubbard,4.0,79,11,"[[""S"",[3,2]],[""D"",[0,2,1,3]],[""S"",[1,3]],[""D"",[0,2,1,3]],[""D"",[0,1,2,3]],[""S"",[0,1]]]",-0.8206546897300739,-0.8284271247461902,0.0077724350161162414,60,2,6,3,3,6
2026-09-v3-pauli-factor-graph,Hubbard,4.0,79,12,"[[""D"",[0,3,1,2]],[""S"",[1,2]],[""D"",[0,1,2,3]],[""S"",[2,3]],[""S"",[1,2]],[""S"",[0,1]],[""S"",[1,3]],[""S"",[0,2]]]",-0.8281296987408846,-0.8284271247461902,0.00029742600530557883,60,2,8,6,2,8
2026-09-v3-pauli-factor-graph,Hubbard,4.0,79,13,"[[""S"",[3,2]],[""D"",[0,1,2,3]],[""D"",[0,1,2,3]]]",-0.23599793619901366,-0.8284271247461902,0.5924291885471765,60,2,3,1,2,3
2026-09-v3-pauli-factor-graph,Hubbard,4.0,79,14,"[[""S"",[0,1]],[""S"",[0,1]],[""S"",[0,1]],[""S"",[1,3]],[""D"",[0,1,2,3]]]",-0.23606774260666064,-0.8284271247461902,0.5923593821395295,60,2,5,4,1,5
2026-09-v3-pauli-factor-graph,Hubbard,4.0,79,15,"[[""D"",[0,3,1,2]],[""S"",[0,1]],[""S"",[1,3]],[""D"",[0,2,1,3]],[""S"",[0,2]],[""D"",[0,1,2,3]]]",-0.8263904773599925,-0.8284271247461902,0.0020366473861976875,60,2,6,3,3,6
2026-09-v3-pauli-factor-graph,Hubbard,4.0,79,16,"[[""S"",[0,1]],[""S"",[1,2]],[""D"",[0,1,2,3]],[""S"",[2,3]],[""S"",[1,3]],[""S"",[1,2]],[""S"",[1,3]]]",-0.8260288629753089,-0.8284271247461902,0.002398261770881316,60,2,7,6,1,7
2026-09-v3-pauli-factor-graph,Hubbard,4.0,79,17,"[[""S"",[3,2]],[""S"",[1,3]],[""S"",[0,2]],[""S"",[1,2]],[""D"",[0,1,2,3]],[""S"",[0,1]],[""S"",[0,1]]]",-0.8249967938595075,-0.8284271247461902,0.003430330886682653,60,2,7,6,1,7
2026-09-v3-pauli-factor-graph,Hubbard,4.0,79,18,"[[""D"",[0,3,1,2]],[""S"",[0,1]],[""S"",[0,2]]]",-0.2358844307330784,-0.8284271247461902,0.5925426940131118,60,2,3,2,1,3
2026-09-v3-pauli-factor-graph,Hubbard,4.0,79,19,"[[""S"",[3,2]],[""S"",[2,3]],[""S"",[0,3]],[""S"",[0,2]]]",-0.23605038659270638,-0.8284271247461902,0.5923767381534838,60,2,4,4,0,4
2026-09-v3-pauli-factor-graph,Hubbard,4.0,79,20,"[[""S"",[0,1]],[""S"",[0,2]],[""S"",[0,1]],[""D"",[0,2,1,3]],[""S"",[1,2]],[""S"",[0,2]],[""S"",[1,2]],[""S"",[0,2]]]",-0.8067540765080852,-0.8284271247461902,0.021673048238105008,60,2,8,7,1,8
2026-09-v3-pauli-factor-graph,Hubbard,4.0,79,21,"[[""D"",[0,3,1,2]],[""S"",[0,3]],[""S"",[0,3]],[""S"",[0,2]],[""D"",[0,1,2,3]],[""S"",[0,2]],[""S"",[1,3]]]",-1.1102230246251565e-16,-0.8284271247461902,0.8284271247461901,60,2,7,5,2,7
2026-09-v3-pauli-factor-graph,Hubbard,4.0,79,22,"[[""S"",[0,1]],[""S"",[0,1]],[""S"",[0,2]],[""S"",[1,2]],[""S"",[1,3]],[""S"",[1,2]],[""S"",[0,3]],[""D"",[0,2,1,3]]]",-0.4947905961274609,-0.8284271247461902,0.3336365286187293,60,2,8,7,1,8
2026-09-v3-pauli-factor-graph,Hubbard,4.0,79,23,"[[""S"",[3,2]],[""S"",[0,3]],[""S"",[1,2]]]",-0.4140388164299351,-0.8284271247461902,0.41438830831625506,60,2,3,3,0,3
2026-09-v3-pauli-factor-graph,Hubbard,5.0,11,0,"[[""D"",[0,3,1,2]],[""D"",[0,1,2,3]],[""S"",[1,2]]]",0.0,-0.7015621187164238,0.7015621187164238,60,2,3,1,2,3
2026-09-v3-pauli-factor-graph,Hubbard,5.0,11,1,"[[""S"",[3,2]],[""S"",[2,3]],[""S"",[0,1]],[""S"",[1,2]],[""S"",[0,2]],[""S"",[1,2]]]",-0.6841538179802931,-0.7015621187164238,0.017408300736130755,60,2,6,6,0,6
2026-09-v3-pauli-factor-graph,Hubbard,5.0,11,2,"[[""S"",[0,1]],[""S"",[0,1]],[""S"",[1,3]],[""S"",[0,2]],[""D"",[0,1,2,3]],[""D"",[0,2,1,3]],[""D"",[0,2,1,3]],[""S"",[1,3]]]",-0.6991830832931317,-0.7015621187164238,0.0023790354232920974,60,2,8,5,3,8
2026-09-v3-pauli-factor-graph,Hubbard,5.0,11,3,"[[""D"",[0,3,1,2]],[""S"",[0,2]],[""S"",[1,3]],[""S"",[1,2]],[""S"",[2,3]],[""D"",[0,2,1,3]],[""S"",[0,3]],[""D"",[0,1,2,3]]]",-0.7006469014744297,-0.7015621187164238,0.0009152172419941706,60,2,8,5,3,8
2026-09-v3-pauli-factor-graph,Hubbard,5.0,11,4,"[[""S"",[0,1]],[""D"",[0,1,2,3]],[""S"",[0,2]]]",-0.1924700378718538,-0.7015621187164238,0.50909208084457,60,2,3,2,1,3
2026-09-v3-pauli-factor-graph,Hubbard,5.0,11,5,"[[""S"",[3,2]],[""S"",[1,3]],[""D"",[0,2,1,3]],[""D"",[0,1,2,3]],[""D"",[0,1,2,3]],[""S"",[1,3]],[""D"",[0,2,1,3]]]",-0.6880166538210163,-0.7015621187164238,0.013545464895407533,60,2,7,3,4,7
2026-09-v3-pauli-factor-graph,Hubbard,5.0,11,6,"[[""D"",[0,3,1,2]],[""S"",[0,2]],[""S"",[0,3]],[""S"",[1,3]],[""D"",[0,1,2,3]],[""S"",[1,2]],[""D"",[0,2,1,3]],[""S"",[0,3]]]",-0.7004933529019524,-0.7015621187164238,0.0010687658144714618,60,2,8,5,3,8
2026-09-v3-pauli-factor-graph,Hubbard,5.0,11,7,"[[""S"",[3,2]],[""S"",[2,3]],[""S"",[0,2]],[""S"",[1,3]],[""D"",[0,1,2,3]],[""D"",[0,2,1,3]],[""D"",[0,1,2,3]],[""D"",[0,2,1,3]]]",-0.3721947364159952,-0.7015621187164238,0.3293673823004286,60,2,8,4,4,8
2026-09-v3-pauli-factor-graph,Hubbard,5.0,11,8,"[[""S"",[0,1]],[""S"",[1,2]],[""S"",[2,3]]]",-0.39970839861243035,-0.7015621187164238,0.3018537201039935,60,2,3,3,0,3
2026-09-v3-pauli-factor-graph,Hubbard,5.0,11,9,"[[""D"",[0,3,1,2]],[""S"",[0,1]],[""D"",[0,2,1,3]],[""D"",[0,2,1,3]]]",-0.7010251093686692,-0.7015621187164238,0.0005370093477545801,60,2,4,1,3,4
2026-09-v3-pauli-factor-graph,Hubbard,5.0,11,10,"[[""S"",[0,1]],[""S"",[0,2]],[""S"",[0,2]],[""D"",[0,1,2,3]]]",-0.19257523442574054,-0.7015621187164238,0.5089868842906833,60,2,4,3,1,4
2026-09-v3-pauli-factor-graph,Hubbard,5.0,11,11,"[[""S"",[3,2]],[""S"",[0,2]],[""S"",[1,3]],[""D"",[0,2,1,3]],[""D"",[0,2,1,3]],[""S"",[0,2]],[""S"",[1,3]]]",-0.3719458659741832,-0.7015621187164238,0.3296162527422406,60,2,7,5,2,7
2026-09-v3-pauli-factor-graph,Hubbard,5.0,11,12,"[[""D"",[0,3,1,2]],[""S"",[0,2]],[""S"",[1,2]]]",-0.7010656377429589,-0.7015621187164238,0.0004964809734648856,60,2,3,2,1,3
2026-09-v3-pauli-factor-graph,Hubbard,5.0,11,13,"[[""S"",[3,2]],[""S"",[1,2]],[""S"",[0,3]],[""D"",[0,2,1,3]],[""S"",[2,3]]]",-0.4285627338438345,-0.7015621187164238,0.27299938487258935,60,2,5,4,1,5
2026-09-v3-pauli-factor-graph,Hubbard,5.0,11,14,"[[""S"",[0,1]],[""S"",[0,3]],[""D"",[0,2,1,3]],[""S"",[0,1]],[""S"",[0,3]],[""S"",[0,2]],[""S"",[0,1]]]",-0.649479411077257,-0.7015621187164238,0.05208270763916678,60,2,7,6,1,7
2026-09-v3-pauli-factor-graph,Hubbard,5.0,11,15,"[[""D"",[0,3,1,2]],[""S"",[1,2]],[""D"",[0,1,2,3]],[""S"",[2,3]],[""D"",[0,1,2,3]],[""S"",[0,1]],[""S"",[1,2]],[""S"",[0,1]]]",-0.701278484979597,-0.7015621187164238,0.00028363373682682713,60,2,8,5,3,8
2026-09-v3-pauli-factor-graph,Hubbard,5.0,11,16,"[[""S"",[0,1]],[""S"",[0,1]],[""S"",[1,3]],[""S"",[0,1]]]",-0.1924406662687086,-0.7015621187164238,0.5091214524477152,60,2,4,4,0,4
2026-09-v3-pauli-factor-graph,Hubbard,5.0,11,17,"[[""S"",[3,2]],[""S"",[0,3]],[""S"",[0,3]],[""S"",[0,1]]]",-0.3999465315956845,-0.7015621187164238,0.3016155871207393,60,2,4,4,0,4
2026-09-v3-pauli-factor-graph,Hubbard,5.0,11,18,"[[""D"",[0,3,1,2]],[""S"",[1,2]],[""S"",[0,1]],[""S"",[0,1]],[""D"",[0,1,2,3]],[""S"",[0,1]],[""S"",[1,2]]]",-0.1925044671034679,-0.7015621187164238,0.5090576516129559,60,2,7,5,2,7
2026-09-v3-pauli-factor-graph,Hubbard,5.0,11,19,"[[""S"",[3,2]],[""S"",[2,3]],[""S"",[2,3]],[""D"",[0,2,1,3]],[""S"",[0,2]]]",-0.37175470494414253,-0.7015621187164238,0.3298074137722813,60,2,5,4,1,5
2026-09-v3-pauli-factor-graph,Hubbard,5.0,11,20,"[[""S"",[0,1]],[""S"",[0,2]],[""S"",[1,3]],[""D"",[0,1,2,3]],[""D"",[0,2,1,3]],[""S"",[2,3]],[""S"",[0,1]],[""S"",[1,2]]]",-0.41740313713094945,-0.7015621187164238,0.28415898158547437,60,2,8,6,2,8
2026-09-v3-pauli-factor-graph,Hubbard,5.0,11,21,"[[""D"",[0,3,1,2]],[""S"",[0,2]],[""S"",[2,3]],[""S"",[0,1]],[""S"",[2,3]],[""S"",[0,1]],[""S"",[0,3]]]",-0.7014622024623494,-0.7015621187164238,9.991625407446136e-05,60,2,7,6,1,7
2026-09-v3-pauli-factor-graph,Hubbard,5.0,11,22,"[[""S"",[0,1]],[""S"",[2,3]],[""S"",[2,3]],[""S"",[1,2]]]",-0.39988915773725897,-0.7015621187164238,0.30167296097916485,60,2,4,4,0,4
2026-09-v3-pauli-factor-graph,Hubbard,5.0,11,23,"[[""S"",[3,2]],[""D"",[0,2,1,3]],[""S"",[0,2]],[""S"",[0,2]]]",-0.37165612352992494,-0.7015621187164238,0.3299059951864989,60,2,4,3,1,4
2026-09-v3-pauli-factor-graph,Hubbard,5.0,23,0,"[[""D"",[0,3,1,2]],[""S"",[1,2]],[""S"",[2,3]]]",-0.19248087592086116,-0.7015621187164238,0.5090812427955627,60,2,3,2,1,3
2026-09-v3-pauli-factor-graph,Hubbard,5.0,23,1,"[[""S"",[3,2]],[""S"",[1,3]],[""S"",[0,1]],[""S"",[0,1]]]",-0.39961403109427085,-0.7015621187164238,0.30194808762215297,60,2,4,4,0,4
2026-09-v3-pauli-factor-graph,Hubbard,5.0,23,2,"[[""S"",[0,1]],[""D"",[0,1,2,3]],[""S"",[1,2]],[""S"",[0,2]],[""S"",[0,2]],[""S"",[0,2]]]",-0.19251413129272055,-0.7015621187164238,0.5090479874237033,60,2,6,5,1,6
2026-09-v3-pauli-factor-graph,Hubbard,5.0,23,3,"[[""D"",[0,3,1,2]],[""S"",[2,3]],[""S"",[0,3]],[""S"",[1,2]],[""S"",[0,1]],[""S"",[0,2]],[""S"",[1,2]]]",-0.7013736622284497,-0.7015621187164238,0.0001884564879741646,60,2,7,6,1,7
2026-09-v3-pauli-factor-graph,Hubbard,5.0,23,4,"[[""S"",[0,1]],[""S"",[0,1]],[""S"",[1,2]]]",-0.19256355927642144,-0.7015621187164238,0.5089985594400024,60,2,3,3,0,3
2026-09-v3-pauli-factor-graph,Hubbard,5.0,23,5,"[[""S"",[3,2]],[""S"",[0,3]],[""S"",[2,3]]]",-0.19234928489172565,-0.7015621187164238,0.5092128338246982,60,2,3,3,0,3
2026-09-v3-pauli-factor-graph,Hubbard,5.0,23,6,"[[""D"",[0,3,1,2]],[""S"",[0,1]],[""S"",[2,3]]]",-0.701042822110624,-0.7015621187164238,0.0005192966057998571,60,2,3,2,1,3
2026-09-v3-pauli-factor-graph,Hubbard,5.0,23,7,"[[""S"",[3,2]],[""S"",[0,3]],[""S"",[2,3]],[""S"",[0,3]]]",-0.19258112809078187,-0.7015621187164238,0.508980990625642,60,2,4,4,0,4
2026-09-v3-pauli-factor-graph,Hubbard,5.0,23,8,"[[""S"",[0,1]],[""D"",[0,1,2,3]],[""S"",[0,1]],[""D"",[0,2,1,3]],[""S"",[1,2]],[""S"",[0,1]]]",-0.3862336366152159,-0.7015621187164238,0.3153284821012079,60,2,6,4,2,6
2026-09-v3-pauli-factor-graph,Hubbard,5.0,23,9,"[[""D"",[0,3,1,2]],[""D"",[0,1,2,3]],[""S"",[0,3]],[""S"",[0,2]]]",0.0,-0.7015621187164238,0.7015621187164238,60,2,4,2,2,4
2026-09-v3-pauli-factor-graph,Hubbard,5.0,23,10,"[[""S"",[0,1]],[""D"",[0,1,2,3]],[""S"",[0,1]],[""D"",[0,1,2,3]],[""S"",[1,3]],[""D"",[0,2,1,3]]]",-0.37223145005763225,-0.7015621187164238,0.32933066865879157,60,2,6,3,3,6
2026-09-v3-pauli-factor-graph,Hubbard,5.0,23,11,"[[""S"",[3,2]],[""S"",[0,1]],[""D"",[0,1,2,3]]]",-0.3993725484728434,-0.7015621187164238,0.3021895702435804,60,2,3,2,1,3
2026-09-v3-pauli-factor-graph,Hubbard,5.0,23,12,"[[""D"",[0,3,1,2]],[""S"",[0,2]],[""S"",[0,2]],[""S"",[1,3]],[""S"",[0,2]],[""S"",[1,3]],[""S"",[1,2]],[""D"",[0,1,2,3]]]",-0.7008598497998031,-0.7015621187164238,0.0007022689166207297,60,2,8,6,2,8
2026-09-v3-pauli-factor-graph,Hubbard,5.0,23,13,"[[""S"",[3,2]],[""S"",[1,2]],[""S"",[1,2]],[""S"",[2,3]],[""S"",[0,3]],[""S"",[0,2]],[""S"",[0,3]]]",-0.35026479540223043,-0.7015621187164238,0.3512973233141934,60,2,7,7,0,7
2026-09-v3-pauli-factor-graph,Hubbard,5.0,23,14,"[[""S"",[0,1]],[""S"",[1,2]],[""D"",[0,1,2,3]],[""D"",[0,1,2,3]],[""S"",[0,1]],[""S"",[2,3]],[""S"",[0,1]],[""D"",[0,1,2,3]]]",-0.3999436956222402,-0.7015621187164238,0.30161842309418363,60,2,8,5,3,8
2026-09-v3-pauli-factor-graph,Hubbard,5.0,23,15,"[[""D"",[0,3,1,2]],[""D"",[0,2,1,3]],[""S"",[0,1]]]",-0.1924929898060972,-0.7015621187164238,0.5090691289103266,60,2,3,1,2,3
2026-09-v3-pauli-factor-graph,Hubbard,5.0,23,16,"[[""S"",[0,1]],[""S"",[1,3]],[""S"",[0,3]]]",-0.192532723855104,-0.7015621187164238,0.5090293948613198,60,2,3,3,0,3
2026-09-v3-pauli-factor-graph,Hubbard,5.0,23,17,"[[""S"",[3,2]],[""S"",[0,2]],[""D"",[0,2,1,3]],[""S"",[0,3]],[""S"",[0,3]]]",-0.37102870730466075,-0.7015621187164238,0.33053341141176307,60,2,5,4,1,5
2026-09-v3-pauli-factor-graph,Hubbard,5.0,23,18,"[[""D"",[0,3,1,2]],[""S"",[2,3]],[""S"",[0,2]],[""D"",[0,2,1,3]]]",-0.7008928696794665,-0.7015621187164238,0.000669249036957309,60,2,4,2,2,4
2026-09-v3-pauli-factor-graph,Hubbard,5.0,23,19,"[[""S"",[3,2]],[""S"",[0,3]],[""S"",[0,1]],[""S"",[0,2]],[""S"",[0,1]],[""S"",[1,2]]]",-0.399905073650511,-0.7015621187164238,0.30165704506591284,60,2,6,6,0,6
2026-09-v3-pauli-factor-graph,Hubbard,5.0,23,20,"[[""S"",[0,1]],[""S"",[0,2]],[""S"",[1,3]],[""S"",[1,3]],[""S"",[1,3]]]",-0.19256034427920365,-0.7015621187164238,0.5090017744372202,60,2,5,5,0,5
2026-09-v3-pauli-factor-graph,Hubbard,5.0,23,21,"[[""D"",[0,3,1,2]],[""D"",[0,2,1,3]],[""S"",[1,3]],[""S"",[0,3]],[""S"",[0,1]],[""S"",[1,2]]]",-0.7010045467106814,-0.7015621187164238,0.0005575720057424682,60,2,6,4,2,6
2026-09-v3-pauli-factor-graph,Hubbard,5.0,23,22,"[[""S"",[0,1]],[""S"",[2,3]],[""D"",[0,1,2,3]]]",-0.3999376265823029,-0.7015621187164238,0.3016244921341209,60,2,3,2,1,3
2026-09-v3-pauli-factor-graph,Hubbard,5.0,23,23,"[[""S"",[3,2]],[""S"",[0,2]],[""S"",[1,3]],[""D"",[0,2,1,3]],[""S"",[1,2]]]",-0.3721429101529814,-0.7015621187164238,0.3294192085634424,60,2,5,4,1,5
2026-09-v3-pauli-factor-graph,Hubbard,5.0,37,0,"[[""D"",[0,3,1,2]],[""S"",[2,3]],[""S"",[2,3]]]",-0.19247227702190162,-0.7015621187164238,0.5090898416945222,60,2,3,2,1,3
2026-09-v3-pauli-factor-graph,Hubbard,5.0,37,1,"[[""S"",[3,2]],[""D"",[0,2,1,3]],[""S"",[2,3]],[""S"",[0,3]]]",-0.389536982838796,-0.7015621187164238,0.3120251358776278,60,2,4,3,1,4
2026-09-v3-pauli-factor-graph,Hubbard,5.0,37,2,"[[""S"",[0,1]],[""S"",[1,2]],[""D"",[0,2,1,3]],[""D"",[0,2,1,3]]]",-0.3719926674301308,-0.7015621187164238,0.329569451286293,60,2,4,2,2,4
2026-09-v3-pauli-factor-graph,Hubbard,5.0,37,3,"[[""D"",[0,3,1,2]],[""S"",[0,1]],[""S"",[0,2]],[""S"",[1,3]]]",-0.19255236940990783,-0.7015621187164238,0.509009749306516,60,2,4,3,1,4
2026-09-v3-pauli-factor-graph,Hubbard,5.0,37,4,"[[""S"",[0,1]],[""D"",[0,1,2,3]],[""S"",[2,3]]]",-0.3998085907699982,-0.7015621187164238,0.3017535279464256,60,2,3,2,1,3
2026-09-v3-pauli-factor-graph,Hubbard,5.0,37,5,"[[""S"",[3,2]],[""S"",[0,2]],[""S"",[1,2]],[""S"",[0,2]],[""S"",[2,3]],[""S"",[2,3]],[""D"",[0,1,2,3]]]",-0.6979655069517572,-0.7015621187164238,0.003596611764666635,60,2,7,6,1,7
2026-09-v3-pauli-factor-graph,Hubbard,5.0,37,6,"[[""D"",[0,3,1,2]],[""S"",[0,3]],[""S"",[0,3]],[""S"",[2,3]]]",-0.19241363951542967,-0.7015621187164238,0.5091484792009942,60,2,4,3,1,4
2026-09-v3-pauli-factor-graph,Hubbard,5.0,37,7,"[[""S"",[3,2]],[""S"",[0,2]],[""S"",[0,3]],[""S"",[0,3]],[""S"",[1,3]],[""S"",[0,2]]]",-0.19247107496998161,-0.7015621187164238,0.5090910437464422,60,2,6,6,0,6
2026-09-v3-pauli-factor-graph,Hubbard,5.0,37,8,"[[""S"",[0,1]],[""S"",[1,2]],[""S"",[0,3]],[""D"",[0,2,1,3]],[""S"",[1,3]],[""D"",[0,1,2,3]]]",-0.3722400959413583,-0.7015621187164238,0.3293220227750655,60,2,6,4,2,6
2026-09-v3-pauli-factor-graph,Hubbard,5.0,37,9,"[[""D"",[0,3,1,2]],[""D"",[0,1,2,3]],[""S"",[0,3]],[""S"",[1,2]],[""S"",[0,1]]]",-0.19242065092191107,-0.7015621187164238,0.5091414677945127,60,2,5,3,2,5
2026-09-v3-pauli-factor-graph,Hubbard,5.0,37,10,"[[""S"",[0,1]],[""S"",[0,2]],[""S"",[0,1]],[""S"",[2,3]]]",-0.3996366601128061,-0.7015621187164238,0.30192545860361775,60,2,4,4,0,4
2026-09-v3-pauli-factor-graph,Hubbard,5.0,37,11,"[[""S"",[3,2]],[""D"",[0,1,2,3]],[""D"",[0,1,2,3]],[""S"",[1,2]],[""S"",[1,2]]]",-0.19256868924842885,-0.7015621187164238,0.508993429467995,60,2,5,3,2,5
2026-09-v3-pauli-factor-graph,Hubbard,5.0,37,12,"[[""D"",[0,3,1,2]],[""S"",[0,3]],[""D"",[0,1,2,3]]]",-4.440892098500626e-16,-0.7015621187164238,0.7015621187164234,60,2,3,1,2,3
2026-09-v3-pauli-factor-graph,Hubbard,5.0,37,13,"[[""S"",[3,2]],[""S"",[1,3]],[""S"",[1,2]],[""D"",[0,1,2,3]]]",-0.19250066896604912,-0.7015621187164238,0.5090614497503747,60,2,4,3,1,4
2026-09-v3-pauli-factor-graph,Hubbard,5.0,37,14,"[[""S"",[0,1]],[""S"",[1,2]],[""S"",[0,1]],[""S"",[0,1]],[""D"",[0,1,2,3]],[""S"",[2,3]],[""S"",[1,2]],[""D"",[0,2,1,3]]]",-0.39971122590245134,-0.7015621187164238,0.3018508928139725,60,2,8,6,2,8
2026-09-v3-pauli-factor-graph,Hubbard,5.0,37,15,"[[""D"",[0,3,1,2]],[""S"",[0,2]],[""D"",[0,2,1,3]],[""S"",[0,1]],[""S"",[0,3]],[""S"",[0,3]],[""D"",[0,2,1,3]]]",-0.698505949330103,-0.7015621187164238,0.003056169386320806,60,2,7,4,3,7
2026-09-v3-pauli-factor-graph,Hubbard,5.0,37,16,"[[""S"",[0,1]],[""D"",[0,2,1,3]],[""S"",[1,2]],[""S"",[1,3]],[""S"",[2,3]],[""D"",[0,1,2,3]],[""D"",[0,1,2,3]]]",-0.4750182451810422,-0.7015621187164238,0.22654387353538163,60,2,7,4,3,7
2026-09-v3-pauli-factor-graph,Hubbard,5.0,37,17,"[[""S"",[3,2]],[""S"",[0,1]],[""S"",[0,2]],[""S"",[0,3]],[""S"",[0,3]],[""S"",[0,1]],[""S"",[0,3]]]",-0.3996327231937191,-0.7015621187164238,0.3019293955227047,60,2,7,7,0,7
2026-09-v3-pauli-factor-graph,Hubbard,5.0,37,18,"[[""D"",[0,3,1,2]],[""S"",[0,1]],[""S"",[1,2]],[""S"",[0,3]],[""S"",[2,3]],[""S"",[0,2]],[""S"",[0,1]]]",-0.7012885568290599,-0.7015621187164238,0.00027356188736393783,60,2,7,6,1,7
2026-09-v3-pauli-factor-graph,Hubbard,5.0,37,19,"[[""S"",[3,2]],[""D"",[0,1,2,3]],[""S"",[1,2]],[""S"",[1,3]],[""D"",[0,2,1,3]],[""S"",[0,2]],[""D"",[0,1,2,3]],[""S"",[2,3]]]",-0.3902847324262708,-0.7015621187164238,0.311277386290153,60,2,8,5,3,8
2026-09-v3-pauli-factor-graph,Hubbard,5.0,37,20,"[[""S"",[0,1]],[""D"",[0,1,2,3]],[""S"",[1,3]],[""S"",[0,2]],[""D"",[0,1,2,3]],[""S"",[1,3]],[""S"",[1,3]],[""S"",[1,3]]]",-0.3681573750604613,-0.7015621187164238,0.3334047436559625,60,2,8,6,2,8
2026-09-v3-pauli-factor-graph,Hubbard,5.0,37,21,"[[""D"",[0,3,1,2]],[""S"",[0,1]],[""S"",[0,3]],[""S"",[0,3]]]",-0.19256350056597937,-0.7015621187164238,0.5089986181504444,60,2,4,3,1,4
2026-09-v3-pauli-factor-graph,Hubbard,5.0,37,22,"[[""S"",[0,1]],[""S"",[0,3]],[""S"",[0,2]],[""D"",[0,2,1,3]],[""S"",[0,2]],[""S"",[1,3]],[""S"",[0,3]],[""S"",[1,2]]]",-0.37217819002962527,-0.7015621187164238,0.32938392868679855,60,2,8,7,1,8
2026-09-v3-pauli-factor-graph,Hubbard,5.0,37,23,"[[""S"",[3,2]],[""S"",[0,3]],[""S"",[1,2]],[""D"",[0,1,2,3]],[""D"",[0,1,2,3]]]",-0.35022659535926914,-0.7015621187164238,0.3513355233571547,60,2,5,3,2,5
2026-09-v3-pauli-factor-graph,Hubbard,5.0,51,0,"[[""D"",[0,3,1,2]],[""D"",[0,2,1,3]],[""S"",[0,3]],[""S"",[0,3]],[""S"",[0,3]]]",-6.661338147750939e-16,-0.7015621187164238,0.7015621187164232,60,2,5,3,2,5
2026-09-v3-pauli-factor-graph,Hubbard,5.0,51,1,"[[""S"",[3,2]],[""D"",[0,1,2,3]],[""D"",[0,1,2,3]],[""D"",[0,2,1,3]]]",-0.37226202797374164,-0.7015621187164238,0.3293000907426822,60,2,4,1,3,4
2026-09-v3-pauli-factor-graph,Hubbard,5.0,51,2,"[[""S"",[0,1]],[""D"",[0,1,2,3]],[""S"",[1,2]],[""S"",[2,3]]]",-0.399890216903245,-0.7015621187164238,0.3016719018131788,60,2,4,3,1,4
2026-09-v3-pauli-factor-graph,Hubbard,5.0,51,3,"[[""D"",[0,3,1,2]],[""S"",[1,2]],[""D"",[0,1,2,3]],[""S"",[0,1]]]",-0.19254686780222552,-0.7015621187164238,0.5090152509141983,60,2,4,2,2,4
2026-09-v3-pauli-factor-graph,Hubbard,5.0,51,4,"[[""S"",[0,1]],[""S"",[2,3]],[""S"",[2,3]]]",-0.3998555756951063,-0.7015621187164238,0.3017065430213175,60,2,3,3,0,3
2026-09-v3-pauli-factor-graph,Hubbard,5.0,51,5,"[[""S"",[3,2]],[""D"",[0,2,1,3]],[""S"",[1,2]],[""S"",[0,2]],[""S"",[0,1]]]",-0.5551053060046688,-0.7015621187164238,0.14645681271175504,60,2,5,4,1,5
2026-09-v3-pauli-factor-graph,Hubbard,5.0,51,6,"[[""D"",[0,3,1,2]],[""D"",[0,2,1,3]],[""D"",[0,2,1,3]],[""S"",[1,3]],[""S"",[1,3]]]",2.220446049250313e-16,-0.7015621187164238,0.701562118716424,60,2,5,2,3,5
2026-09-v3-pauli-factor-graph,Hubbard,5.0,51,7,"[[""S"",[3,2]],[""S"",[1,3]],[""S"",[1,2]],[""S"",[0,2]],[""S"",[0,3]],[""S"",[0,1]],[""D"",[0,2,1,3]]]",-0.6948827295606074,-0.7015621187164238,0.006679389155816451,60,2,7,6,1,7
2026-09-v3-pauli-factor-graph,Hubbard,5.0,51,8,"[[""S"",[0,1]],[""S"",[0,3]],[""S"",[1,3]]]",-0.19254774949755626,-0.7015621187164238,0.5090143692188676,60,2,3,3,0,3
2026-09-v3-pauli-factor-graph,Hubbard,5.0,51,9,"[[""D"",[0,3,1,2]],[""S"",[0,3]],[""S"",[2,3]],[""S"",[1,3]],[""S"",[0,3]]]",-0.7010013178148575,-0.7015621187164238,0.000560800901566294,60,2,5,4,1,5
2026-09-v3-pauli-factor-graph,Hubbard,5.0,51,10,"[[""S"",[0,1]],[""S"",[1,3]],[""S"",[0,2]],[""S"",[2,3]],[""S"",[2,3]]]",-0.39983939044130656,-0.7015621187164238,0.30172272827511726,60,2,5,5,0,5
2026-09-v3-pauli-factor-graph,Hubbard,5.0,51,11,"[[""S"",[3,2]],[""S"",[0,1]],[""D"",[0,2,1,3]],[""D"",[0,1,2,3]],[""S"",[1,2]],[""S"",[0,3]],[""S"",[0,2]],[""S"",[0,2]]]",-0.7000248318942282,-0.7015621187164238,0.0015372868221956715,60,2,8,6,2,8
2026-09-v3-pauli-factor-graph,Hubbard,5.0,51,12,"[[""D"",[0,3,1,2]],[""S"",[1,2]],[""S"",[1,3]]]",-2.220446049250313e-16,-0.7015621187164238,0.7015621187164236,60,2,3,2,1,3
2026-09-v3-pauli-factor-graph,Hubbard,5.0,51,13,"[[""S"",[3,2]],[""S"",[1,2]],[""D"",[0,2,1,3]],[""S"",[1,3]]]",-0.3722467260716731,-0.7015621187164238,0.32931539264475074,60,2,4,3,1,4
2026-09-v3-pauli-factor-graph,Hubbard,5.0,51,14,"[[""S"",[0,1]],[""D"",[0,2,1,3]],[""D"",[0,2,1,3]],[""S"",[1,3]]]",-0.3721859042851765,-0.7015621187164238,0.3293762144312473,60,2,4,2,2,4
2026-09-v3-pauli-factor-graph,Hubbard,5.0,51,15,"[[""D"",[0,3,1,2]],[""D"",[0,1,2,3]],[""S"",[0,1]],[""D"",[0,1,2,3]],[""S"",[0,1]],[""S"",[0,2]],[""S"",[1,2]]]",-0.5170029054153468,-0.7015621187164238,0.18455921330107705,60,2,7,4,3,7
2026-09-v3-pauli-factor-graph,Hubbard,5.0,51,16,"[[""S"",[0,1]],[""S"",[0,3]],[""S"",[0,3]],[""D"",[0,1,2,3]],[""S"",[0,1]],[""S"",[1,3]],[""D"",[0,1,2,3]],[""S"",[2,3]]]",-0.4912511916045579,-0.7015621187164238,0.21031092711186594,60,2,8,6,2,8
2026-09-v3-pauli-factor-graph,Hubbard,5.0,51,17,"[[""S"",[3,2]],[""S"",[1,3]],[""S"",[0,2]]]",-0.19248698508218798,-0.7015621187164238,0.5090751336342358,60,2,3,3,0,3
2026-09-v3-pauli-factor-graph,Hubbard,5.0,51,18,"[[""D"",[0,3,1,2]],[""S"",[1,2]],[""S"",[0,1]],[""S"",[0,3]],[""S"",[0,3]],[""D"",[0,1,2,3]],[""D"",[0,1,2,3]],[""S"",[2,3]]]",-0.7010318318928146,-0.7015621187164238,0.0005302868236092273,60,2,8,5,3,8
2026-09-v3-pauli-factor-graph,Hubbard,5.0,51,19,"[[""S"",[3,2]],[""S"",[2,3]],[""S"",[1,2]]]",-0.19222697739778005,-0.7015621187164238,0.5093351413186438,60,2,3,3,0,3
2026-09-v3-pauli-factor-graph,Hubbard,5.0,51,20,"[[""S"",[0,1]],[""S"",[0,1]],[""D"",[0,1,2,3]],[""S"",[0,2]],[""S"",[1,2]],[""S"",[0,1]],[""S"",[1,2]],[""S"",[1,2]]]",-0.19257854421594622,-0.7015621187164238,0.5089835745004776,60,2,8,7,1,8
2026-09-v3-pauli-factor-graph,Hubbard,5.0,51,21,"[[""D"",[0,3,1,2]],[""S"",[2,3]],[""S"",[1,3]],[""D"",[0,2,1,3]],[""S"",[1,2]]]",-0.7007001545598384,-0.7015621187164238,0.0008619641565854597,60,2,5,3,2,5
2026-09-v3-pauli-factor-graph,Hubbard,5.0,51,22,"[[""S"",[0,1]],[""S"",[1,2]],[""S"",[1,2]],[""S"",[1,3]],[""S"",[0,1]],[""D"",[0,2,1,3]]]",-0.37203318918736406,-0.7015621187164238,0.32952892952905977,60,2,6,5,1,6
2026-09-v3-pauli-factor-graph,Hubbard,5.0,51,23,"[[""S"",[3,2]],[""S"",[0,2]],[""S"",[0,1]],[""S"",[0,2]],[""S"",[0,2]],[""S"",[0,2]],[""S"",[1,3]]]",-0.39943563921691916,-0.7015621187164238,0.30212647949950466,60,2,7,7,0,7
2026-09-v3-pauli-factor-graph,Hubbard,5.0,79,0,"[[""D"",[0,3,1,2]],[""S"",[0,3]],[""S"",[0,1]],[""S"",[1,3]],[""S"",[0,1]],[""D"",[0,1,2,3]],[""S"",[0,2]],[""S"",[0,2]]]",-0.19256840895723304,-0.7015621187164238,0.5089937097591908,60,2,8,6,2,8
2026-09-v3-pauli-factor-graph,Hubbard,5.0,79,1,"[[""S"",[3,2]],[""S"",[0,3]],[""S"",[2,3]],[""S"",[0,1]],[""S"",[1,3]]]",-0.3997592509511543,-0.7015621187164238,0.30180286776526954,60,2,5,5,0,5
2026-09-v3-pauli-factor-graph,Hubbard,5.0,79,2,"[[""S"",[0,1]],[""S"",[1,3]],[""D"",[0,1,2,3]],[""S"",[1,3]],[""S"",[0,1]],[""S"",[0,1]]]",-0.19235031298079752,-0.7015621187164238,0.5092118057356263,60,2,6,5,1,6
2026-09-v3-pauli-factor-graph,Hubbard,5.0,79,3,"[[""D"",[0,3,1,2]],[""D"",[0,2,1,3]],[""D"",[0,2,1,3]],[""D"",[0,2,1,3]],[""S"",[0,1]],[""S"",[0,1]],[""D"",[0,2,1,3]],[""S"",[0,2]]]",-0.7006743522503792,-0.7015621187164238,0.0008877664660446039,60,2,8,3,5,8
2026-09-v3-pauli-factor-graph,Hubbard,5.0,79,4,"[[""S"",[0,1]],[""S"",[0,3]],[""S"",[1,2]],[""D"",[0,2,1,3]],[""D"",[0,2,1,3]],[""D"",[0,1,2,3]],[""S"",[0,1]],[""S"",[0,1]]]",-0.43500834518419573,-0.7015621187164238,0.2665537735322281,60,2,8,5,3,8
2026-09-v3-pauli-factor-graph,Hubbard,5.0,79,5,"[[""S"",[3,2]],[""S"",[0,1]],[""D"",[0,2,1,3]],[""D"",[0,2,1,3]],[""S"",[0,1]]]",-0.6981683784164817,-0.7015621187164238,0.003393740299942105,60,2,5,3,2,5
2026-09-v3-pauli-factor-graph,Hubbard,5.0,79,6,"[[""D"",[0,3,1,2]],[""S"",[0,3]],[""D"",[0,2,1,3]],[""S"",[2,3]],[""S"",[2,3]],[""S"",[0,3]]]",-0.19253083691338557,-0.7015621187164238,0.5090312818030382,60,2,6,4,2,6
2026-09-v3-pauli-factor-graph,Hubbard,5.0,79,7,"[[""S"",[3,2]],[""S"",[1,3]],[""S"",[1,2]]]",-0.1925038528873837,-0.7015621187164238,0.5090582658290401,60,2,3,3,0,3
2026-09-v3-pauli-factor-graph,Hubbard,5.0,79,8,"[[""S"",[0,1]],[""D"",[0,2,1,3]],[""S"",[0,1]],[""D"",[0,2,1,3]],[""S"",[1,3]],[""D"",[0,1,2,3]],[""S"",[2,3]],[""D"",[0,2,1,3]]]",-0.6834125537874861,-0.7015621187164238,0.01814956492893771,60,2,8,4,4,8
2026-09-v3-pauli-factor-graph,Hubbard,5.0,79,9,"[[""D"",[0,3,1,2]],[""S"",[1,3]],[""S"",[0,2]],[""S"",[0,2]],[""S"",[2,3]]]",-0.1924851721497034,-0.7015621187164238,0.5090769465667204,60,2,5,4,1,5
2026-09-v3-pauli-factor-graph,Hubbard,5.0,79,10,"[[""S"",[0,1]],[""D"",[0,1,2,3]],[""S"",[1,3]],[""S"",[0,2]],[""D"",[0,1,2,3]],[""S"",[0,3]]]",-0.39767382198936496,-0.7015621187164238,0.30388829672705886,60,2,6,4,2,6
2026-09-v3-pauli-factor-graph,Hubbard,5.0,79,11,"[[""S"",[3,2]],[""D"",[0,2,1,3]],[""S"",[1,3]],[""D"",[0,2,1,3]],[""D"",[0,1,2,3]],[""S"",[0,1]]]",-0.7013108893191018,-0.7015621187164238,0.0002512293973220281,60,2,6,3,3,6
2026-09-v3-pauli-factor-graph,Hubbard,5.0,79,12,"[[""D"",[0,3,1,2]],[""S"",[1,2]],[""D"",[0,1,2,3]],[""S"",[2,3]],[""S"",[1,2]],[""S"",[0,1]],[""S"",[1,3]],[""S"",[0,2]]]",-0.7010335135684176,-0.7015621187164238,0.0005286051480062337,60,2,8,6,2,8
2026-09-v3-pauli-factor-graph,Hubbard,5.0,79,13,"[[""S"",[3,2]],[""D"",[0,1,2,3]],[""D"",[0,1,2,3]]]",-0.19258193444975413,-0.7015621187164238,0.5089801842666697,60,2,3,1,2,3
2026-09-v3-pauli-factor-graph,Hubbard,5.0,79,14,"[[""S"",[0,1]],[""S"",[0,1]],[""S"",[0,1]],[""S"",[1,3]],[""D"",[0,1,2,3]]]",-0.19251417677417804,-0.7015621187164238,0.5090479419422458,60,2,5,4,1,5
2026-09-v3-pauli-factor-graph,Hubbard,5.0,79,15,"[[""D"",[0,3,1,2]],[""S"",[0,1]],[""S"",[1,3]],[""D"",[0,2,1,3]],[""S"",[0,2]],[""D"",[0,1,2,3]]]",-0.6998587912126595,-0.7015621187164238,0.0017033275037643403,60,2,6,3,3,6
2026-09-v3-pauli-factor-graph,Hubbard,5.0,79,16,"[[""S"",[0,1]],[""S"",[1,2]],[""D"",[0,1,2,3]],[""S"",[2,3]],[""S"",[1,3]],[""S"",[1,2]],[""S"",[1,3]]]",-0.6955355561023097,-0.7015621187164238,0.0060265626141141615,60,2,7,6,1,7
2026-09-v3-pauli-factor-graph,Hubbard,5.0,79,17,"[[""S"",[3,2]],[""S"",[1,3]],[""S"",[0,2]],[""S"",[1,2]],[""D"",[0,1,2,3]],[""S"",[0,1]],[""S"",[0,1]]]",-0.6980720849804419,-0.7015621187164238,0.00349003373598189,60,2,7,6,1,7
2026-09-v3-pauli-factor-graph,Hubbard,5.0,79,18,"[[""D"",[0,3,1,2]],[""S"",[0,1]],[""S"",[0,2]]]",-0.19254130314685436,-0.7015621187164238,0.5090208155695695,60,2,3,2,1,3
2026-09-v3-pauli-factor-graph,Hubbard,5.0,79,19,"[[""S"",[3,2]],[""S"",[2,3]],[""S"",[0,3]],[""S"",[0,2]]]",-0.19224204683967905,-0.7015621187164238,0.5093200718767448,60,2,4,4,0,4
2026-09-v3-pauli-factor-graph,Hubbard,5.0,79,20,"[[""S"",[0,1]],[""S"",[0,2]],[""S"",[0,1]],[""D"",[0,2,1,3]],[""S"",[1,2]],[""S"",[0,2]],[""S"",[1,2]],[""S"",[0,2]]]",-0.6798015819145385,-0.7015621187164238,0.021760536801885277,60,2,8,7,1,8
2026-09-v3-pauli-factor-graph,Hubbard,5.0,79,21,"[[""D"",[0,3,1,2]],[""S"",[0,3]],[""S"",[0,3]],[""S"",[0,2]],[""D"",[0,1,2,3]],[""S"",[0,2]],[""S"",[1,3]]]",2.220446049250313e-16,-0.7015621187164238,0.701562118716424,60,2,7,5,2,7
2026-09-v3-pauli-factor-graph,Hubbard,5.0,79,22,"[[""S"",[0,1]],[""S"",[0,1]],[""S"",[0,2]],[""S"",[1,2]],[""S"",[1,3]],[""S"",[1,2]],[""S"",[0,3]],[""D"",[0,2,1,3]]]",-0.39022267919544573,-0.7015621187164238,0.3113394395209781,60,2,8,7,1,8
2026-09-v3-pauli-factor-graph,Hubbard,5.0,79,23,"[[""S"",[3,2]],[""S"",[0,3]],[""S"",[1,2]]]",-0.3507564728538668,-0.7015621187164238,0.350805645862557,60,2,3,3,0,3
2026-09-v3-pauli-factor-graph,Hubbard,6.0,11,0,"[[""D"",[0,3,1,2]],[""D"",[0,1,2,3]],[""S"",[1,2]]]",0.0,-0.6055512754639896,0.6055512754639896,60,2,3,1,2,3
2026-09-v3-pauli-factor-graph,Hubbard,6.0,11,1,"[[""S"",[3,2]],[""S"",[2,3]],[""S"",[0,1]],[""S"",[1,2]],[""S"",[0,2]],[""S"",[1,2]]]",-0.5963783773045574,-0.6055512754639896,0.009172898159432119,60,2,6,6,0,6
2026-09-v3-pauli-factor-graph,Hubbard,6.0,11,2,"[[""S"",[0,1]],[""S"",[0,1]],[""S"",[1,3]],[""S"",[0,2]],[""D"",[0,1,2,3]],[""D"",[0,2,1,3]],[""D"",[0,2,1,3]],[""S"",[1,3]]]",-0.6028054932491149,-0.6055512754639896,0.002745782214874648,60,2,8,5,3,8
2026-09-v3-pauli-factor-graph,Hubbard,6.0,11,3,"[[""D"",[0,3,1,2]],[""S"",[0,2]],[""S"",[1,3]],[""S"",[1,2]],[""S"",[2,3]],[""D"",[0,2,1,3]],[""S"",[0,3]],[""D"",[0,1,2,3]]]",-0.6046962297799249,-0.6055512754639896,0.0008550456840646925,60,2,8,5,3,8
2026-09-v3-pauli-factor-graph,Hubbard,6.0,11,4,"[[""S"",[0,1]],[""D"",[0,1,2,3]],[""S"",[0,2]]]",-0.16223099152811216,-0.6055512754639896,0.4433202839358774,60,2,3,2,1,3
2026-09-v3-pauli-factor-graph,Hubbard,6.0,11,5,"[[""S"",[3,2]],[""S"",[1,3]],[""D"",[0,2,1,3]],[""D"",[0,1,2,3]],[""D"",[0,1,2,3]],[""S"",[1,3]],[""D"",[0,2,1,3]]]",-0.6027683978313723,-0.6055512754639896,0.002782877632617309,60,2,7,3,4,7
2026-09-v3-pauli-factor-graph,Hubbard,6.0,11,6,"[[""D"",[0,3,1,2]],[""S"",[0,2]],[""S"",[0,3]],[""S"",[1,3]],[""D"",[0,1,2,3]],[""S"",[1,2]],[""D"",[0,2,1,3]],[""S"",[0,3]]]",-0.6049798631099885,-0.6055512754639896,0.0005714123540010441,60,2,8,5,3,8
2026-09-v3-pauli-factor-graph,Hubbard,6.0,11,7,"[[""S"",[3,2]],[""S"",[2,3]],[""S"",[0,2]],[""S"",[1,3]],[""D"",[0,1,2,3]],[""D"",[0,2,1,3]],[""D"",[0,1,2,3]],[""D"",[0,2,1,3]]]",-0.31656715080659725,-0.6055512754639896,0.2889841246573923,60,2,8,4,4,8
2026-09-v3-pauli-factor-graph,Hubbard,6.0,11,8,"[[""S"",[0,1]],[""S"",[1,2]],[""S"",[2,3]]]",-0.3331210187670306,-0.6055512754639896,0.272430256696959,60,2,3,3,0,3
2026-09-v3-pauli-factor-graph,Hubbard,6.0,11,9,"[[""D"",[0,3,1,2]],[""S"",[0,1]],[""D"",[0,2,1,3]],[""D"",[0,2,1,3]]]",-0.6051051509182245,-0.6055512754639896,0.000446124545765092,60,2,4,1,3,4
2026-09-v3-pauli-factor-graph,Hubbard,6.0,11,10,"[[""S"",[0,1]],[""S"",[0,2]],[""S"",[0,2]],[""D"",[0,1,2,3]]]",-0.16222749659626423,-0.6055512754639896,0.44332377886772534,60,2,4,3,1,4
2026-09-v3-pauli-factor-graph,Hubbard,6.0,11,11,"[[""S"",[3,2]],[""S"",[0,2]],[""S"",[1,3]],[""D"",[0,2,1,3]],[""D"",[0,2,1,3]],[""S"",[0,2]],[""S"",[1,3]]]",-0.3164916507860298,-0.6055512754639896,0.28905962467795976,60,2,7,5,2,7
2026-09-v3-pauli-factor-graph,Hubbard,6.0,11,12,"[[""D"",[0,3,1,2]],[""S"",[0,2]],[""S"",[1,2]]]",-0.6053041915092133,-0.6055512754639896,0.00024708395477623935,60,2,3,2,1,3
2026-09-v3-pauli-factor-graph,Hubbard,6.0,11,13,"[[""S"",[3,2]],[""S"",[1,2]],[""S"",[0,3]],[""D"",[0,2,1,3]],[""S"",[2,3]]]",-0.3268089217600503,-0.6055512754639896,0.2787423537039393,60,2,5,4,1,5
2026-09-v3-pauli-factor-graph,Hubbard,6.0,11,14,"[[""S"",[0,1]],[""S"",[0,3]],[""D"",[0,2,1,3]],[""S"",[0,1]],[""S"",[0,3]],[""S"",[0,2]],[""S"",[0,1]]]",-0.4674090895581625,-0.6055512754639896,0.13814218590582705,60,2,7,6,1,7
2026-09-v3-pauli-factor-graph,Hubbard,6.0,11,15,"[[""D"",[0,3,1,2]],[""S"",[1,2]],[""D"",[0,1,2,3]],[""S"",[2,3]],[""D"",[0,1,2,3]],[""S"",[0,1]],[""S"",[1,2]],[""S"",[0,1]]]",-0.6053884764259678,-0.6055512754639896,0.00016279903802174367,60,2,8,5,3,8
2026-09-v3-pauli-factor-graph,Hubbard,6.0,11,16,"[[""S"",[0,1]],[""S"",[0,1]],[""S"",[1,3]],[""S"",[0,1]]]",-0.16225017723024093,-0.6055512754639896,0.44330109823374864,60,2,4,4,0,4
2026-09-v3-pauli-factor-graph,Hubbard,6.0,11,17,"[[""S"",[3,2]],[""S"",[0,3]],[""S"",[0,3]],[""S"",[0,1]]]",-0.333265760513771,-0.6055512754639896,0.2722855149502186,60,2,4,4,0,4
2026-09-v3-pauli-factor-graph,Hubbard,6.0,11,18,"[[""D"",[0,3,1,2]],[""S"",[1,2]],[""S"",[0,1]],[""S"",[0,1]],[""D"",[0,1,2,3]],[""S"",[0,1]],[""S"",[1,2]]]",-0.16223679770078836,-0.6055512754639896,0.4433144777632012,60,2,7,5,2,7
2026-09-v3-pauli-factor-graph,Hubbard,6.0,11,19,"[[""S"",[3,2]],[""S"",[2,3]],[""S"",[2,3]],[""D"",[0,2,1,3]],[""S"",[0,2]]]",-0.3161766165025055,-0.6055512754639896,0.28937465896148407,60,2,5,4,1,5
2026-09-v3-pauli-factor-graph,Hubbard,6.0,11,20,"[[""S"",[0,1]],[""S"",[0,2]],[""S"",[1,3]],[""D"",[0,1,2,3]],[""D"",[0,2,1,3]],[""S"",[2,3]],[""S"",[0,1]],[""S"",[1,2]]]",-0.33983655331732954,-0.6055512754639896,0.26571472214666003,60,2,8,6,2,8
2026-09-v3-pauli-factor-graph,Hubbard,6.0,11,21,"[[""D"",[0,3,1,2]],[""S"",[0,2]],[""S"",[2,3]],[""S"",[0,1]],[""S"",[2,3]],[""S"",[0,1]],[""S"",[0,3]]]",-0.6051202838429006,-0.6055512754639896,0.00043099162108894973,60,2,7,6,1,7
2026-09-v3-pauli-factor-graph,Hubbard,6.0,11,22,"[[""S"",[0,1]],[""S"",[2,3]],[""S"",[2,3]],[""S"",[1,2]]]",-0.33331646412504234,-0.6055512754639896,0.2722348113389472,60,2,4,4,0,4
2026-09-v3-pauli-factor-graph,Hubbard,6.0,11,23,"[[""S"",[3,2]],[""D"",[0,2,1,3]],[""S"",[0,2]],[""S"",[0,2]]]",-0.3161070437837856,-0.6055512754639896,0.28944423168020394,60,2,4,3,1,4
2026-09-v3-pauli-factor-graph,Hubbard,6.0,23,0,"[[""D"",[0,3,1,2]],[""S"",[1,2]],[""S"",[2,3]]]",-0.1621886912226449,-0.6055512754639896,0.44336258424134467,60,2,3,2,1,3
2026-09-v3-pauli-factor-graph,Hubbard,6.0,23,1,"[[""S"",[3,2]],[""S"",[1,3]],[""S"",[0,1]],[""S"",[0,1]]]",-0.3329999087776021,-0.6055512754639896,0.27255136668638746,60,2,4,4,0,4
2026-09-v3-pauli-factor-graph,Hubbard,6.0,23,2,"[[""S"",[0,1]],[""D"",[0,1,2,3]],[""S"",[1,2]],[""S"",[0,2]],[""S"",[0,2]],[""S"",[0,2]]]",-0.1622703201776161,-0.6055512754639896,0.44328095528637346,60,2,6,5,1,6
2026-09-v3-pauli-factor-graph,Hubbard,6.0,23,3,"[[""D"",[0,3,1,2]],[""S"",[2,3]],[""S"",[0,3]],[""S"",[1,2]],[""S"",[0,1]],[""S"",[0,2]],[""S"",[1,2]]]",-0.6054866656147381,-0.6055512754639896,6.460984925149571e-05,60,2,7,6,1,7
2026-09-v3-pauli-factor-graph,Hubbard,6.0,23,4,"[[""S"",[0,1]],[""S"",[0,1]],[""S"",[1,2]]]",-0.16221321499403007,-0.6055512754639896,0.4433380604699595,60,2,3,3,0,3
2026-09-v3-pauli-factor-graph,Hubbard,6.0,23,5,"[[""S"",[3,2]],[""S"",[0,3]],[""S"",[2,3]]]",-0.16206971622575983,-0.6055512754639896,0.44348155923822974,60,2,3,3,0,3
2026-09-v3-pauli-factor-graph,Hubbard,6.0,23,6,"[[""D"",[0,3,1,2]],[""S"",[0,1]],[""S"",[2,3]]]",-0.6055295088475164,-0.6055512754639896,2.176661647312894e-05,60,2,3,2,1,3
2026-09-v3-pauli-factor-graph,Hubbard,6.0,23,7,"[[""S"",[3,2]],[""S"",[0,3]],[""S"",[2,3]],[""S"",[0,3]]]",-0.16224556937338752,-0.6055512754639896,0.44330570609060205,60,2,4,4,0,4
2026-09-v3-pauli-factor-graph,Hubbard,6.0,23,8,"[[""S"",[0,1]],[""D"",[0,1,2,3]],[""S"",[0,1]],[""D"",[0,2,1,3]],[""S"",[1,2]],[""S"",[0,1]]]",-0.3225390954286991,-0.6055512754639896,0.2830121800352905,60,2,6,4,2,6
2026-09-v3-pauli-factor-graph,Hubbard,6.0,23,9,"[[""D"",[0,3,1,2]],[""D"",[0,1,2,3]],[""S"",[0,3]],[""S"",[0,2]]]",-2.220446049250313e-16,-0.6055512754639896,0.6055512754639893,60,2,4,2,2,4
2026-09-v3-pauli-factor-graph,Hubbard,6.0,23,10,"[[""S"",[0,1]],[""D"",[0,1,2,3]],[""S"",[0,1]],[""D"",[0,1,2,3]],[""S"",[1,3]],[""D"",[0,2,1,3]]]",-0.3165708752377896,-0.6055512754639896,0.2889804002262,60,2,6,3,3,6
2026-09-v3-pauli-factor-graph,Hubbard,6.0,23,11,"[[""S"",[3,2]],[""S"",[0,1]],[""D"",[0,1,2,3]]]",-0.33331945306332034,-0.6055512754639896,0.27223182240066923,60,2,3,2,1,3
2026-09-v3-pauli-factor-graph,Hubbard,6.0,23,12,"[[""D"",[0,3,1,2]],[""S"",[0,2]],[""S"",[0,2]],[""S"",[1,3]],[""S"",[0,2]],[""S"",[1,3]],[""S"",[1,2]],[""D"",[0,1,2,3]]]",-0.6046362950493218,-0.6055512754639896,0.0009149804146677543,60,2,8,6,2,8
2026-09-v3-pauli-factor-graph,Hubbard,6.0,23,13,"[[""S"",[3,2]],[""S"",[1,2]],[""S"",[1,2]],[""S"",[2,3]],[""S"",[0,3]],[""S"",[0,2]],[""S"",[0,3]]]",-0.3025400533637743,-0.6055512754639896,0.30301122210021525,60,2,7,7,0,7
2026-09-v3-pauli-factor-graph,Hubbard,6.0,23,14,"[[""S"",[0,1]],[""S"",[1,2]],[""D"",[0,1,2,3]],[""D"",[0,1,2,3]],[""S"",[0,1]],[""S"",[2,3]],[""S"",[0,1]],[""D"",[0,1,2,3]]]",-0.3330056736300122,-0.6055512754639896,0.27254560183397736,60,2,8,5,3,8
2026-09-v3-pauli-factor-graph,Hubbard,6.0,23,15,"[[""D"",[0,3,1,2]],[""D"",[0,2,1,3]],[""S"",[0,1]]]",-0.16211595068615914,-0.6055512754639896,0.44343532477783043,60,2,3,1,2,3
2026-09-v3-pauli-factor-graph,Hubbard,6.0,23,16,"[[""S"",[0,1]],[""S"",[1,3]],[""S"",[0,3]]]",-0.16220412419340113,-0.6055512754639896,0.44334715127058844,60,2,3,3,0,3
2026-09-v3-pauli-factor-graph,Hubbard,6.0,23,17,"[[""S"",[3,2]],[""S"",[0,2]],[""D"",[0,2,1,3]],[""S"",[0,3]],[""S"",[0,3]]]",-0.3155637373666218,-0.6055512754639896,0.28998753809736777,60,2,5,4,1,5
2026-09-v3-pauli-factor-graph,Hubbard,6.0,23,18,"[[""D"",[0,3,1,2]],[""S"",[2,3]],[""S"",[0,2]],[""D"",[0,2,1,3]]]",-0.6049653402622338,-0.6055512754639896,0.0005859352017557606,60,2,4,2,2,4
2026-09-v3-pauli-factor-graph,Hubbard,6.0,23,19,"[[""S"",[3,2]],[""S"",[0,3]],[""S"",[0,1]],[""S"",[0,2]],[""S"",[0,1]],[""S"",[1,2]]]",-0.3331302535407472,-0.6055512754639896,0.27242102192324236,60,2,6,6,0,6
2026-09-v3-pauli-factor-graph,Hubbard,6.0,23,20,"[[""S"",[0,1]],[""S"",[0,2]],[""S"",[1,3]],[""S"",[1,3]],[""S"",[1,3]]]",-0.1622445495108178,-0.6055512754639896,0.4433067259531718,60,2,5,5,0,5
2026-09-v3-pauli-factor-graph,Hubbard,6.0,23,21,"[[""D"",[0,3,1,2]],[""D"",[0,2,1,3]],[""S"",[1,3]],[""S"",[0,3]],[""S"",[0,1]],[""S"",[1,2]]]",-0.6048946707402169,-0.6055512754639896,0.0006566047237727135,60,2,6,4,2,6
2026-09-v3-pauli-factor-graph,Hubbard,6.0,23,22,"[[""S"",[0,1]],[""S"",[2,3]],[""D"",[0,1,2,3]]]",-0.33327407392060837,-0.6055512754639896,0.2722772015433812,60,2,3,2,1,3
2026-09-v3-pauli-factor-graph,Hubbard,6.0,23,23,"[[""S"",[3,2]],[""S"",[0,2]],[""S"",[1,3]],[""D"",[0,2,1,3]],[""S"",[1,2]]]",-0.3165086358777145,-0.6055512754639896,0.2890426395862751,60,2,5,4,1,5
2026-09-v3-pauli-factor-graph,Hubbard,6.0,37,0,"[[""D"",[0,3,1,2]],[""S"",[2,3]],[""S"",[2,3]]]",-0.16227577878300092,-0.6055512754639896,0.44327549668098865,60,2,3,2,1,3
2026-09-v3-pauli-factor-graph,Hubbard,6.0,37,1,"[[""S"",[3,2]],[""D"",[0,2,1,3]],[""S"",[2,3]],[""S"",[0,3]]]",-0.32403410354231577,-0.6055512754639896,0.2815171719216738,60,2,4,3,1,4
2026-09-v3-pauli-factor-graph,Hubbard,6.0,37,2,"[[""S"",[0,1]],[""S"",[1,2]],[""D"",[0,2,1,3]],[""D"",[0,2,1,3]]]",-0.3164623165010272,-0.6055512754639896,0.2890889589629624,60,2,4,2,2,4
2026-09-v3-pauli-factor-graph,Hubbard,6.0,37,3,"[[""D"",[0,3,1,2]],[""S"",[0,1]],[""S"",[0,2]],[""S"",[1,3]]]",-0.16210880516200565,-0.6055512754639896,0.4434424703019839,60,2,4,3,1,4
2026-09-v3-pauli-factor-graph,Hubbard,6.0,37,4,"[[""S"",[0,1]],[""D"",[0,1,2,3]],[""S"",[2,3]]]",-0.3332437214623276,-0.6055512754639896,0.27230755400166196,60,2,3,2,1,3
2026-09-v3-pauli-factor-graph,Hubbard,6.0,37,5,"[[""S"",[3,2]],[""S"",[0,2]],[""S"",[1,2]],[""S"",[0,2]],[""S"",[2,3]],[""S"",[2,3]],[""D"",[0,1,2,3]]]",-0.5980477001797428,-0.6055512754639896,0.007503575284246722,60,2,7,6,1,7
2026-09-v3-pauli-factor-graph,Hubbard,6.0,37,6,"[[""D"",[0,3,1,2]],[""S"",[0,3]],[""S"",[0,3]],[""S"",[2,3]]]",-0.16226738931646012,-0.6055512754639896,0.44328388614752945,60,2,4,3,1,4
2026-09-v3-pauli-factor-graph,Hubbard,6.0,37,7,"[[""S"",[3,2]],[""S"",[0,2]],[""S"",[0,3]],[""S"",[0,3]],[""S"",[1,3]],[""S"",[0,2]]]",-0.16224457492052324,-0.6055512754639896,0.4433067005434663,60,2,6,6,0,6
2026-09-v3-pauli-factor-graph,Hubbard,6.0,37,8,"[[""S"",[0,1]],[""S"",[1,2]],[""S"",[0,3]],[""D"",[0,2,1,3]],[""S"",[1,3]],[""D"",[0,1,2,3]]]",-0.3163567241984462,-0.6055512754639896,0.2891945512655434,60,2,6,4,2,6
2026-09-v3-pauli-factor-graph,Hubbard,6.0,37,9,"[[""D"",[0,3,1,2]],[""D"",[0,1,2,3]],[""S"",[0,3]],[""S"",[1,2]],[""S"",[0,1]]]",-0.1622485519634771,-0.6055512754639896,0.4433027235005125,60,2,5,3,2,5
2026-09-v3-pauli-factor-graph,Hubbard,6.0,37,10,"[[""S"",[0,1]],[""S"",[0,2]],[""S"",[0,1]],[""S"",[2,3]]]",-0.33318439243721865,-0.6055512754639896,0.2723668830267709,60,2,4,4,0,4
2026-09-v3-pauli-factor-graph,Hubbard,6.0,37,11,"[[""S"",[3,2]],[""D"",[0,1,2,3]],[""D"",[0,1,2,3]],[""S"",[1,2]],[""S"",[1,2]]]",-0.16214864428510278,-0.6055512754639896,0.4434026311788868,60,2,5,3,2,5
2026-09-v3-pauli-factor-graph,Hubbard,6.0,37,12,"[[""D"",[0,3,1,2]],[""S"",[0,3]],[""D"",[0,1,2,3]]]",0.0,-0.6055512754639896,0.6055512754639896,60,2,3,1,2,3
2026-09-v3-pauli-factor-graph,Hubbard,6.0,37,13,"[[""S"",[3,2]],[""S"",[1,3]],[""S"",[1,2]],[""D"",[0,1,2,3]]]",-0.16226883428691874,-0.6055512754639896,0.44328244117707083,60,2,4,3,1,4
2026-09-v3-pauli-factor-graph,Hubbard,6.0,37,14,"[[""S"",[0,1]],[""S"",[1,2]],[""S"",[0,1]],[""S"",[0,1]],[""D"",[0,1,2,3]],[""S"",[2,3]],[""S"",[1,2]],[""D"",[0,2,1,3]]]",-0.3332863458724007,-0.6055512754639896,0.2722649295915889,60,2,8,6,2,8
2026-09-v3-pauli-factor-graph,Hubbard,6.0,37,15,"[[""D"",[0,3,1,2]],[""S"",[0,2]],[""D"",[0,2,1,3]],[""S"",[0,1]],[""S"",[0,3]],[""S"",[0,3]],[""D"",[0,2,1,3]]]",-0.6046548604011575,-0.6055512754639896,0.0008964150628321121,60,2,7,4,3,7
2026-09-v3-pauli-factor-graph,Hubbard,6.0,37,16,"[[""S"",[0,1]],[""D"",[0,2,1,3]],[""S"",[1,2]],[""S"",[1,3]],[""S"",[2,3]],[""D"",[0,1,2,3]],[""D"",[0,1,2,3]]]",-0.3618357869517028,-0.6055512754639896,0.24371548851228675,60,2,7,4,3,7
2026-09-v3-pauli-factor-graph,Hubbard,6.0,37,17,"[[""S"",[3,2]],[""S"",[0,1]],[""S"",[0,2]],[""S"",[0,3]],[""S"",[0,3]],[""S"",[0,1]],[""S"",[0,3]]]",-0.3331077054361584,-0.6055512754639896,0.27244357002783115,60,2,7,7,0,7
2026-09-v3-pauli-factor-graph,Hubbard,6.0,37,18,"[[""D"",[0,3,1,2]],[""S"",[0,1]],[""S"",[1,2]],[""S"",[0,3]],[""S"",[2,3]],[""S"",[0,2]],[""S"",[0,1]]]",-0.6053619577578925,-0.6055512754639896,0.00018931770609709186,60,2,7,6,1,7
2026-09-v3-pauli-factor-graph,Hubbard,6.0,37,19,"[[""S"",[3,2]],[""D"",[0,1,2,3]],[""S"",[1,2]],[""S"",[1,3]],[""D"",[0,2,1,3]],[""S"",[0,2]],[""D"",[0,1,2,3]],[""S"",[2,3]]]",-0.32467903894287375,-0.6055512754639896,0.2808722365211158,60,2,8,5,3,8
2026-09-v3-pauli-factor-graph,Hubbard,6.0,37,20,"[[""S"",[0,1]],[""D"",[0,1,2,3]],[""S"",[1,3]],[""S"",[0,2]],[""D"",[0,1,2,3]],[""S"",[1,3]],[""S"",[1,3]],[""S"",[1,3]]]",-0.3124919573763716,-0.6055512754639896,0.293059318087618,60,2,8,6,2,8
2026-09-v3-pauli-factor-graph,Hubbard,6.0,37,21,"[[""D"",[0,3,1,2]],[""S"",[0,1]],[""S"",[0,3]],[""S"",[0,3]]]",-0.1622218220693401,-0.6055512754639896,0.44332945339464946,60,2,4,3,1,4
2026-09-v3-pauli-factor-graph,Hubbard,6.0,37,22,"[[""S"",[0,1]],[""S"",[0,3]],[""S"",[0,2]],[""D"",[0,2,1,3]],[""S"",[0,2]],[""S"",[1,3]],[""S"",[0,3]],[""S"",[1,2]]]",-0.3164504169927562,-0.6055512754639896,0.28910085847123335,60,2,8,7,1,8
2026-09-v3-pauli-factor-graph,Hubbard,6.0,37,23,"[[""S"",[3,2]],[""S"",[0,3]],[""S"",[1,2]],[""D"",[0,1,2,3]],[""D"",[0,1,2,3]]]",-0.3025822081871963,-0.6055512754639896,0.3029690672767933,60,2,5,3,2,5
2026-09-v3-pauli-factor-graph,Hubbard,6.0,51,0,"[[""D"",[0,3,1,2]],[""D"",[0,2,1,3]],[""S"",[0,3]],[""S"",[0,3]],[""S"",[0,3]]]",0.0,-0.6055512754639896,0.6055512754639896,60,2,5,3,2,5
2026-09-v3-pauli-factor-graph,Hubbard,6.0,51,1,"[[""S"",[3,2]],[""D"",[0,1,2,3]],[""D"",[0,1,2,3]],[""D"",[0,2,1,3]]]",-0.31661561340155453,-0.6055512754639896,0.28893566206243504,60,2,4,1,3,4
2026-09-v3-pauli-factor-graph,Hubbard,6.0,51,2,"[[""S"",[0,1]],[""D"",[0,1,2,3]],[""S"",[1,2]],[""S"",[2,3]]]",-0.33320299686517574,-0.6055512754639896,0.27234827859881383,60,2,4,3,1,4
2026-09-v3-pauli-factor-graph,Hubbard,6.0,51,3,"[[""D"",[0,3,1,2]],[""S"",[1,2]],[""D"",[0,1,2,3]],[""S"",[0,1]]]",-0.16226720828635877,-0.6055512754639896,0.4432840671776308,60,2,4,2,2,4
2026-09-v3-pauli-factor-graph,Hubbard,6.0,51,4,"[[""S"",[0,1]],[""S"",[2,3]],[""S"",[2,3]]]",-0.33328424426403047,-0.6055512754639896,0.2722670311999591,60,2,3,3,0,3
2026-09-v3-pauli-factor-graph,Hubbard,6.0,51,5,"[[""S"",[3,2]],[""D"",[0,2,1,3]],[""S"",[1,2]],[""S"",[0,2]],[""S"",[0,1]]]",-0.3910928554789379,-0.6055512754639896,0.21445841998505166,60,2,5,4,1,5
2026-09-v3-pauli-factor-graph,Hubbard,6.0,51,6,"[[""D"",[0,3,1,2]],[""D"",[0,2,1,3]],[""D"",[0,2,1,3]],[""S"",[1,3]],[""S"",[1,3]]]",2.220446049250313e-16,-0.6055512754639896,0.6055512754639898,60,2,5,2,3,5
2026-09-v3-pauli-factor-graph,Hubbard,6.0,51,7,"[[""S"",[3,2]],[""S"",[1,3]],[""S"",[1,2]],[""S"",[0,2]],[""S"",[0,3]],[""S"",[0,1]],[""D"",[0,2,1,3]]]",-0.5953383838850441,-0.6055512754639896,0.010212891578945449,60,2,7,6,1,7
2026-09-v3-pauli-factor-graph,Hubbard,6.0,51,8,"[[""S"",[0,1]],[""S"",[0,3]],[""S"",[1,3]]]",-0.16218169362810664,-0.6055512754639896,0.44336958183588293,60,2,3,3,0,3
2026-09-v3-pauli-factor-graph,Hubbard,6.0,51,9,"[[""D"",[0,3,1,2]],[""S"",[0,3]],[""S"",[2,3]],[""S"",[1,3]],[""S"",[0,3]]]",-0.605192831841271,-0.6055512754639896,0.0003584436227185295,60,2,5,4,1,5
2026-09-v3-pauli-factor-graph,Hubbard,6.0,51,10,"[[""S"",[0,1]],[""S"",[1,3]],[""S"",[0,2]],[""S"",[2,3]],[""S"",[2,3]]]",-0.3330003897734499,-0.6055512754639896,0.27255088569053965,60,2,5,5,0,5
2026-09-v3-pauli-factor-graph,Hubbard,6.0,51,11,"[[""S"",[3,2]],[""S"",[0,1]],[""D"",[0,2,1,3]],[""D"",[0,1,2,3]],[""S"",[1,2]],[""S"",[0,3]],[""S"",[0,2]],[""S"",[0,2]]]",-0.5971403051015884,-0.6055512754639896,0.008410970362401127,60,2,8,6,2,8
2026-09-v3-pauli-factor-graph,Hubbard,6.0,51,12,"[[""D"",[0,3,1,2]],[""S"",[1,2]],[""S"",[1,3]]]",-2.220446049250313e-16,-0.6055512754639896,0.6055512754639893,60,2,3,2,1,3
2026-09-v3-pauli-factor-graph,Hubbard,6.0,51,13,"[[""S"",[3,2]],[""S"",[1,2]],[""D"",[0,2,1,3]],[""S"",[1,3]]]",-0.31662309001854916,-0.6055512754639896,0.2889281854454404,60,2,4,3,1,4
2026-09-v3-pauli-factor-graph,Hubbard,6.0,51,14,"[[""S"",[0,1]],[""D"",[0,2,1,3]],[""D"",[0,2,1,3]],[""S"",[1,3]]]",-0.3166184312596598,-0.6055512754639896,0.28893284420432974,60,2,4,2,2,4
2026-09-v3-pauli-factor-graph,Hubbard,6.0,51,15,"[[""D"",[0,3,1,2]],[""D"",[0,1,2,3]],[""S"",[0,1]],[""D"",[0,1,2,3]],[""S"",[0,1]],[""S"",[0,2]],[""S"",[1,2]]]",-0.5291114537147792,-0.6055512754639896,0.07643982174921038,60,2,7,4,3,7
2026-09-v3-pauli-factor-graph,Hubbard,6.0,51,16,"[[""S"",[0,1]],[""S"",[0,3]],[""S"",[0,3]],[""D"",[0,1,2,3]],[""S"",[0,1]],[""S"",[1,3]],[""D"",[0,1,2,3]],[""S"",[2,3]]]",-0.35832159824650156,-0.6055512754639896,0.247229677217488,60,2,8,6,2,8
2026-09-v3-pauli-factor-graph,Hubbard,6.0,51,17,"[[""S"",[3,2]],[""S"",[1,3]],[""S"",[0,2]]]",-0.16217419774235142,-0.6055512754639896,0.44337707772163815,60,2,3,3,0,3
2026-09-v3-pauli-factor-graph,Hubbard,6.0,51,18,"[[""D"",[0,3,1,2]],[""S"",[1,2]],[""S"",[0,1]],[""S"",[0,3]],[""S"",[0,3]],[""D"",[0,1,2,3]],[""D"",[0,1,2,3]],[""S"",[2,3]]]",-0.6055032676015906,-0.6055512754639896,4.800786239900212e-05,60,2,8,5,3,8
2026-09-v3-pauli-factor-graph,Hubbard,6.0,51,19,"[[""S"",[3,2]],[""S"",[2,3]],[""S"",[1,2]]]",-0.16225668555458284,-0.6055512754639896,0.44329458990940673,60,2,3,3,0,3
2026-09-v3-pauli-factor-graph,Hubbard,6.0,51,20,"[[""S"",[0,1]],[""S"",[0,1]],[""D"",[0,1,2,3]],[""S"",[0,2]],[""S"",[1,2]],[""S"",[0,1]],[""S"",[1,2]],[""S"",[1,2]]]",-0.1621923447135516,-0.6055512754639896,0.443358930750438,60,2,8,7,1,8
2026-09-v3-pauli-factor-graph,Hubbard,6.0,51,21,"[[""D"",[0,3,1,2]],[""S"",[2,3]],[""S"",[1,3]],[""D"",[0,2,1,3]],[""S"",[1,2]]]",-0.6037934226117545,-0.6055512754639896,0.0017578528522350645,60,2,5,3,2,5
2026-09-v3-pauli-factor-graph,Hubbard,6.0,51,22,"[[""S"",[0,1]],[""S"",[1,2]],[""S"",[1,2]],[""S"",[1,3]],[""S"",[0,1]],[""D"",[0,2,1,3]]]",-0.3165437370217745,-0.6055512754639896,0.28900753844221505,60,2,6,5,1,6
2026-09-v3-pauli-factor-graph,Hubbard,6.0,51,23,"[[""S"",[3,2]],[""S"",[0,2]],[""S"",[0,1]],[""S"",[0,2]],[""S"",[0,2]],[""S"",[0,2]],[""S"",[1,3]]]",-0.33328383959007857,-0.6055512754639896,0.272267435873911,60,2,7,7,0,7
2026-09-v3-pauli-factor-graph,Hubbard,6.0,79,0,"[[""D"",[0,3,1,2]],[""S"",[0,3]],[""S"",[0,1]],[""S"",[1,3]],[""S"",[0,1]],[""D"",[0,1,2,3]],[""S"",[0,2]],[""S"",[0,2]]]",-0.1622772815268283,-0.6055512754639896,0.44327399393716127,60,2,8,6,2,8
2026-09-v3-pauli-factor-graph,Hubbard,6.0,79,1,"[[""S"",[3,2]],[""S"",[0,3]],[""S"",[2,3]],[""S"",[0,1]],[""S"",[1,3]]]",-0.33326149085839973,-0.6055512754639896,0.27228978460558984,60,2,5,5,0,5
2026-09-v3-pauli-factor-graph,Hubbard,6.0,79,2,"[[""S"",[0,1]],[""S"",[1,3]],[""D"",[0,1,2,3]],[""S"",[1,3]],[""S"",[0,1]],[""S"",[0,1]]]",-0.1620288684104365,-0.6055512754639896,0.44352240705355306,60,2,6,5,1,6
2026-09-v3-pauli-factor-graph,Hubbard,6.0,79,3,"[[""D"",[0,3,1,2]],[""D"",[0,2,1,3]],[""D"",[0,2,1,3]],[""D"",[0,2,1,3]],[""S"",[0,1]],[""S"",[0,1]],[""D"",[0,2,1,3]],[""S"",[0,2]]]",-0.6046689764059333,-0.6055512754639896,0.0008822990580562573,60,2,8,3,5,8
2026-09-v3-pauli-factor-graph,Hubbard,6.0,79,4,"[[""S"",[0,1]],[""S"",[0,3]],[""S"",[1,2]],[""D"",[0,2,1,3]],[""D"",[0,2,1,3]],[""D"",[0,1,2,3]],[""S"",[0,1]],[""S"",[0,1]]]",-0.3433484232841426,-0.6055512754639896,0.26220285217984696,60,2,8,5,3,8
2026-09-v3-pauli-factor-graph,Hubbard,6.0,79,5,"[[""S"",[3,2]],[""S"",[0,1]],[""D"",[0,2,1,3]],[""D"",[0,2,1,3]],[""S"",[0,1]]]",-0.6020624995779844,-0.6055512754639896,0.0034887758860051576,60,2,5,3,2,5
2026-09-v3-pauli-factor-graph,Hubbard,6.0,79,6,"[[""D"",[0,3,1,2]],[""S"",[0,3]],[""D"",[0,2,1,3]],[""S"",[2,3]],[""S"",[2,3]],[""S"",[0,3]]]",-0.1622685302049045,-0.6055512754639896,0.44328274525908506,60,2,6,4,2,6
2026-09-v3-pauli-factor-graph,Hubbard,6.0,79,7,"[[""S"",[3,2]],[""S"",[1,3]],[""S"",[1,2]]]",-0.16227038522975512,-0.6055512754639896,0.44328089023423445,60,2,3,3,0,3
2026-09-v3-pauli-factor-graph,Hubbard,6.0,79,8,"[[""S"",[0,1]],[""D"",[0,2,1,3]],[""S"",[0,1]],[""D"",[0,2,1,3]],[""S"",[1,3]],[""D"",[0,1,2,3]],[""S"",[2,3]],[""D"",[0,2,1,3]]]",-0.43288758844749764,-0.6055512754639896,0.17266368701649193,60,2,8,4,4,8
2026-09-v3-pauli-factor-graph,Hubbard,6.0,79,9,"[[""D"",[0,3,1,2]],[""S"",[1,3]],[""S"",[0,2]],[""S"",[0,2]],[""S"",[2,3]]]",-0.16226716345443903,-0.6055512754639896,0.44328411200955053,60,2,5,4,1,5
2026-09-v3-pauli-factor-graph,Hubbard,6.0,79,10,"[[""S"",[0,1]],[""D"",[0,1,2,3]],[""S"",[1,3]],[""S"",[0,2]],[""D"",[0,1,2,3]],[""S"",[0,3]]]",-0.33031060477670304,-0.6055512754639896,0.2752406706872865,60,2,6,4,2,6
2026-09-v3-pauli-factor-graph,Hubbard,6.0,79,11,"[[""S"",[3,2]],[""D"",[0,2,1,3]],[""S"",[1,3]],[""D"",[0,2,1,3]],[""D"",[0,1,2,3]],[""S"",[0,1]]]",-0.4866475364123377,-0.6055512754639896,0.11890373905165186,60,2,6,3,3,6
2026-09-v3-pauli-factor-graph,Hubbard,6.0,79,12,"[[""D"",[0,3,1,2]],[""S"",[1,2]],[""D"",[0,1,2,3]],[""S"",[2,3]],[""S"",[1,2]],[""S"",[0,1]],[""S"",[1,3]],[""S"",[0,2]]]",-0.6055062213411152,-0.6055512754639896,4.5054122874366165e-05,60,2,8,6,2,8
2026-09-v3-pauli-factor-graph,Hubbard,6.0,79,13,"[[""S"",[3,2]],[""D"",[0,1,2,3]],[""D"",[0,1,2,3]]]",-0.1621779611731582,-0.6055512754639896,0.4433733142908314,60,2,3,1,2,3
2026-09-v3-pauli-factor-graph,Hubbard,6.0,79,14,"[[""S"",[0,1]],[""S"",[0,1]],[""S"",[0,1]],[""S"",[1,3]],[""D"",[0,1,2,3]]]",-0.1622231030867538,-0.6055512754639896,0.44332817237723576,60,2,5,4,1,5
2026-09-v3-pauli-factor-graph,Hubbard,6.0,79,15,"[[""D"",[0,3,1,2]],[""S"",[0,1]],[""S"",[1,3]],[""D"",[0,2,1,3]],[""S"",[0,2]],[""D"",[0,1,2,3]]]",-0.6040181852369428,-0.6055512754639896,0.0015330902270467295,60,2,6,3,3,6
2026-09-v3-pauli-factor-graph,Hubbard,6.0,79,16,"[[""S"",[0,1]],[""S"",[1,2]],[""D"",[0,1,2,3]],[""S"",[2,3]],[""S"",[1,3]],[""S"",[1,2]],[""S"",[1,3]]]",-0.6011715001028136,-0.6055512754639896,0.004379775361175953,60,2,7,6,1,7
2026-09-v3-pauli-factor-graph,Hubbard,6.0,79,17,"[[""S"",[3,2]],[""S"",[1,3]],[""S"",[0,2]],[""S"",[1,2]],[""D"",[0,1,2,3]],[""S"",[0,1]],[""S"",[0,1]]]",-0.5874469559992118,-0.6055512754639896,0.01810431946477775,60,2,7,6,1,7
2026-09-v3-pauli-factor-graph,Hubbard,6.0,79,18,"[[""D"",[0,3,1,2]],[""S"",[0,1]],[""S"",[0,2]]]",-0.16227022252587653,-0.6055512754639896,0.44328105293811304,60,2,3,2,1,3
2026-09-v3-pauli-factor-graph,Hubbard,6.0,79,19,"[[""S"",[3,2]],[""S"",[2,3]],[""S"",[0,3]],[""S"",[0,2]]]",-0.16226476283458702,-0.6055512754639896,0.44328651262940255,60,2,4,4,0,4
2026-09-v3-pauli-factor-graph,Hubbard,6.0,79,20,"[[""S"",[0,1]],[""S"",[0,2]],[""S"",[0,1]],[""D"",[0,2,1,3]],[""S"",[1,2]],[""S"",[0,2]],[""S"",[1,2]],[""S"",[0,2]]]",-0.5817393444878789,-0.6055512754639896,0.023811930976110673,60,2,8,7,1,8
2026-09-v3-pauli-factor-graph,Hubbard,6.0,79,21,"[[""D"",[0,3,1,2]],[""S"",[0,3]],[""S"",[0,3]],[""S"",[0,2]],[""D"",[0,1,2,3]],[""S"",[0,2]],[""S"",[1,3]]]",0.0,-0.6055512754639896,0.6055512754639896,60,2,7,5,2,7
2026-09-v3-pauli-factor-graph,Hubbard,6.0,79,22,"[[""S"",[0,1]],[""S"",[0,1]],[""S"",[0,2]],[""S"",[1,2]],[""S"",[1,3]],[""S"",[1,2]],[""S"",[0,3]],[""D"",[0,2,1,3]]]",-0.32348017943344853,-0.6055512754639896,0.28207109603054104,60,2,8,7,1,8
2026-09-v3-pauli-factor-graph,Hubbard,6.0,79,23,"[[""S"",[3,2]],[""S"",[0,3]],[""S"",[1,2]]]",-0.30261407738743196,-0.6055512754639896,0.3029371980765576,60,2,3,3,0,3
2026-09-v3-pauli-factor-graph,Hubbard,7.0,11,0,"[[""D"",[0,3,1,2]],[""D"",[0,1,2,3]],[""S"",[1,2]]]",0.0,-0.5311288741492765,0.5311288741492765,60,2,3,1,2,3
2026-09-v3-pauli-factor-graph,Hubbard,7.0,11,1,"[[""S"",[3,2]],[""S"",[2,3]],[""S"",[0,1]],[""S"",[1,2]],[""S"",[0,2]],[""S"",[1,2]]]",-0.5236154014902061,-0.5311288741492765,0.007513472659070319,60,2,6,6,0,6
2026-09-v3-pauli-factor-graph,Hubbard,7.0,11,2,"[[""S"",[0,1]],[""S"",[0,1]],[""S"",[1,3]],[""S"",[0,2]],[""D"",[0,1,2,3]],[""D"",[0,2,1,3]],[""D"",[0,2,1,3]],[""S"",[1,3]]]",-0.5282052361388436,-0.5311288741492765,0.0029236380104328274,60,2,8,5,3,8
2026-09-v3-pauli-factor-graph,Hubbard,7.0,11,3,"[[""D"",[0,3,1,2]],[""S"",[0,2]],[""S"",[1,3]],[""S"",[1,2]],[""S"",[2,3]],[""D"",[0,2,1,3]],[""S"",[0,3]],[""D"",[0,1,2,3]]]",-0.5306681325222642,-0.5311288741492765,0.0004607416270122622,60,2,8,5,3,8
2026-09-v3-pauli-factor-graph,Hubbard,7.0,11,4,"[[""S"",[0,1]],[""D"",[0,1,2,3]],[""S"",[0,2]]]",-0.1399901225921154,-0.5311288741492765,0.39113875155716105,60,2,3,2,1,3
2026-09-v3-pauli-factor-graph,Hubbard,7.0,11,5,"[[""S"",[3,2]],[""S"",[1,3]],[""D"",[0,2,1,3]],[""D"",[0,1,2,3]],[""D"",[0,1,2,3]],[""S"",[1,3]],[""D"",[0,2,1,3]]]",-0.5225565565461092,-0.5311288741492765,0.008572317603167234,60,2,7,3,4,7
2026-09-v3-pauli-factor-graph,Hubbard,7.0,11,6,"[[""D"",[0,3,1,2]],[""S"",[0,2]],[""S"",[0,3]],[""S"",[1,3]],[""D"",[0,1,2,3]],[""S"",[1,2]],[""D"",[0,2,1,3]],[""S"",[0,3]]]",-0.5304590962947127,-0.5311288741492765,0.0006697778545637911,60,2,8,5,3,8
2026-09-v3-pauli-factor-graph,Hubbard,7.0,11,7,"[[""S"",[3,2]],[""S"",[2,3]],[""S"",[0,2]],[""S"",[1,3]],[""D"",[0,1,2,3]],[""D"",[0,2,1,3]],[""D"",[0,1,2,3]],[""D"",[0,2,1,3]]]",-0.2748230508408507,-0.5311288741492765,0.2563058233084258,60,2,8,4,4,8
2026-09-v3-pauli-factor-graph,Hubbard,7.0,11,8,"[[""S"",[0,1]],[""S"",[1,2]],[""S"",[2,3]]]",-0.2856193286917581,-0.5311288741492765,0.24550954545751835,60,2,3,3,0,3
2026-09-v3-pauli-factor-graph,Hubbard,7.0,11,9,"[[""D"",[0,3,1,2]],[""S"",[0,1]],[""D"",[0,2,1,3]],[""D"",[0,2,1,3]]]",-0.5308370875341846,-0.5311288741492765,0.0002917866150918824,60,2,4,1,3,4
2026-09-v3-pauli-factor-graph,Hubbard,7.0,11,10,"[[""S"",[0,1]],[""S"",[0,2]],[""S"",[0,2]],[""D"",[0,1,2,3]]]",-0.13993557406225565,-0.5311288741492765,0.3911933000870208,60,2,4,3,1,4
2026-09-v3-pauli-factor-graph,Hubbard,7.0,11,11,"[[""S"",[3,2]],[""S"",[0,2]],[""S"",[1,3]],[""D"",[0,2,1,3]],[""D"",[0,2,1,3]],[""S"",[0,2]],[""S"",[1,3]]]",-0.2747840351901678,-0.5311288741492765,0.25634483895910865,60,2,7,5,2,7
2026-09-v3-pauli-factor-graph,Hubbard,7.0,11,12,"[[""D"",[0,3,1,2]],[""S"",[0,2]],[""S"",[1,2]]]",-0.5305421076918024,-0.5311288741492765,0.0005867664574740195,60,2,3,2,1,3
2026-09-v3-pauli-factor-graph,Hubbard,7.0,11,13,"[[""S"",[3,2]],[""S"",[1,2]],[""S"",[0,3]],[""D"",[0,2,1,3]],[""S"",[2,3]]]",-0.27904833706362075,-0.5311288741492765,0.2520805370856557,60,2,5,4,1,5
2026-09-v3-pauli-factor-graph,Hubbard,7.0,11,14,"[[""S"",[0,1]],[""S"",[0,3]],[""D"",[0,2,1,3]],[""S"",[0,1]],[""S"",[0,3]],[""S"",[0,2]],[""S"",[0,1]]]",-0.38111252871278856,-0.5311288741492765,0.1500163454364879,60,2,7,6,1,7
2026-09-v3-pauli-factor-graph,Hubbard,7.0,11,15,"[[""D"",[0,3,1,2]],[""S"",[1,2]],[""D"",[0,1,2,3]],[""S"",[2,3]],[""D"",[0,1,2,3]],[""S"",[0,1]],[""S"",[1,2]],[""S"",[0,1]]]",-0.5309918655531192,-0.5311288741492765,0.00013700859615728422,60,2,8,5,3,8
2026-09-v3-pauli-factor-graph,Hubbard,7.0,11,16,"[[""S"",[0,1]],[""S"",[0,1]],[""S"",[1,3]],[""S"",[0,1]]]",-0.14005296475604068,-0.5311288741492765,0.3910759093932358,60,2,4,4,0,4
2026-09-v3-pauli-factor-graph,Hubbard,7.0,11,17,"[[""S"",[3,2]],[""S"",[0,3]],[""S"",[0,3]],[""S"",[0,1]]]",-0.28568176012298685,-0.5311288741492765,0.2454471140262896,60,2,4,4,0,4
2026-09-v3-pauli-factor-graph,Hubbard,7.0,11,18,"[[""D"",[0,3,1,2]],[""S"",[1,2]],[""S"",[0,1]],[""S"",[0,1]],[""D"",[0,1,2,3]],[""S"",[0,1]],[""S"",[1,2]]]",-0.139784477773351,-0.5311288741492765,0.39134439637592544,60,2,7,5,2,7
2026-09-v3-pauli-factor-graph,Hubbard,7.0,11,19,"[[""S"",[3,2]],[""S"",[2,3]],[""S"",[2,3]],[""D"",[0,2,1,3]],[""S"",[0,2]]]",-0.27466857339273565,-0.5311288741492765,0.2564603007565408,60,2,5,4,1,5
2026-09-v3-pauli-factor-graph,Hubbard,7.0,11,20,"[[""S"",[0,1]],[""S"",[0,2]],[""S"",[1,3]],[""D"",[0,1,2,3]],[""D"",[0,2,1,3]],[""S"",[2,3]],[""S"",[0,1]],[""S"",[1,2]]]",-0.2893752767620952,-0.5311288741492765,0.24175359738718127,60,2,8,6,2,8
2026-09-v3-pauli-factor-graph,Hubbard,7.0,11,21,"[[""D"",[0,3,1,2]],[""S"",[0,2]],[""S"",[2,3]],[""S"",[0,1]],[""S"",[2,3]],[""S"",[0,1]],[""S"",[0,3]]]",-0.5309301029520614,-0.5311288741492765,0.00019877119721500858,60,2,7,6,1,7
2026-09-v3-pauli-factor-graph,Hubbard,7.0,11,22,"[[""S"",[0,1]],[""S"",[2,3]],[""S"",[2,3]],[""S"",[1,2]]]",-0.2854820908876905,-0.5311288741492765,0.24564678326158595,60,2,4,4,0,4
2026-09-v3-pauli-factor-graph,Hubbard,7.0,11,23,"[[""S"",[3,2]],[""D"",[0,2,1,3]],[""S"",[0,2]],[""S"",[0,2]]]",-0.27444876657168416,-0.5311288741492765,0.2566801075775923,60,2,4,3,1,4
2026-09-v3-pauli-factor-graph,Hubbard,7.0,23,0,"[[""D"",[0,3,1,2]],[""S"",[1,2]],[""S"",[2,3]]]",-0.1400230092790804,-0.5311288741492765,0.39110586487019605,60,2,3,2,1,3
2026-09-v3-pauli-factor-graph,Hubbard,7.0,23,1,"[[""S"",[3,2]],[""S"",[1,3]],[""S"",[0,1]],[""S"",[0,1]]]",-0.2856562164130765,-0.5311288741492765,0.24547265773619997,60,2,4,4,0,4
2026-09-v3-pauli-factor-graph,Hubbard,7.0,23,2,"[[""S"",[0,1]],[""D"",[0,1,2,3]],[""S"",[1,2]],[""S"",[0,2]],[""S"",[0,2]],[""S"",[0,2]]]",-0.13996117698680832,-0.5311288741492765,0.39116769716246813,60,2,6,5,1,6
2026-09-v3-pauli-factor-graph,Hubbard,7.0,23,3,"[[""D"",[0,3,1,2]],[""S"",[2,3]],[""S"",[0,3]],[""S"",[1,2]],[""S"",[0,1]],[""S"",[0,2]],[""S"",[1,2]]]",-0.530762304811424,-0.5311288741492765,0.000366569337852507,60,2,7,6,1,7
2026-09-v3-pauli-factor-graph,Hubbard,7.0,23,4,"[[""S"",[0,1]],[""S"",[0,1]],[""S"",[1,2]]]",-0.139908243316903,-0.5311288741492765,0.39122063083237346,60,2,3,3,0,3
2026-09-v3-pauli-factor-graph,Hubbard,7.0,23,5,"[[""S"",[3,2]],[""S"",[0,3]],[""S"",[2,3]]]",-0.1399241338574957,-0.5311288741492765,0.39120474029178076,60,2,3,3,0,3
2026-09-v3-pauli-factor-graph,Hubbard,7.0,23,6,"[[""D"",[0,3,1,2]],[""S"",[0,1]],[""S"",[2,3]]]",-0.5307885388647061,-0.5311288741492765,0.0003403352845703367,60,2,3,2,1,3
2026-09-v3-pauli-factor-graph,Hubbard,7.0,23,7,"[[""S"",[3,2]],[""S"",[0,3]],[""S"",[2,3]],[""S"",[0,3]]]",-0.14003402529592957,-0.5311288741492765,0.3910948488533469,60,2,4,4,0,4
2026-09-v3-pauli-factor-graph,Hubbard,7.0,23,8,"[[""S"",[0,1]],[""D"",[0,1,2,3]],[""S"",[0,1]],[""D"",[0,2,1,3]],[""S"",[1,2]],[""S"",[0,1]]]",-0.2777433839847676,-0.5311288741492765,0.25338549016450884,60,2,6,4,2,6
2026-09-v3-pauli-factor-graph,Hubbard,7.0,23,9,"[[""D"",[0,3,1,2]],[""D"",[0,1,2,3]],[""S"",[0,3]],[""S"",[0,2]]]",2.220446049250313e-16,-0.5311288741492765,0.5311288741492767,60,2,4,2,2,4
2026-09-v3-pauli-factor-graph,Hubbard,7.0,23,10,"[[""S"",[0,1]],[""D"",[0,1,2,3]],[""S"",[0,1]],[""D"",[0,1,2,3]],[""S"",[1,3]],[""D"",[0,2,1,3]]]",-0.2748611804933654,-0.5311288741492765,0.25626769365591107,60,2,6,3,3,6
2026-09-v3-pauli-factor-graph,Hubbard,7.0,23,11,"[[""S"",[3,2]],[""S"",[0,1]],[""D"",[0,1,2,3]]]",-0.2854458315883117,-0.5311288741492765,0.24568304256096474,60,2,3,2,1,3
2026-09-v3-pauli-factor-graph,Hubbard,7.0,23,12,"[[""D"",[0,3,1,2]],[""S"",[0,2]],[""S"",[0,2]],[""S"",[1,3]],[""S"",[0,2]],[""S"",[1,3]],[""S"",[1,2]],[""D"",[0,1,2,3]]]",-0.5294453079016235,-0.5311288741492765,0.001683566247652979,60,2,8,6,2,8
2026-09-v3-pauli-factor-graph,Hubbard,7.0,23,13,"[[""S"",[3,2]],[""S"",[1,2]],[""S"",[1,2]],[""S"",[2,3]],[""S"",[0,3]],[""S"",[0,2]],[""S"",[0,3]]]",-0.2655111244195554,-0.5311288741492765,0.2656177497297211,60,2,7,7,0,7
2026-09-v3-pauli-factor-graph,Hubbard,7.0,23,14,"[[""S"",[0,1]],[""S"",[1,2]],[""D"",[0,1,2,3]],[""D"",[0,1,2,3]],[""S"",[0,1]],[""S"",[2,3]],[""S"",[0,1]],[""D"",[0,1,2,3]]]",-0.28559781393752304,-0.5311288741492765,0.24553106021175342,60,2,8,5,3,8
2026-09-v3-pauli-factor-graph,Hubbard,7.0,23,15,"[[""D"",[0,3,1,2]],[""D"",[0,2,1,3]],[""S"",[0,1]]]",-0.14005481180453816,-0.5311288741492765,0.3910740623447383,60,2,3,1,2,3
2026-09-v3-pauli-factor-graph,Hubbard,7.0,23,16,"[[""S"",[0,1]],[""S"",[1,3]],[""S"",[0,3]]]",-0.14003092846629506,-0.5311288741492765,0.3910979456829814,60,2,3,3,0,3
2026-09-v3-pauli-factor-graph,Hubbard,7.0,23,17,"[[""S"",[3,2]],[""S"",[0,2]],[""D"",[0,2,1,3]],[""S"",[0,3]],[""S"",[0,3]]]",-0.2748182398940613,-0.5311288741492765,0.25631063425521516,60,2,5,4,1,5
2026-09-v3-pauli-factor-graph,Hubbard,7.0,23,18,"[[""D"",[0,3,1,2]],[""S"",[2,3]],[""S"",[0,2]],[""D"",[0,2,1,3]]]",-0.5305974228354124,-0.5311288741492765,0.0005314513138640065,60,2,4,2,2,4
2026-09-v3-pauli-factor-graph,Hubbard,7.0,23,19,"[[""S"",[3,2]],[""S"",[0,3]],[""S"",[0,1]],[""S"",[0,2]],[""S"",[0,1]],[""S"",[1,2]]]",-0.2856520332477388,-0.5311288741492765,0.24547684090153765,60,2,6,6,0,6
2026-09-v3-pauli-factor-graph,Hubbard,7.0,23,20,"[[""S"",[0,1]],[""S"",[0,2]],[""S"",[1,3]],[""S"",[1,3]],[""S"",[1,3]]]",-0.14000210483925768,-0.5311288741492765,0.3911267693100188,60,2,5,5,0,5
2026-09-v3-pauli-factor-graph,Hubbard,7.0,23,21,"[[""D"",[0,3,1,2]],[""D"",[0,2,1,3]],[""S"",[1,3]],[""S"",[0,3]],[""S"",[0,1]],[""S"",[1,2]]]",-0.5305414014994154,-0.5311288741492765,0.0005874726498610316,60,2,6,4,2,6
2026-09-v3-pauli-factor-graph,Hubbard,7.0,23,22,"[[""S"",[0,1]],[""S"",[2,3]],[""D"",[0,1,2,3]]]",-0.2856126269440582,-0.5311288741492765,0.24551624720521825,60,2,3,2,1,3
2026-09-v3-pauli-factor-graph,Hubbard,7.0,23,23,"[[""S"",[3,2]],[""S"",[0,2]],[""S"",[1,3]],[""D"",[0,2,1,3]],[""S"",[1,2]]]",-0.274654838011374,-0.5311288741492765,0.25647403613790243,60,2,5,4,1,5
2026-09-v3-pauli-factor-graph,Hubbard,7.0,37,0,"[[""D"",[0,3,1,2]],[""S"",[2,3]],[""S"",[2,3]]]",-0.14000451112804946,-0.5311288741492765,0.391124363021227,60,2,3,2,1,3
2026-09-v3-pauli-factor-graph,Hubbard,7.0,37,1,"[[""S"",[3,2]],[""D"",[0,2,1,3]],[""S"",[2,3]],[""S"",[0,3]]]",-0.2782604733750127,-0.5311288741492765,0.25286840077426376,60,2,4,3,1,4
2026-09-v3-pauli-factor-graph,Hubbard,7.0,37,2,"[[""S"",[0,1]],[""S"",[1,2]],[""D"",[0,2,1,3]],[""D"",[0,2,1,3]]]",-0.2748772239599979,-0.5311288741492765,0.25625165018927853,60,2,4,2,2,4
2026-09-v3-pauli-factor-graph,Hubbard,7.0,37,3,"[[""D"",[0,3,1,2]],[""S"",[0,1]],[""S"",[0,2]],[""S"",[1,3]]]",-0.14005125373841731,-0.5311288741492765,0.39107762041085914,60,2,4,3,1,4
2026-09-v3-pauli-factor-graph,Hubbard,7.0,37,4,"[[""S"",[0,1]],[""D"",[0,1,2,3]],[""S"",[2,3]]]",-0.28566578781009655,-0.5311288741492765,0.2454630863391799,60,2,3,2,1,3
2026-09-v3-pauli-factor-graph,Hubbard,7.0,37,5,"[[""S"",[3,2]],[""S"",[0,2]],[""S"",[1,2]],[""S"",[0,2]],[""S"",[2,3]],[""S"",[2,3]],[""D"",[0,1,2,3]]]",-0.5028958574495943,-0.5311288741492765,0.028233016699682145,60,2,7,6,1,7
2026-09-v3-pauli-factor-graph,Hubbard,7.0,37,6,"[[""D"",[0,3,1,2]],[""S"",[0,3]],[""S"",[0,3]],[""S"",[2,3]]]",-0.13992697681341837,-0.5311288741492765,0.3912018973358581,60,2,4,3,1,4
2026-09-v3-pauli-factor-graph,Hubbard,7.0,37,7,"[[""S"",[3,2]],[""S"",[0,2]],[""S"",[0,3]],[""S"",[0,3]],[""S"",[1,3]],[""S"",[0,2]]]",-0.14002974986771832,-0.5311288741492765,0.39109912428155813,60,2,6,6,0,6
2026-09-v3-pauli-factor-graph,Hubbard,7.0,37,8,"[[""S"",[0,1]],[""S"",[1,2]],[""S"",[0,3]],[""D"",[0,2,1,3]],[""S"",[1,3]],[""D"",[0,1,2,3]]]",-0.2745992092922733,-0.5311288741492765,0.2565296648570031,60,2,6,4,2,6
2026-09-v3-pauli-factor-graph,Hubbard,7.0,37,9,"[[""D"",[0,3,1,2]],[""D"",[0,1,2,3]],[""S"",[0,3]],[""S"",[1,2]],[""S"",[0,1]]]",-0.1399354532808692,-0.5311288741492765,0.39119342086840725,60,2,5,3,2,5
2026-09-v3-pauli-factor-graph,Hubbard,7.0,37,10,"[[""S"",[0,1]],[""S"",[0,2]],[""S"",[0,1]],[""S"",[2,3]]]",-0.28569842728734085,-0.5311288741492765,0.2454304468619356,60,2,4,4,0,4
2026-09-v3-pauli-factor-graph,Hubbard,7.0,37,11,"[[""S"",[3,2]],[""D"",[0,1,2,3]],[""D"",[0,1,2,3]],[""S"",[1,2]],[""S"",[1,2]]]",-0.13998696277430023,-0.5311288741492765,0.3911419113749762,60,2,5,3,2,5
2026-09-v3-pauli-factor-graph,Hubbard,7.0,37,12,"[[""D"",[0,3,1,2]],[""S"",[0,3]],[""D"",[0,1,2,3]]]",0.0,-0.5311288741492765,0.5311288741492765,60,2,3,1,2,3
2026-09-v3-pauli-factor-graph,Hubbard,7.0,37,13,"[[""S"",[3,2]],[""S"",[1,3]],[""S"",[1,2]],[""D"",[0,1,2,3]]]",-0.14004879458782504,-0.5311288741492765,0.3910800795614514,60,2,4,3,1,4
2026-09-v3-pauli-factor-graph,Hubbard,7.0,37,14,"[[""S"",[0,1]],[""S"",[1,2]],[""S"",[0,1]],[""S"",[0,1]],[""D"",[0,1,2,3]],[""S"",[2,3]],[""S"",[1,2]],[""D"",[0,2,1,3]]]",-0.2856285975157302,-0.5311288741492765,0.24550027663354623,60,2,8,6,2,8
2026-09-v3-pauli-factor-graph,Hubbard,7.0,37,15,"[[""D"",[0,3,1,2]],[""S"",[0,2]],[""D"",[0,2,1,3]],[""S"",[0,1]],[""S"",[0,3]],[""S"",[0,3]],[""D"",[0,2,1,3]]]",-0.5300773667753473,-0.5311288741492765,0.001051507373929117,60,2,7,4,3,7
2026-09-v3-pauli-factor-graph,Hubbard,7.0,37,16,"[[""S"",[0,1]],[""D"",[0,2,1,3]],[""S"",[1,2]],[""S"",[1,3]],[""S"",[2,3]],[""D"",[0,1,2,3]],[""D"",[0,1,2,3]]]",-0.29936884568080235,-0.5311288741492765,0.2317600284684741,60,2,7,4,3,7
2026-09-v3-pauli-factor-graph,Hubbard,7.0,37,17,"[[""S"",[3,2]],[""S"",[0,1]],[""S"",[0,2]],[""S"",[0,3]],[""S"",[0,3]],[""S"",[0,1]],[""S"",[0,3]]]",-0.28559784092677143,-0.5311288741492765,0.24553103322250502,60,2,7,7,0,7
2026-09-v3-pauli-factor-graph,Hubbard,7.0,37,18,"[[""D"",[0,3,1,2]],[""S"",[0,1]],[""S"",[1,2]],[""S"",[0,3]],[""S"",[2,3]],[""S"",[0,2]],[""S"",[0,1]]]",-0.5306022069990974,-0.5311288741492765,0.0005266671501790166,60,2,7,6,1,7
2026-09-v3-pauli-factor-graph,Hubbard,7.0,37,19,"[[""S"",[3,2]],[""D"",[0,1,2,3]],[""S"",[1,2]],[""S"",[1,3]],[""D"",[0,2,1,3]],[""S"",[0,2]],[""D"",[0,1,2,3]],[""S"",[2,3]]]",-0.27867619078832817,-0.5311288741492765,0.2524526833609483,60,2,8,5,3,8
2026-09-v3-pauli-factor-graph,Hubbard,7.0,37,20,"[[""S"",[0,1]],[""D"",[0,1,2,3]],[""S"",[1,3]],[""S"",[0,2]],[""D"",[0,1,2,3]],[""S"",[1,3]],[""S"",[1,3]],[""S"",[1,3]]]",-0.27172823273159086,-0.5311288741492765,0.2594006414176856,60,2,8,6,2,8
2026-09-v3-pauli-factor-graph,Hubbard,7.0,37,21,"[[""D"",[0,3,1,2]],[""S"",[0,1]],[""S"",[0,3]],[""S"",[0,3]]]",-0.14000211683343755,-0.5311288741492765,0.3911267573158389,60,2,4,3,1,4
2026-09-v3-pauli-factor-graph,Hubbard,7.0,37,22,"[[""S"",[0,1]],[""S"",[0,3]],[""S"",[0,2]],[""D"",[0,2,1,3]],[""S"",[0,2]],[""S"",[1,3]],[""S"",[0,3]],[""S"",[1,2]]]",-0.2747260404980967,-0.5311288741492765,0.2564028336511798,60,2,8,7,1,8
2026-09-v3-pauli-factor-graph,Hubbard,7.0,37,23,"[[""S"",[3,2]],[""S"",[0,3]],[""S"",[1,2]],[""D"",[0,1,2,3]],[""D"",[0,1,2,3]]]",-0.2652147336973938,-0.5311288741492765,0.26591414045188266,60,2,5,3,2,5
2026-09-v3-pauli-factor-graph,Hubbard,7.0,51,0,"[[""D"",[0,3,1,2]],[""D"",[0,2,1,3]],[""S"",[0,3]],[""S"",[0,3]],[""S"",[0,3]]]",-4.440892098500626e-16,-0.5311288741492765,0.531128874149276,60,2,5,3,2,5
2026-09-v3-pauli-factor-graph,Hubbard,7.0,51,1,"[[""S"",[3,2]],[""D"",[0,1,2,3]],[""D"",[0,1,2,3]],[""D"",[0,2,1,3]]]",-0.27488097617755103,-0.5311288741492765,0.2562478979717254,60,2,4,1,3,4
2026-09-v3-pauli-factor-graph,Hubbard,7.0,51,2,"[[""S"",[0,1]],[""D"",[0,1,2,3]],[""S"",[1,2]],[""S"",[2,3]]]",-0.28556851909612835,-0.5311288741492765,0.2455603550531481,60,2,4,3,1,4
2026-09-v3-pauli-factor-graph,Hubbard,7.0,51,3,"[[""D"",[0,3,1,2]],[""S"",[1,2]],[""D"",[0,1,2,3]],[""S"",[0,1]]]",-0.14005287499905394,-0.5311288741492765,0.3910759991502225,60,2,4,2,2,4
2026-09-v3-pauli-factor-graph,Hubbard,7.0,51,4,"[[""S"",[0,1]],[""S"",[2,3]],[""S"",[2,3]]]",-0.28541629384520295,-0.5311288741492765,0.2457125803040735,60,2,3,3,0,3
2026-09-v3-pauli-factor-graph,Hubbard,7.0,51,5,"[[""S"",[3,2]],[""D"",[0,2,1,3]],[""S"",[1,2]],[""S"",[0,2]],[""S"",[0,1]]]",-0.31222384062594766,-0.5311288741492765,0.2189050335233288,60,2,5,4,1,5
2026-09-v3-pauli-factor-graph,Hubbard,7.0,51,6,"[[""D"",[0,3,1,2]],[""D"",[0,2,1,3]],[""D"",[0,2,1,3]],[""S"",[1,3]],[""S"",[1,3]]]",0.0,-0.5311288741492765,0.5311288741492765,60,2,5,2,3,5
2026-09-v3-pauli-factor-graph,Hubbard,7.0,51,7,"[[""S"",[3,2]],[""S"",[1,3]],[""S"",[1,2]],[""S"",[0,2]],[""S"",[0,3]],[""S"",[0,1]],[""D"",[0,2,1,3]]]",-0.5269605141633367,-0.5311288741492765,0.004168359985939785,60,2,7,6,1,7
2026-09-v3-pauli-factor-graph,Hubbard,7.0,51,8,"[[""S"",[0,1]],[""S"",[0,3]],[""S"",[1,3]]]",-0.14002096243792694,-0.5311288741492765,0.3911079117113495,60,2,3,3,0,3
2026-09-v3-pauli-factor-graph,Hubbard,7.0,51,9,"[[""D"",[0,3,1,2]],[""S"",[0,3]],[""S"",[2,3]],[""S"",[1,3]],[""S"",[0,3]]]",-0.5307757027155701,-0.5311288741492765,0.0003531714337063896,60,2,5,4,1,5
2026-09-v3-pauli-factor-graph,Hubbard,7.0,51,10,"[[""S"",[0,1]],[""S"",[1,3]],[""S"",[0,2]],[""S"",[2,3]],[""S"",[2,3]]]",-0.28554148824633474,-0.5311288741492765,0.2455873859029417,60,2,5,5,0,5
2026-09-v3-pauli-factor-graph,Hubbard,7.0,51,11,"[[""S"",[3,2]],[""S"",[0,1]],[""D"",[0,2,1,3]],[""D"",[0,1,2,3]],[""S"",[1,2]],[""S"",[0,3]],[""S"",[0,2]],[""S"",[0,2]]]",-0.5304807311615504,-0.5311288741492765,0.0006481429877260858,60,2,8,6,2,8
2026-09-v3-pauli-factor-graph,Hubbard,7.0,51,12,"[[""D"",[0,3,1,2]],[""S"",[1,2]],[""S"",[1,3]]]",-2.220446049250313e-16,-0.5311288741492765,0.5311288741492762,60,2,3,2,1,3
2026-09-v3-pauli-factor-graph,Hubbard,7.0,51,13,"[[""S"",[3,2]],[""S"",[1,2]],[""D"",[0,2,1,3]],[""S"",[1,3]]]",-0.2748951409523974,-0.5311288741492765,0.25623373319687903,60,2,4,3,1,4
2026-09-v3-pauli-factor-graph,Hubbard,7.0,51,14,"[[""S"",[0,1]],[""D"",[0,2,1,3]],[""D"",[0,2,1,3]],[""S"",[1,3]]]",-0.27486196146545616,-0.5311288741492765,0.2562669126838203,60,2,4,2,2,4
2026-09-v3-pauli-factor-graph,Hubbard,7.0,51,15,"[[""D"",[0,3,1,2]],[""D"",[0,1,2,3]],[""S"",[0,1]],[""D"",[0,1,2,3]],[""S"",[0,1]],[""S"",[0,2]],[""S"",[1,2]]]",-0.5213701738686265,-0.5311288741492765,0.009758700280649957,60,2,7,4,3,7
2026-09-v3-pauli-factor-graph,Hubbard,7.0,51,16,"[[""S"",[0,1]],[""S"",[0,3]],[""S"",[0,3]],[""D"",[0,1,2,3]],[""S"",[0,1]],[""S"",[1,3]],[""D"",[0,1,2,3]],[""S"",[2,3]]]",-0.29336390857215533,-0.5311288741492765,0.23776496557712112,60,2,8,6,2,8
2026-09-v3-pauli-factor-graph,Hubbard,7.0,51,17,"[[""S"",[3,2]],[""S"",[1,3]],[""S"",[0,2]]]",-0.13998033067051407,-0.5311288741492765,0.3911485434787624,60,2,3,3,0,3
2026-09-v3-pauli-factor-graph,Hubbard,7.0,51,18,"[[""D"",[0,3,1,2]],[""S"",[1,2]],[""S"",[0,1]],[""S"",[0,3]],[""S"",[0,3]],[""D"",[0,1,2,3]],[""D"",[0,1,2,3]],[""S"",[2,3]]]",-0.530732562917935,-0.5311288741492765,0.00039631123134142854,60,2,8,5,3,8
2026-09-v3-pauli-factor-graph,Hubbard,7.0,51,19,"[[""S"",[3,2]],[""S"",[2,3]],[""S"",[1,2]]]",-0.13977181681394146,-0.5311288741492765,0.391357057335335,60,2,3,3,0,3
2026-09-v3-pauli-factor-graph,Hubbard,7.0,51,20,"[[""S"",[0,1]],[""S"",[0,1]],[""D"",[0,1,2,3]],[""S"",[0,2]],[""S"",[1,2]],[""S"",[0,1]],[""S"",[1,2]],[""S"",[1,2]]]",-0.13999755820740423,-0.5311288741492765,0.3911313159418722,60,2,8,7,1,8
2026-09-v3-pauli-factor-graph,Hubbard,7.0,51,21,"[[""D"",[0,3,1,2]],[""S"",[2,3]],[""S"",[1,3]],[""D"",[0,2,1,3]],[""S"",[1,2]]]",-0.5305239449716246,-0.5311288741492765,0.0006049291776518695,60,2,5,3,2,5
2026-09-v3-pauli-factor-graph,Hubbard,7.0,51,22,"[[""S"",[0,1]],[""S"",[1,2]],[""S"",[1,2]],[""S"",[1,3]],[""S"",[0,1]],[""D"",[0,2,1,3]]]",-0.27470789232414505,-0.5311288741492765,0.2564209818251314,60,2,6,5,1,6
2026-09-v3-pauli-factor-graph,Hubbard,7.0,51,23,"[[""S"",[3,2]],[""S"",[0,2]],[""S"",[0,1]],[""S"",[0,2]],[""S"",[0,2]],[""S"",[0,2]],[""S"",[1,3]]]",-0.28539281327558585,-0.5311288741492765,0.2457360608736906,60,2,7,7,0,7
2026-09-v3-pauli-factor-graph,Hubbard,7.0,79,0,"[[""D"",[0,3,1,2]],[""S"",[0,3]],[""S"",[0,1]],[""S"",[1,3]],[""S"",[0,1]],[""D"",[0,1,2,3]],[""S"",[0,2]],[""S"",[0,2]]]",-0.14003698535380193,-0.5311288741492765,0.3910918887954745,60,2,8,6,2,8
2026-09-v3-pauli-factor-graph,Hubbard,7.0,79,1,"[[""S"",[3,2]],[""S"",[0,3]],[""S"",[2,3]],[""S"",[0,1]],[""S"",[1,3]]]",-0.28558619598706847,-0.5311288741492765,0.24554267816220798,60,2,5,5,0,5
2026-09-v3-pauli-factor-graph,Hubbard,7.0,79,2,"[[""S"",[0,1]],[""S"",[1,3]],[""D"",[0,1,2,3]],[""S"",[1,3]],[""S"",[0,1]],[""S"",[0,1]]]",-0.13994955928477903,-0.5311288741492765,0.3911793148644974,60,2,6,5,1,6
2026-09-v3-pauli-factor-graph,Hubbard,7.0,79,3,"[[""D"",[0,3,1,2]],[""D"",[0,2,1,3]],[""D"",[0,2,1,3]],[""D"",[0,2,1,3]],[""S"",[0,1]],[""S"",[0,1]],[""D"",[0,2,1,3]],[""S"",[0,2]]]",-0.5305614075477003,-0.5311288741492765,0.0005674666015761387,60,2,8,3,5,8
2026-09-v3-pauli-factor-graph,Hubbard,7.0,79,4,"[[""S"",[0,1]],[""S"",[0,3]],[""S"",[1,2]],[""D"",[0,2,1,3]],[""D"",[0,2,1,3]],[""D"",[0,1,2,3]],[""S"",[0,1]],[""S"",[0,1]]]",-0.2883748672977453,-0.5311288741492765,0.24275400685153115,60,2,8,5,3,8
2026-09-v3-pauli-factor-graph,Hubbard,7.0,79,5,"[[""S"",[3,2]],[""S"",[0,1]],[""D"",[0,2,1,3]],[""D"",[0,2,1,3]],[""S"",[0,1]]]",-0.3929296438078571,-0.5311288741492765,0.13819923034141934,60,2,5,3,2,5
2026-09-v3-pauli-factor-graph,Hubbard,7.0,79,6,"[[""D"",[0,3,1,2]],[""S"",[0,3]],[""D"",[0,2,1,3]],[""S"",[2,3]],[""S"",[2,3]],[""S"",[0,3]]]",-0.14002753307128368,-0.5311288741492765,0.39110134107799277,60,2,6,4,2,6
2026-09-v3-pauli-factor-graph,Hubbard,7.0,79,7,"[[""S"",[3,2]],[""S"",[1,3]],[""S"",[1,2]]]",-0.13994694552558062,-0.5311288741492765,0.39118192862369583,60,2,3,3,0,3
2026-09-v3-pauli-factor-graph,Hubbard,7.0,79,8,"[[""S"",[0,1]],[""D"",[0,2,1,3]],[""S"",[0,1]],[""D"",[0,2,1,3]],[""S"",[1,3]],[""D"",[0,1,2,3]],[""S"",[2,3]],[""D"",[0,2,1,3]]]",-0.317339607136214,-0.5311288741492765,0.21378926701306245,60,2,8,4,4,8
2026-09-v3-pauli-factor-graph,Hubbard,7.0,79,9,"[[""D"",[0,3,1,2]],[""S"",[1,3]],[""S"",[0,2]],[""S"",[0,2]],[""S"",[2,3]]]",-0.14003409846761938,-0.5311288741492765,0.39109477568165707,60,2,5,4,1,5
2026-09-v3-pauli-factor-graph,Hubbard,7.0,79,10,"[[""S"",[0,1]],[""D"",[0,1,2,3]],[""S"",[1,3]],[""S"",[0,2]],[""D"",[0,1,2,3]],[""S"",[0,3]]]",-0.28246160612503424,-0.5311288741492765,0.24866726802424222,60,2,6,4,2,6
2026-09-v3-pauli-factor-graph,Hubbard,7.0,79,11,"[[""S"",[3,2]],[""D"",[0,2,1,3]],[""S"",[1,3]],[""D"",[0,2,1,3]],[""D"",[0,1,2,3]],[""S"",[0,1]]]",-0.3487277359519916,-0.5311288741492765,0.18240113819728487,60,2,6,3,3,6
2026-09-v3-pauli-factor-graph,Hubbard,7.0,79,12,"[[""D"",[0,3,1,2]],[""S"",[1,2]],[""D"",[0,1,2,3]],[""S"",[2,3]],[""S"",[1,2]],[""S"",[0,1]],[""S"",[1,3]],[""S"",[0,2]]]",-0.5310629255944495,-0.5311288741492765,6.594855482700002e-05,60,2,8,6,2,8
2026-09-v3-pauli-factor-graph,Hubbard,7.0,79,13,"[[""S"",[3,2]],[""D"",[0,1,2,3]],[""D"",[0,1,2,3]]]",-0.13997844322625763,-0.5311288741492765,0.3911504309230188,60,2,3,1,2,3
2026-09-v3-pauli-factor-graph,Hubbard,7.0,79,14,"[[""S"",[0,1]],[""S"",[0,1]],[""S"",[0,1]],[""S"",[1,3]],[""D"",[0,1,2,3]]]",-0.13995768295136157,-0.5311288741492765,0.3911711911979149,60,2,5,4,1,5
2026-09-v3-pauli-factor-graph,Hubbard,7.0,79,15,"[[""D"",[0,3,1,2]],[""S"",[0,1]],[""S"",[1,3]],[""D"",[0,2,1,3]],[""S"",[0,2]],[""D"",[0,1,2,3]]]",-0.529816714649012,-0.5311288741492765,0.0013121595002644204,60,2,6,3,3,6
2026-09-v3-pauli-factor-graph,Hubbard,7.0,79,16,"[[""S"",[0,1]],[""S"",[1,2]],[""D"",[0,1,2,3]],[""S"",[2,3]],[""S"",[1,3]],[""S"",[1,2]],[""S"",[1,3]]]",-0.530860161626988,-0.5311288741492765,0.000268712522288439,60,2,7,6,1,7
2026-09-v3-pauli-factor-graph,Hubbard,7.0,79,17,"[[""S"",[3,2]],[""S"",[1,3]],[""S"",[0,2]],[""S"",[1,2]],[""D"",[0,1,2,3]],[""S"",[0,1]],[""S"",[0,1]]]",-0.3238946237168687,-0.5311288741492765,0.20723425043240773,60,2,7,6,1,7
2026-09-v3-pauli-factor-graph,Hubbard,7.0,79,18,"[[""D"",[0,3,1,2]],[""S"",[0,1]],[""S"",[0,2]]]",-0.13997133150589258,-0.5311288741492765,0.39115754264338387,60,2,3,2,1,3
2026-09-v3-pauli-factor-graph,Hubbard,7.0,79,19,"[[""S"",[3,2]],[""S"",[2,3]],[""S"",[0,3]],[""S"",[0,2]]]",-0.14000650782308455,-0.5311288741492765,0.3911223663261919,60,2,4,4,0,4
2026-09-v3-pauli-factor-graph,Hubbard,7.0,79,20,"[[""S"",[0,1]],[""S"",[0,2]],[""S"",[0,1]],[""D"",[0,2,1,3]],[""S"",[1,2]],[""S"",[0,2]],[""S"",[1,2]],[""S"",[0,2]]]",-0.5285328491401854,-0.5311288741492765,0.002596025009091063,60,2,8,7,1,8
2026-09-v3-pauli-factor-graph,Hubbard,7.0,79,21,"[[""D"",[0,3,1,2]],[""S"",[0,3]],[""S"",[0,3]],[""S"",[0,2]],[""D"",[0,1,2,3]],[""S"",[0,2]],[""S"",[1,3]]]",-2.220446049250313e-16,-0.5311288741492765,0.5311288741492762,60,2,7,5,2,7
2026-09-v3-pauli-factor-graph,Hubbard,7.0,79,22,"[[""S"",[0,1]],[""S"",[0,1]],[""S"",[0,2]],[""S"",[1,2]],[""S"",[1,3]],[""S"",[1,2]],[""S"",[0,3]],[""D"",[0,2,1,3]]]",-0.277451034379675,-0.5311288741492765,0.25367783976960145,60,2,8,7,1,8
2026-09-v3-pauli-factor-graph,Hubbard,7.0,79,23,"[[""S"",[3,2]],[""S"",[0,3]],[""S"",[1,2]]]",-0.2652893521870461,-0.5311288741492765,0.2658395219622304,60,2,3,3,0,3
2026-09-v3-pauli-factor-graph,Hubbard,8.0,11,0,"[[""D"",[0,3,1,2]],[""D"",[0,1,2,3]],[""S"",[1,2]]]",0.0,-0.4721359549995794,0.4721359549995794,60,2,3,1,2,3
2026-09-v3-pauli-factor-graph,Hubbard,8.0,11,1,"[[""S"",[3,2]],[""S"",[2,3]],[""S"",[0,1]],[""S"",[1,2]],[""S"",[0,2]],[""S"",[1,2]]]",-0.45924785891742603,-0.4721359549995794,0.012888096082153355,60,2,6,6,0,6
2026-09-v3-pauli-factor-graph,Hubbard,8.0,11,2,"[[""S"",[0,1]],[""S"",[0,1]],[""S"",[1,3]],[""S"",[0,2]],[""D"",[0,1,2,3]],[""D"",[0,2,1,3]],[""D"",[0,2,1,3]],[""S"",[1,3]]]",-0.46918812474532356,-0.4721359549995794,0.0029478302542558232,60,2,8,5,3,8
2026-09-v3-pauli-factor-graph,Hubbard,8.0,11,3,"[[""D"",[0,3,1,2]],[""S"",[0,2]],[""S"",[1,3]],[""S"",[1,2]],[""S"",[2,3]],[""D"",[0,2,1,3]],[""S"",[0,3]],[""D"",[0,1,2,3]]]",-0.47168930247409224,-0.4721359549995794,0.0004466525254871456,60,2,8,5,3,8
2026-09-v3-pauli-factor-graph,Hubbard,8.0,11,4,"[[""S"",[0,1]],[""D"",[0,1,2,3]],[""S"",[0,2]]]",-0.1230276481422592,-0.4721359549995794,0.3491083068573202,60,2,3,2,1,3
2026-09-v3-pauli-factor-graph,Hubbard,8.0,11,5,"[[""S"",[3,2]],[""S"",[1,3]],[""D"",[0,2,1,3]],[""D"",[0,1,2,3]],[""D"",[0,1,2,3]],[""S"",[1,3]],[""D"",[0,2,1,3]]]",-0.46297526598282235,-0.4721359549995794,0.00916068901675704,60,2,7,3,4,7
2026-09-v3-pauli-factor-graph,Hubbard,8.0,11,6,"[[""D"",[0,3,1,2]],[""S"",[0,2]],[""S"",[0,3]],[""S"",[1,3]],[""D"",[0,1,2,3]],[""S"",[1,2]],[""D"",[0,2,1,3]],[""S"",[0,3]]]",-0.4717858462791431,-0.4721359549995794,0.00035010872043628183,60,2,8,5,3,8
2026-09-v3-pauli-factor-graph,Hubbard,8.0,11,7,"[[""S"",[3,2]],[""S"",[2,3]],[""S"",[0,2]],[""S"",[1,3]],[""D"",[0,1,2,3]],[""D"",[0,2,1,3]],[""D"",[0,1,2,3]],[""D"",[0,2,1,3]]]",-0.24251524496882415,-0.4721359549995794,0.22962071003075524,60,2,8,4,4,8
2026-09-v3-pauli-factor-graph,Hubbard,8.0,11,8,"[[""S"",[0,1]],[""S"",[1,2]],[""S"",[2,3]]]",-0.24957420619205561,-0.4721359549995794,0.22256174880752377,60,2,3,3,0,3
2026-09-v3-pauli-factor-graph,Hubbard,8.0,11,9,"[[""D"",[0,3,1,2]],[""S"",[0,1]],[""D"",[0,2,1,3]],[""D"",[0,2,1,3]]]",-0.47178473796474596,-0.4721359549995794,0.0003512170348334287,60,2,4,1,3,4
2026-09-v3-pauli-factor-graph,Hubbard,8.0,11,10,"[[""S"",[0,1]],[""S"",[0,2]],[""S"",[0,2]],[""D"",[0,1,2,3]]]",-0.12307790465570512,-0.4721359549995794,0.34905805034387427,60,2,4,3,1,4
2026-09-v3-pauli-factor-graph,Hubbard,8.0,11,11,"[[""S"",[3,2]],[""S"",[0,2]],[""S"",[1,3]],[""D"",[0,2,1,3]],[""D"",[0,2,1,3]],[""S"",[0,2]],[""S"",[1,3]]]",-0.24255490396859436,-0.4721359549995794,0.22958105103098503,60,2,7,5,2,7
2026-09-v3-pauli-factor-graph,Hubbard,8.0,11,12,"[[""D"",[0,3,1,2]],[""S"",[0,2]],[""S"",[1,2]]]",-0.4713308704366943,-0.4721359549995794,0.0008050845628850833,60,2,3,2,1,3
2026-09-v3-pauli-factor-graph,Hubbard,8.0,11,13,"[[""S"",[3,2]],[""S"",[1,2]],[""S"",[0,3]],[""D"",[0,2,1,3]],[""S"",[2,3]]]",-0.24477930784162694,-0.4721359549995794,0.22735664715795245,60,2,5,4,1,5
2026-09-v3-pauli-factor-graph,Hubbard,8.0,11,14,"[[""S"",[0,1]],[""S"",[0,3]],[""D"",[0,2,1,3]],[""S"",[0,1]],[""S"",[0,3]],[""S"",[0,2]],[""S"",[0,1]]]",-0.288608603229763,-0.4721359549995794,0.18352735176981638,60,2,7,6,1,7
2026-09-v3-pauli-factor-graph,Hubbard,8.0,11,15,"[[""D"",[0,3,1,2]],[""S"",[1,2]],[""D"",[0,1,2,3]],[""S"",[2,3]],[""D"",[0,1,2,3]],[""S"",[0,1]],[""S"",[1,2]],[""S"",[0,1]]]",-0.47208883155797277,-0.4721359549995794,4.712344160662241e-05,60,2,8,5,3,8
2026-09-v3-pauli-factor-graph,Hubbard,8.0,11,16,"[[""S"",[0,1]],[""S"",[0,1]],[""S"",[1,3]],[""S"",[0,1]]]",-0.12307725344659448,-0.4721359549995794,0.3490587015529849,60,2,4,4,0,4
2026-09-v3-pauli-factor-graph,Hubbard,8.0,11,17,"[[""S"",[3,2]],[""S"",[0,3]],[""S"",[0,3]],[""S"",[0,1]]]",-0.24984667039774378,-0.4721359549995794,0.2222892846018356,60,2,4,4,0,4
2026-09-v3-pauli-factor-graph,Hubbard,8.0,11,18,"[[""D"",[0,3,1,2]],[""S"",[1,2]],[""S"",[0,1]],[""S"",[0,1]],[""D"",[0,1,2,3]],[""S"",[0,1]],[""S"",[1,2]]]",-0.1229494050809643,-0.4721359549995794,0.3491865499186151,60,2,7,5,2,7
2026-09-v3-pauli-factor-graph,Hubbard,8.0,11,19,"[[""S"",[3,2]],[""S"",[2,3]],[""S"",[2,3]],[""D"",[0,2,1,3]],[""S"",[0,2]]]",-0.2422226417597424,-0.4721359549995794,0.229913313239837,60,2,5,4,1,5
2026-09-v3-pauli-factor-graph,Hubbard,8.0,11,20,"[[""S"",[0,1]],[""S"",[0,2]],[""S"",[1,3]],[""D"",[0,1,2,3]],[""D"",[0,2,1,3]],[""S"",[2,3]],[""S"",[0,1]],[""S"",[1,2]]]",-0.2521266279973575,-0.4721359549995794,0.22000932700222187,60,2,8,6,2,8
2026-09-v3-pauli-factor-graph,Hubbard,8.0,11,21,"[[""D"",[0,3,1,2]],[""S"",[0,2]],[""S"",[2,3]],[""S"",[0,1]],[""S"",[2,3]],[""S"",[0,1]],[""S"",[0,3]]]",-0.4716477469141269,-0.4721359549995794,0.0004882080854524684,60,2,7,6,1,7
2026-09-v3-pauli-factor-graph,Hubbard,8.0,11,22,"[[""S"",[0,1]],[""S"",[2,3]],[""S"",[2,3]],[""S"",[1,2]]]",-0.24987140632942362,-0.4721359549995794,0.22226454867015577,60,2,4,4,0,4
2026-09-v3-pauli-factor-graph,Hubbard,8.0,11,23,"[[""S"",[3,2]],[""D"",[0,2,1,3]],[""S"",[0,2]],[""S"",[0,2]]]",-0.24220872432161755,-0.4721359549995794,0.22992723067796184,60,2,4,3,1,4
2026-09-v3-pauli-factor-graph,Hubbard,8.0,23,0,"[[""D"",[0,3,1,2]],[""S"",[1,2]],[""S"",[2,3]]]",-0.12310360862447212,-0.4721359549995794,0.34903234637510727,60,2,3,2,1,3
2026-09-v3-pauli-factor-graph,Hubbard,8.0,23,1,"[[""S"",[3,2]],[""S"",[1,3]],[""S"",[0,1]],[""S"",[0,1]]]",-0.24997655803067453,-0.4721359549995794,0.22215939696890485,60,2,4,4,0,4
2026-09-v3-pauli-factor-graph,Hubbard,8.0,23,2,"[[""S"",[0,1]],[""D"",[0,1,2,3]],[""S"",[1,2]],[""S"",[0,2]],[""S"",[0,2]],[""S"",[0,2]]]",-0.12307415915793918,-0.4721359549995794,0.3490617958416402,60,2,6,5,1,6
2026-09-v3-pauli-factor-graph,Hubbard,8.0,23,3,"[[""D"",[0,3,1,2]],[""S"",[2,3]],[""S"",[0,3]],[""S"",[1,2]],[""S"",[0,1]],[""S"",[0,2]],[""S"",[1,2]]]",-0.47114964510056456,-0.4721359549995794,0.0009863098990148256,60,2,7,6,1,7
2026-09-v3-pauli-factor-graph,Hubbard,8.0,23,4,"[[""S"",[0,1]],[""S"",[0,1]],[""S"",[1,2]]]",-0.12299568557878016,-0.4721359549995794,0.34914026942079923,60,2,3,3,0,3
2026-09-v3-pauli-factor-graph,Hubbard,8.0,23,5,"[[""S"",[3,2]],[""S"",[0,3]],[""S"",[2,3]]]",-0.12272260686698555,-0.4721359549995794,0.34941334813259384,60,2,3,3,0,3
2026-09-v3-pauli-factor-graph,Hubbard,8.0,23,6,"[[""D"",[0,3,1,2]],[""S"",[0,1]],[""S"",[2,3]]]",-0.47093166778562745,-0.4721359549995794,0.0012042872139519378,60,2,3,2,1,3
2026-09-v3-pauli-factor-graph,Hubbard,8.0,23,7,"[[""S"",[3,2]],[""S"",[0,3]],[""S"",[2,3]],[""S"",[0,3]]]",-0.12307411596781193,-0.4721359549995794,0.34906183903176746,60,2,4,4,0,4
2026-09-v3-pauli-factor-graph,Hubbard,8.0,23,8,"[[""S"",[0,1]],[""D"",[0,1,2,3]],[""S"",[0,1]],[""D"",[0,2,1,3]],[""S"",[1,2]],[""S"",[0,1]]]",-0.2438145418136548,-0.4721359549995794,0.22832141318592458,60,2,6,4,2,6
2026-09-v3-pauli-factor-graph,Hubbard,8.0,23,9,"[[""D"",[0,3,1,2]],[""D"",[0,1,2,3]],[""S"",[0,3]],[""S"",[0,2]]]",0.0,-0.4721359549995794,0.4721359549995794,60,2,4,2,2,4
2026-09-v3-pauli-factor-graph,Hubbard,8.0,23,10,"[[""S"",[0,1]],[""D"",[0,1,2,3]],[""S"",[0,1]],[""D"",[0,1,2,3]],[""S"",[1,3]],[""D"",[0,2,1,3]]]",-0.2426063784583512,-0.4721359549995794,0.2295295765412282,60,2,6,3,3,6
2026-09-v3-pauli-factor-graph,Hubbard,8.0,23,11,"[[""S"",[3,2]],[""S"",[0,1]],[""D"",[0,1,2,3]]]",-0.24985021851693556,-0.4721359549995794,0.22228573648264383,60,2,3,2,1,3
2026-09-v3-pauli-factor-graph,Hubbard,8.0,23,12,"[[""D"",[0,3,1,2]],[""S"",[0,2]],[""S"",[0,2]],[""S"",[1,3]],[""S"",[0,2]],[""S"",[1,3]],[""S"",[1,2]],[""D"",[0,1,2,3]]]",-0.4703627813208373,-0.4721359549995794,0.0017731736787420793,60,2,8,6,2,8
2026-09-v3-pauli-factor-graph,Hubbard,8.0,23,13,"[[""S"",[3,2]],[""S"",[1,2]],[""S"",[1,2]],[""S"",[2,3]],[""S"",[0,3]],[""S"",[0,2]],[""S"",[0,3]]]",-0.23604121427821023,-0.4721359549995794,0.23609474072136916,60,2,7,7,0,7
2026-09-v3-pauli-factor-graph,Hubbard,8.0,23,14,"[[""S"",[0,1]],[""S"",[1,2]],[""D"",[0,1,2,3]],[""D"",[0,1,2,3]],[""S"",[0,1]],[""S"",[2,3]],[""S"",[0,1]],[""D"",[0,1,2,3]]]",-0.24992149376441053,-0.4721359549995794,0.22221446123516886,60,2,8,5,3,8
2026-09-v3-pauli-factor-graph,Hubbard,8.0,23,15,"[[""D"",[0,3,1,2]],[""D"",[0,2,1,3]],[""S"",[0,1]]]",-0.12299125666074162,-0.4721359549995794,0.34914469833883777,60,2,3,1,2,3
2026-09-v3-pauli-factor-graph,Hubbard,8.0,23,16,"[[""S"",[0,1]],[""S"",[1,3]],[""S"",[0,3]]]",-0.12307456700164643,-0.4721359549995794,0.34906138799793296,60,2,3,3,0,3
2026-09-v3-pauli-factor-graph,Hubbard,8.0,23,17,"[[""S"",[3,2]],[""S"",[0,2]],[""D"",[0,2,1,3]],[""S"",[0,3]],[""S"",[0,3]]]",-0.24255455219070576,-0.4721359549995794,0.22958140280887362,60,2,5,4,1,5
2026-09-v3-pauli-factor-graph,Hubbard,8.0,23,18,"[[""D"",[0,3,1,2]],[""S"",[2,3]],[""S"",[0,2]],[""D"",[0,2,1,3]]]",-0.47169354004043584,-0.4721359549995794,0.00044241495914354445,60,2,4,2,2,4
2026-09-v3-pauli-factor-graph,Hubbard,8.0,23,19,"[[""S"",[3,2]],[""S"",[0,3]],[""S"",[0,1]],[""S"",[0,2]],[""S"",[0,1]],[""S"",[1,2]]]",-0.24989374477493254,-0.4721359549995794,0.22224221022464685,60,2,6,6,0,6
2026-09-v3-pauli-factor-graph,Hubbard,8.0,23,20,"[[""S"",[0,1]],[""S"",[0,2]],[""S"",[1,3]],[""S"",[1,3]],[""S"",[1,3]]]",-0.1230654900085919,-0.4721359549995794,0.3490704649909875,60,2,5,5,0,5
2026-09-v3-pauli-factor-graph,Hubbard,8.0,23,21,"[[""D"",[0,3,1,2]],[""D"",[0,2,1,3]],[""S"",[1,3]],[""S"",[0,3]],[""S"",[0,1]],[""S"",[1,2]]]",-0.4717862412458971,-0.4721359549995794,0.0003497137536823125,60,2,6,4,2,6
2026-09-v3-pauli-factor-graph,Hubbard,8.0,23,22,"[[""S"",[0,1]],[""S"",[2,3]],[""D"",[0,1,2,3]]]",-0.24994125784225907,-0.4721359549995794,0.22219469715732032,60,2,3,2,1,3
2026-09-v3-pauli-factor-graph,Hubbard,8.0,23,23,"[[""S"",[3,2]],[""S"",[0,2]],[""S"",[1,3]],[""D"",[0,2,1,3]],[""S"",[1,2]]]",-0.24251790236625448,-0.4721359549995794,0.2296180526333249,60,2,5,4,1,5
2026-09-v3-pauli-factor-graph,Hubbard,8.0,37,0,"[[""D"",[0,3,1,2]],[""S"",[2,3]],[""S"",[2,3]]]",-0.12309196008838663,-0.4721359549995794,0.34904399491119276,60,2,3,2,1,3
2026-09-v3-pauli-factor-graph,Hubbard,8.0,37,1,"[[""S"",[3,2]],[""D"",[0,2,1,3]],[""S"",[2,3]],[""S"",[0,3]]]",-0.2443184758493695,-0.4721359549995794,0.2278174791502099,60,2,4,3,1,4
2026-09-v3-pauli-factor-graph,Hubbard,8.0,37,2,"[[""S"",[0,1]],[""S"",[1,2]],[""D"",[0,2,1,3]],[""D"",[0,2,1,3]]]",-0.24262211530382483,-0.4721359549995794,0.22951383969575456,60,2,4,2,2,4
2026-09-v3-pauli-factor-graph,Hubbard,8.0,37,3,"[[""D"",[0,3,1,2]],[""S"",[0,1]],[""S"",[0,2]],[""S"",[1,3]]]",-0.12307869992968157,-0.4721359549995794,0.3490572550698978,60,2,4,3,1,4
2026-09-v3-pauli-factor-graph,Hubbard,8.0,37,4,"[[""S"",[0,1]],[""D"",[0,1,2,3]],[""S"",[2,3]]]",-0.2497828052794726,-0.4721359549995794,0.22235314972010678,60,2,3,2,1,3
2026-09-v3-pauli-factor-graph,Hubbard,8.0,37,5,"[[""S"",[3,2]],[""S"",[0,2]],[""S"",[1,2]],[""S"",[0,2]],[""S"",[2,3]],[""S"",[2,3]],[""D"",[0,1,2,3]]]",-0.3415606403827183,-0.4721359549995794,0.13057531461686112,60,2,7,6,1,7
2026-09-v3-pauli-factor-graph,Hubbard,8.0,37,6,"[[""D"",[0,3,1,2]],[""S"",[0,3]],[""S"",[0,3]],[""S"",[2,3]]]",-0.12309485813680543,-0.4721359549995794,0.34904109686277396,60,2,4,3,1,4
2026-09-v3-pauli-factor-graph,Hubbard,8.0,37,7,"[[""S"",[3,2]],[""S"",[0,2]],[""S"",[0,3]],[""S"",[0,3]],[""S"",[1,3]],[""S"",[0,2]]]",-0.12303717012084503,-0.4721359549995794,0.34909878487873436,60,2,6,6,0,6
2026-09-v3-pauli-factor-graph,Hubbard,8.0,37,8,"[[""S"",[0,1]],[""S"",[1,2]],[""S"",[0,3]],[""D"",[0,2,1,3]],[""S"",[1,3]],[""D"",[0,1,2,3]]]",-0.24224480234516443,-0.4721359549995794,0.22989115265441495,60,2,6,4,2,6
2026-09-v3-pauli-factor-graph,Hubbard,8.0,37,9,"[[""D"",[0,3,1,2]],[""D"",[0,1,2,3]],[""S"",[0,3]],[""S"",[1,2]],[""S"",[0,1]]]",-0.12306892873836528,-0.4721359549995794,0.3490670262612141,60,2,5,3,2,5
2026-09-v3-pauli-factor-graph,Hubbard,8.0,37,10,"[[""S"",[0,1]],[""S"",[0,2]],[""S"",[0,1]],[""S"",[2,3]]]",-0.2499126247527519,-0.4721359549995794,0.2222233302468275,60,2,4,4,0,4
2026-09-v3-pauli-factor-graph,Hubbard,8.0,37,11,"[[""S"",[3,2]],[""D"",[0,1,2,3]],[""D"",[0,1,2,3]],[""S"",[1,2]],[""S"",[1,2]]]",-0.12301181679046413,-0.4721359549995794,0.34912413820911525,60,2,5,3,2,5
2026-09-v3-pauli-factor-graph,Hubbard,8.0,37,12,"[[""D"",[0,3,1,2]],[""S"",[0,3]],[""D"",[0,1,2,3]]]",-2.220446049250313e-16,-0.4721359549995794,0.47213595499957917,60,2,3,1,2,3
2026-09-v3-pauli-factor-graph,Hubbard,8.0,37,13,"[[""S"",[3,2]],[""S"",[1,3]],[""S"",[1,2]],[""D"",[0,1,2,3]]]",-0.12307185886227057,-0.4721359549995794,0.3490640961373088,60,2,4,3,1,4
2026-09-v3-pauli-factor-graph,Hubbard,8.0,37,14,"[[""S"",[0,1]],[""S"",[1,2]],[""S"",[0,1]],[""S"",[0,1]],[""D"",[0,1,2,3]],[""S"",[2,3]],[""S"",[1,2]],[""D"",[0,2,1,3]]]",-0.24981098074576957,-0.4721359549995794,0.22232497425380982,60,2,8,6,2,8
2026-09-v3-pauli-factor-graph,Hubbard,8.0,37,15,"[[""D"",[0,3,1,2]],[""S"",[0,2]],[""D"",[0,2,1,3]],[""S"",[0,1]],[""S"",[0,3]],[""S"",[0,3]],[""D"",[0,2,1,3]]]",-0.4693233055511661,-0.4721359549995794,0.002812649448413307,60,2,7,4,3,7
2026-09-v3-pauli-factor-graph,Hubbard,8.0,37,16,"[[""S"",[0,1]],[""D"",[0,2,1,3]],[""S"",[1,2]],[""S"",[1,3]],[""S"",[2,3]],[""D"",[0,1,2,3]],[""D"",[0,1,2,3]]]",-0.25782153069695357,-0.4721359549995794,0.21431442430262582,60,2,7,4,3,7
2026-09-v3-pauli-factor-graph,Hubbard,8.0,37,17,"[[""S"",[3,2]],[""S"",[0,1]],[""S"",[0,2]],[""S"",[0,3]],[""S"",[0,3]],[""S"",[0,1]],[""S"",[0,3]]]",-0.24979259713112567,-0.4721359549995794,0.22234335786845372,60,2,7,7,0,7
2026-09-v3-pauli-factor-graph,Hubbard,8.0,37,18,"[[""D"",[0,3,1,2]],[""S"",[0,1]],[""S"",[1,2]],[""S"",[0,3]],[""S"",[2,3]],[""S"",[0,2]],[""S"",[0,1]]]",-0.47191961426161466,-0.4721359549995794,0.00021634073796472642,60,2,7,6,1,7
2026-09-v3-pauli-factor-graph,Hubbard,8.0,37,19,"[[""S"",[3,2]],[""D"",[0,1,2,3]],[""S"",[1,2]],[""S"",[1,3]],[""D"",[0,2,1,3]],[""S"",[0,2]],[""D"",[0,1,2,3]],[""S"",[2,3]]]",-0.244357101818244,-0.4721359549995794,0.2277788531813354,60,2,8,5,3,8
2026-09-v3-pauli-factor-graph,Hubbard,8.0,37,20,"[[""S"",[0,1]],[""D"",[0,1,2,3]],[""S"",[1,3]],[""S"",[0,2]],[""D"",[0,1,2,3]],[""S"",[1,3]],[""S"",[1,3]],[""S"",[1,3]]]",-0.2399634056951434,-0.4721359549995794,0.23217254930443598,60,2,8,6,2,8
2026-09-v3-pauli-factor-graph,Hubbard,8.0,37,21,"[[""D"",[0,3,1,2]],[""S"",[0,1]],[""S"",[0,3]],[""S"",[0,3]]]",-0.12306717771038955,-0.4721359549995794,0.34906877728918984,60,2,4,3,1,4
2026-09-v3-pauli-factor-graph,Hubbard,8.0,37,22,"[[""S"",[0,1]],[""S"",[0,3]],[""S"",[0,2]],[""D"",[0,2,1,3]],[""S"",[0,2]],[""S"",[1,3]],[""S"",[0,3]],[""S"",[1,2]]]",-0.24234900437088092,-0.4721359549995794,0.22978695062869847,60,2,8,7,1,8
2026-09-v3-pauli-factor-graph,Hubbard,8.0,37,23,"[[""S"",[3,2]],[""S"",[0,3]],[""S"",[1,2]],[""D"",[0,1,2,3]],[""D"",[0,1,2,3]]]",-0.23569474459189665,-0.4721359549995794,0.23644121040768273,60,2,5,3,2,5
2026-09-v3-pauli-factor-graph,Hubbard,8.0,51,0,"[[""D"",[0,3,1,2]],[""D"",[0,2,1,3]],[""S"",[0,3]],[""S"",[0,3]],[""S"",[0,3]]]",0.0,-0.4721359549995794,0.4721359549995794,60,2,5,3,2,5
2026-09-v3-pauli-factor-graph,Hubbard,8.0,51,1,"[[""S"",[3,2]],[""D"",[0,1,2,3]],[""D"",[0,1,2,3]],[""D"",[0,2,1,3]]]",-0.24263756908380163,-0.4721359549995794,0.22949838591577776,60,2,4,1,3,4
2026-09-v3-pauli-factor-graph,Hubbard,8.0,51,2,"[[""S"",[0,1]],[""D"",[0,1,2,3]],[""S"",[1,2]],[""S"",[2,3]]]",-0.24992047801016115,-0.4721359549995794,0.22221547698941824,60,2,4,3,1,4
2026-09-v3-pauli-factor-graph,Hubbard,8.0,51,3,"[[""D"",[0,3,1,2]],[""S"",[1,2]],[""D"",[0,1,2,3]],[""S"",[0,1]]]",-0.12308423306929561,-0.4721359549995794,0.3490517219302838,60,2,4,2,2,4
2026-09-v3-pauli-factor-graph,Hubbard,8.0,51,4,"[[""S"",[0,1]],[""S"",[2,3]],[""S"",[2,3]]]",-0.24992182966007537,-0.4721359549995794,0.22221412533950402,60,2,3,3,0,3
2026-09-v3-pauli-factor-graph,Hubbard,8.0,51,5,"[[""S"",[3,2]],[""D"",[0,2,1,3]],[""S"",[1,2]],[""S"",[0,2]],[""S"",[0,1]]]",-0.2643536078534743,-0.4721359549995794,0.2077823471461051,60,2,5,4,1,5
2026-09-v3-pauli-factor-graph,Hubbard,8.0,51,6,"[[""D"",[0,3,1,2]],[""D"",[0,2,1,3]],[""D"",[0,2,1,3]],[""S"",[1,3]],[""S"",[1,3]]]",0.0,-0.4721359549995794,0.4721359549995794,60,2,5,2,3,5
2026-09-v3-pauli-factor-graph,Hubbard,8.0,51,7,"[[""S"",[3,2]],[""S"",[1,3]],[""S"",[1,2]],[""S"",[0,2]],[""S"",[0,3]],[""S"",[0,1]],[""D"",[0,2,1,3]]]",-0.4368127102872834,-0.4721359549995794,0.035323244712295976,60,2,7,6,1,7
2026-09-v3-pauli-factor-graph,Hubbard,8.0,51,8,"[[""S"",[0,1]],[""S"",[0,3]],[""S"",[1,3]]]",-0.12306745204073488,-0.4721359549995794,0.3490685029588445,60,2,3,3,0,3
2026-09-v3-pauli-factor-graph,Hubbard,8.0,51,9,"[[""D"",[0,3,1,2]],[""S"",[0,3]],[""S"",[2,3]],[""S"",[1,3]],[""S"",[0,3]]]",-0.4714346226589383,-0.4721359549995794,0.0007013323406410699,60,2,5,4,1,5
2026-09-v3-pauli-factor-graph,Hubbard,8.0,51,10,"[[""S"",[0,1]],[""S"",[1,3]],[""S"",[0,2]],[""S"",[2,3]],[""S"",[2,3]]]",-0.24996691094431744,-0.4721359549995794,0.22216904405526194,60,2,5,5,0,5
2026-09-v3-pauli-factor-graph,Hubbard,8.0,51,11,"[[""S"",[3,2]],[""S"",[0,1]],[""D"",[0,2,1,3]],[""D"",[0,1,2,3]],[""S"",[1,2]],[""S"",[0,3]],[""S"",[0,2]],[""S"",[0,2]]]",-0.47171928597591295,-0.4721359549995794,0.0004166690236664383,60,2,8,6,2,8
2026-09-v3-pauli-factor-graph,Hubbard,8.0,51,12,"[[""D"",[0,3,1,2]],[""S"",[1,2]],[""S"",[1,3]]]",-2.220446049250313e-16,-0.4721359549995794,0.47213595499957917,60,2,3,2,1,3
2026-09-v3-pauli-factor-graph,Hubbard,8.0,51,13,"[[""S"",[3,2]],[""S"",[1,2]],[""D"",[0,2,1,3]],[""S"",[1,3]]]",-0.24259755636162295,-0.4721359549995794,0.22953839863795644,60,2,4,3,1,4
2026-09-v3-pauli-factor-graph,Hubbard,8.0,51,14,"[[""S"",[0,1]],[""D"",[0,2,1,3]],[""D"",[0,2,1,3]],[""S"",[1,3]]]",-0.24252541127336258,-0.4721359549995794,0.2296105437262168,60,2,4,2,2,4
2026-09-v3-pauli-factor-graph,Hubbard,8.0,51,15,"[[""D"",[0,3,1,2]],[""D"",[0,1,2,3]],[""S"",[0,1]],[""D"",[0,1,2,3]],[""S"",[0,1]],[""S"",[0,2]],[""S"",[1,2]]]",-0.4714320508407994,-0.4721359549995794,0.0007039041587799666,60,2,7,4,3,7
2026-09-v3-pauli-factor-graph,Hubbard,8.0,51,16,"[[""S"",[0,1]],[""S"",[0,3]],[""S"",[0,3]],[""D"",[0,1,2,3]],[""S"",[0,1]],[""S"",[1,3]],[""D"",[0,1,2,3]],[""S"",[2,3]]]",-0.2529846493389365,-0.4721359549995794,0.2191513056606429,60,2,8,6,2,8
2026-09-v3-pauli-factor-graph,Hubbard,8.0,51,17,"[[""S"",[3,2]],[""S"",[1,3]],[""S"",[0,2]]]",-0.12309965097302955,-0.4721359549995794,0.34903630402654984,60,2,3,3,0,3
2026-09-v3-pauli-factor-graph,Hubbard,8.0,51,18,"[[""D"",[0,3,1,2]],[""S"",[1,2]],[""S"",[0,1]],[""S"",[0,3]],[""S"",[0,3]],[""D"",[0,1,2,3]],[""D"",[0,1,2,3]],[""S"",[2,3]]]",-0.4714790369413504,-0.4721359549995794,0.0006569180582289835,60,2,8,5,3,8
2026-09-v3-pauli-factor-graph,Hubbard,8.0,51,19,"[[""S"",[3,2]],[""S"",[2,3]],[""S"",[1,2]]]",-0.12287706544283084,-0.4721359549995794,0.34925888955674855,60,2,3,3,0,3
2026-09-v3-pauli-factor-graph,Hubbard,8.0,51,20,"[[""S"",[0,1]],[""S"",[0,1]],[""D"",[0,1,2,3]],[""S"",[0,2]],[""S"",[1,2]],[""S"",[0,1]],[""S"",[1,2]],[""S"",[1,2]]]",-0.12310313301123754,-0.4721359549995794,0.34903282198834185,60,2,8,7,1,8
2026-09-v3-pauli-factor-graph,Hubbard,8.0,51,21,"[[""D"",[0,3,1,2]],[""S"",[2,3]],[""S"",[1,3]],[""D"",[0,2,1,3]],[""S"",[1,2]]]",-0.46981845291107627,-0.4721359549995794,0.0023175020885031206,60,2,5,3,2,5
2026-09-v3-pauli-factor-graph,Hubbard,8.0,51,22,"[[""S"",[0,1]],[""S"",[1,2]],[""S"",[1,2]],[""S"",[1,3]],[""S"",[0,1]],[""D"",[0,2,1,3]]]",-0.24247345779698204,-0.4721359549995794,0.22966249720259735,60,2,6,5,1,6
2026-09-v3-pauli-factor-graph,Hubbard,8.0,51,23,"[[""S"",[3,2]],[""S"",[0,2]],[""S"",[0,1]],[""S"",[0,2]],[""S"",[0,2]],[""S"",[0,2]],[""S"",[1,3]]]",-0.2499688852452957,-0.4721359549995794,0.22216706975428369,60,2,7,7,0,7
2026-09-v3-pauli-factor-graph,Hubbard,8.0,79,0,"[[""D"",[0,3,1,2]],[""S"",[0,3]],[""S"",[0,1]],[""S"",[1,3]],[""S"",[0,1]],[""D"",[0,1,2,3]],[""S"",[0,2]],[""S"",[0,2]]]",-0.12303459990412313,-0.4721359549995794,0.34910135509545626,60,2,8,6,2,8
2026-09-v3-pauli-factor-graph,Hubbard,8.0,79,1,"[[""S"",[3,2]],[""S"",[0,3]],[""S"",[2,3]],[""S"",[0,1]],[""S"",[1,3]]]",-0.24999214567332473,-0.4721359549995794,0.22214380932625466,60,2,5,5,0,5
2026-09-v3-pauli-factor-graph,Hubbard,8.0,79,2,"[[""S"",[0,1]],[""S"",[1,3]],[""D"",[0,1,2,3]],[""S"",[1,3]],[""S"",[0,1]],[""S"",[0,1]]]",-0.12306486714866938,-0.4721359549995794,0.34907108785091,60,2,6,5,1,6
2026-09-v3-pauli-factor-graph,Hubbard,8.0,79,3,"[[""D"",[0,3,1,2]],[""D"",[0,2,1,3]],[""D"",[0,2,1,3]],[""D"",[0,2,1,3]],[""S"",[0,1]],[""S"",[0,1]],[""D"",[0,2,1,3]],[""S"",[0,2]]]",-0.4715498509319196,-0.4721359549995794,0.0005861040676597984,60,2,8,3,5,8
2026-09-v3-pauli-factor-graph,Hubbard,8.0,79,4,"[[""S"",[0,1]],[""S"",[0,3]],[""S"",[1,2]],[""D"",[0,2,1,3]],[""D"",[0,2,1,3]],[""D"",[0,1,2,3]],[""S"",[0,1]],[""S"",[0,1]]]",-0.25057676278958474,-0.4721359549995794,0.22155919220999465,60,2,8,5,3,8
2026-09-v3-pauli-factor-graph,Hubbard,8.0,79,5,"[[""S"",[3,2]],[""S"",[0,1]],[""D"",[0,2,1,3]],[""D"",[0,2,1,3]],[""S"",[0,1]]]",-0.2733356732097363,-0.4721359549995794,0.1988002817898431,60,2,5,3,2,5
2026-09-v3-pauli-factor-graph,Hubbard,8.0,79,6,"[[""D"",[0,3,1,2]],[""S"",[0,3]],[""D"",[0,2,1,3]],[""S"",[2,3]],[""S"",[2,3]],[""S"",[0,3]]]",-0.12308984103895781,-0.4721359549995794,0.3490461139606216,60,2,6,4,2,6
2026-09-v3-pauli-factor-graph,Hubbard,8.0,79,7,"[[""S"",[3,2]],[""S"",[1,3]],[""S"",[1,2]]]",-0.12304653822547595,-0.4721359549995794,0.34908941677410343,60,2,3,3,0,3
2026-09-v3-pauli-factor-graph,Hubbard,8.0,79,8,"[[""S"",[0,1]],[""D"",[0,2,1,3]],[""S"",[0,1]],[""D"",[0,2,1,3]],[""S"",[1,3]],[""D"",[0,1,2,3]],[""S"",[2,3]],[""D"",[0,2,1,3]]]",-0.2675494917997534,-0.4721359549995794,0.20458646319982599,60,2,8,4,4,8
2026-09-v3-pauli-factor-graph,Hubbard,8.0,79,9,"[[""D"",[0,3,1,2]],[""S"",[1,3]],[""S"",[0,2]],[""S"",[0,2]],[""S"",[2,3]]]",-0.12303031517095975,-0.4721359549995794,0.34910563982861964,60,2,5,4,1,5
2026-09-v3-pauli-factor-graph,Hubbard,8.0,79,10,"[[""S"",[0,1]],[""D"",[0,1,2,3]],[""S"",[1,3]],[""S"",[0,2]],[""D"",[0,1,2,3]],[""S"",[0,3]]]",-0.24699535961529273,-0.4721359549995794,0.22514059538428666,60,2,6,4,2,6
2026-09-v3-pauli-factor-graph,Hubbard,8.0,79,11,"[[""S"",[3,2]],[""D"",[0,2,1,3]],[""S"",[1,3]],[""D"",[0,2,1,3]],[""D"",[0,1,2,3]],[""S"",[0,1]]]",-0.28031445823619583,-0.4721359549995794,0.19182149676338356,60,2,6,3,3,6
2026-09-v3-pauli-factor-graph,Hubbard,8.0,79,12,"[[""D"",[0,3,1,2]],[""S"",[1,2]],[""D"",[0,1,2,3]],[""S"",[2,3]],[""S"",[1,2]],[""S"",[0,1]],[""S"",[1,3]],[""S"",[0,2]]]",-0.47173870014869945,-0.4721359549995794,0.0003972548508799356,60,2,8,6,2,8
2026-09-v3-pauli-factor-graph,Hubbard,8.0,79,13,"[[""S"",[3,2]],[""D"",[0,1,2,3]],[""D"",[0,1,2,3]]]",-0.12310527214914435,-0.4721359549995794,0.34903068285043504,60,2,3,1,2,3
2026-09-v3-pauli-factor-graph,Hubbard,8.0,79,14,"[[""S"",[0,1]],[""S"",[0,1]],[""S"",[0,1]],[""S"",[1,3]],[""D"",[0,1,2,3]]]",-0.123055231456763,-0.4721359549995794,0.3490807235428164,60,2,5,4,1,5
2026-09-v3-pauli-factor-graph,Hubbard,8.0,79,15,"[[""D"",[0,3,1,2]],[""S"",[0,1]],[""S"",[1,3]],[""D"",[0,2,1,3]],[""S"",[0,2]],[""D"",[0,1,2,3]]]",-0.47087648975876406,-0.4721359549995794,0.0012594652408153273,60,2,6,3,3,6
2026-09-v3-pauli-factor-graph,Hubbard,8.0,79,16,"[[""S"",[0,1]],[""S"",[1,2]],[""D"",[0,1,2,3]],[""S"",[2,3]],[""S"",[1,3]],[""S"",[1,2]],[""S"",[1,3]]]",-0.47206683839870367,-0.4721359549995794,6.911660087571825e-05,60,2,7,6,1,7
2026-09-v3-pauli-factor-graph,Hubbard,8.0,79,17,"[[""S"",[3,2]],[""S"",[1,3]],[""S"",[0,2]],[""S"",[1,2]],[""D"",[0,1,2,3]],[""S"",[0,1]],[""S"",[0,1]]]",-0.2567738785653746,-0.4721359549995794,0.2153620764342048,60,2,7,6,1,7
2026-09-v3-pauli-factor-graph,Hubbard,8.0,79,18,"[[""D"",[0,3,1,2]],[""S"",[0,1]],[""S"",[0,2]]]",-0.12309456264069674,-0.4721359549995794,0.34904139235888265,60,2,3,2,1,3
2026-09-v3-pauli-factor-graph,Hubbard,8.0,79,19,"[[""S"",[3,2]],[""S"",[2,3]],[""S"",[0,3]],[""S"",[0,2]]]",-0.12286347363870842,-0.4721359549995794,0.34927248136087097,60,2,4,4,0,4
2026-09-v3-pauli-factor-graph,Hubbard,8.0,79,20,"[[""S"",[0,1]],[""S"",[0,2]],[""S"",[0,1]],[""D"",[0,2,1,3]],[""S"",[1,2]],[""S"",[0,2]],[""S"",[1,2]],[""S"",[0,2]]]",-0.27424781623942573,-0.4721359549995794,0.19788813876015365,60,2,8,7,1,8
2026-09-v3-pauli-factor-graph,Hubbard,8.0,79,21,"[[""D"",[0,3,1,2]],[""S"",[0,3]],[""S"",[0,3]],[""S"",[0,2]],[""D"",[0,1,2,3]],[""S"",[0,2]],[""S"",[1,3]]]",-2.220446049250313e-16,-0.4721359549995794,0.47213595499957917,60,2,7,5,2,7
2026-09-v3-pauli-factor-graph,Hubbard,8.0,79,22,"[[""S"",[0,1]],[""S"",[0,1]],[""S"",[0,2]],[""S"",[1,2]],[""S"",[1,3]],[""S"",[1,2]],[""S"",[0,3]],[""D"",[0,2,1,3]]]",-0.2432854359830463,-0.4721359549995794,0.22885051901653308,60,2,8,7,1,8
2026-09-v3-pauli-factor-graph,Hubbard,8.0,79,23,"[[""S"",[3,2]],[""S"",[0,3]],[""S"",[1,2]]]",-0.23569137712580912,-0.4721359549995794,0.23644457787377027,60,2,3,3,0,3
