dataset_version,family,parameter,arch_seed,arch_id,gates_json,energy,exact,gap,label_steps,label_restarts,depth,n_single,n_double,n_parameters
2026-09-v3-pauli-factor-graph,LiH,1.0,11,0,"[[""D"",[0,1,2,3]],[""D"",[1,2,3,4]],[""D"",[0,3,1,4]]]",-7.7674932247861115,-7.768621769692944,0.0011285449068321185,70,2,3,0,3,3
2026-09-v3-pauli-factor-graph,LiH,1.0,11,1,"[[""S"",[1,3]],[""D"",[0,4,2,5]],[""S"",[0,2]],[""D"",[0,1,3,4]],[""S"",[1,3]],[""D"",[0,2,1,4]]]",-7.767361136093527,-7.768621769692944,0.0012606335994167495,70,2,6,3,3,6
2026-09-v3-pauli-factor-graph,LiH,1.0,11,2,"[[""S"",[0,4]],[""S"",[0,4]],[""D"",[0,3,1,5]],[""S"",[1,2]],[""D"",[0,3,4,5]],[""D"",[1,4,3,5]],[""D"",[2,4,3,5]],[""D"",[0,2,3,4]]]",-7.767361881228944,-7.768621769692944,0.0012598884639993813,70,2,8,3,5,8
2026-09-v3-pauli-factor-graph,LiH,1.0,11,3,"[[""D"",[0,1,2,3]],[""S"",[1,3]],[""D"",[0,1,3,5]],[""D"",[0,1,2,5]],[""D"",[0,2,3,5]],[""D"",[2,4,3,5]],[""S"",[3,4]],[""D"",[1,3,2,5]]]",-7.768590403666791,-7.768621769692944,3.13660261523907e-05,70,2,8,2,6,8
2026-09-v3-pauli-factor-graph,LiH,1.0,11,4,"[[""S"",[0,2]],[""D"",[1,2,3,4]],[""S"",[2,5]]]",-7.767362134333503,-7.768621769692944,0.0012596353594407361,70,2,3,2,1,3
2026-09-v3-pauli-factor-graph,LiH,1.0,11,5,"[[""S"",[1,3]],[""D"",[0,1,3,5]],[""D"",[1,4,3,5]],[""D"",[1,3,2,4]],[""D"",[1,2,3,5]],[""D"",[0,3,1,5]],[""D"",[2,4,3,5]]]",-7.767362095628299,-7.768621769692944,0.0012596740646442228,70,2,7,1,6,7
2026-09-v3-pauli-factor-graph,LiH,1.0,11,6,"[[""D"",[0,1,2,3]],[""S"",[2,3]],[""S"",[3,5]],[""D"",[0,3,1,5]],[""D"",[1,2,3,5]],[""D"",[0,1,3,4]],[""D"",[2,4,3,5]],[""D"",[0,1,2,3]]]",-7.767493223850418,-7.768621769692944,0.0011285458425254191,70,2,8,2,6,8
2026-09-v3-pauli-factor-graph,LiH,1.0,11,7,"[[""S"",[1,5]],[""D"",[0,4,2,5]],[""S"",[2,4]],[""D"",[0,4,1,5]],[""D"",[1,3,2,4]],[""D"",[1,2,4,5]],[""D"",[1,2,4,5]],[""D"",[2,3,4,5]]]",-7.7673621216391195,-7.768621769692944,0.0012596480538240584,70,2,8,2,6,8
2026-09-v3-pauli-factor-graph,LiH,1.0,11,8,"[[""S"",[0,2]],[""D"",[0,1,3,4]],[""D"",[0,3,2,5]]]",-7.7673620490408,-7.768621769692944,0.0012597206521434146,70,2,3,1,2,3
2026-09-v3-pauli-factor-graph,LiH,1.0,11,9,"[[""D"",[0,1,2,3]],[""S"",[0,4]],[""D"",[2,3,4,5]],[""D"",[1,4,2,5]]]",-7.768601389617419,-7.768621769692944,2.0380075524961683e-05,70,2,4,1,3,4
2026-09-v3-pauli-factor-graph,LiH,1.0,11,10,"[[""S"",[0,4]],[""S"",[2,4]],[""S"",[1,3]],[""D"",[1,3,2,5]]]",-7.767362031873314,-7.768621769692944,0.001259737819629514,70,2,4,3,1,4
2026-09-v3-pauli-factor-graph,LiH,1.0,11,11,"[[""S"",[1,5]],[""S"",[2,3]],[""D"",[0,1,4,5]],[""D"",[1,4,2,5]],[""D"",[2,4,3,5]],[""S"",[2,3]],[""D"",[0,2,3,4]]]",-7.76851647613757,-7.768621769692944,0.00010529355537336471,70,2,7,3,4,7
2026-09-v3-pauli-factor-graph,LiH,1.0,11,12,"[[""D"",[0,1,2,3]],[""S"",[2,3]],[""D"",[0,1,2,5]]]",-7.767493205197271,-7.768621769692944,0.0011285644956728902,70,2,3,1,2,3
2026-09-v3-pauli-factor-graph,LiH,1.0,11,13,"[[""S"",[1,3]],[""D"",[0,1,3,4]],[""D"",[0,1,2,3]],[""D"",[1,4,2,5]],[""D"",[0,3,2,4]]]",-7.767494680786028,-7.768621769692944,0.0011270889069159296,70,2,5,1,4,5
2026-09-v3-pauli-factor-graph,LiH,1.0,11,14,"[[""S"",[0,4]],[""D"",[0,1,2,3]],[""D"",[1,4,2,5]],[""S"",[0,1]],[""S"",[3,5]],[""S"",[1,4]],[""S"",[0,1]]]",-7.767493036397242,-7.768621769692944,0.0011287332957019558,70,2,7,5,2,7
2026-09-v3-pauli-factor-graph,LiH,1.0,11,15,"[[""D"",[0,1,2,3]],[""D"",[0,2,1,5]],[""D"",[1,3,2,4]],[""D"",[0,2,4,5]],[""D"",[1,3,2,5]],[""S"",[0,3]],[""D"",[0,3,1,4]],[""S"",[0,2]]]",-7.767494567976126,-7.768621769692944,0.001127201716817794,70,2,8,2,6,8
2026-09-v3-pauli-factor-graph,LiH,1.0,11,16,"[[""S"",[0,2]],[""S"",[0,4]],[""D"",[0,4,1,5]],[""S"",[0,1]]]",-7.767362112544135,-7.768621769692944,0.0012596571488083796,70,2,4,3,1,4
2026-09-v3-pauli-factor-graph,LiH,1.0,11,17,"[[""S"",[1,3]],[""S"",[4,5]],[""S"",[3,5]],[""S"",[0,5]]]",-7.7673621127197725,-7.768621769692944,0.0012596569731710971,70,2,4,4,0,4
2026-09-v3-pauli-factor-graph,LiH,1.0,23,0,"[[""D"",[0,1,2,3]],[""D"",[0,1,2,5]],[""D"",[0,3,2,4]]]",-7.767493090466079,-7.768621769692944,0.0011286792268645485,70,2,3,0,3,3
2026-09-v3-pauli-factor-graph,LiH,1.0,23,1,"[[""S"",[1,3]],[""D"",[0,2,3,4]],[""S"",[1,2]],[""S"",[1,2]]]",-7.767362080219433,-7.768621769692944,0.0012596894735104058,70,2,4,3,1,4
2026-09-v3-pauli-factor-graph,LiH,1.0,23,2,"[[""S"",[0,4]],[""D"",[1,3,2,5]],[""D"",[0,1,2,5]],[""S"",[2,3]],[""S"",[2,3]],[""S"",[2,3]]]",-7.7673619582835265,-7.768621769692944,0.001259811409417111,70,2,6,4,2,6
2026-09-v3-pauli-factor-graph,LiH,1.0,23,3,"[[""D"",[0,1,2,3]],[""D"",[0,4,3,5]],[""D"",[0,1,3,4]]]",-7.7674924331329995,-7.768621769692944,0.001129336559944072,70,2,3,0,3,3
2026-09-v3-pauli-factor-graph,LiH,1.0,23,4,"[[""S"",[0,2]],[""D"",[0,4,2,5]],[""D"",[0,1,2,3]],[""D"",[0,1,3,4]],[""S"",[0,3]],[""S"",[1,5]],[""D"",[0,2,1,5]]]",-7.767494763263013,-7.768621769692944,0.0011270064299306881,70,2,7,3,4,7
2026-09-v3-pauli-factor-graph,LiH,1.0,23,5,"[[""S"",[1,3]],[""S"",[0,1]],[""D"",[0,1,2,4]]]",-7.767361999525789,-7.768621769692944,0.0012597701671541728,70,2,3,2,1,3
2026-09-v3-pauli-factor-graph,LiH,1.0,23,6,"[[""D"",[0,1,2,3]],[""S"",[4,5]],[""D"",[0,3,2,5]]]",-7.767493339682281,-7.768621769692944,0.001128430010662207,70,2,3,1,2,3
2026-09-v3-pauli-factor-graph,LiH,1.0,23,7,"[[""S"",[1,5]],[""S"",[0,3]],[""D"",[0,3,4,5]]]",-7.767362004507623,-7.768621769692944,0.0012597651853205605,70,2,3,2,1,3
2026-09-v3-pauli-factor-graph,LiH,1.0,23,8,"[[""S"",[0,2]],[""S"",[3,4]],[""D"",[0,2,3,5]],[""S"",[3,5]]]",-7.767362088189519,-7.768621769692944,0.0012596815034244813,70,2,4,3,1,4
2026-09-v3-pauli-factor-graph,LiH,1.0,23,9,"[[""D"",[0,1,2,3]],[""D"",[1,3,2,5]],[""S"",[0,5]],[""D"",[1,4,3,5]],[""D"",[0,2,1,5]],[""S"",[0,1]]]",-7.76749459368705,-7.768621769692944,0.0011271760058937375,70,2,6,2,4,6
2026-09-v3-pauli-factor-graph,LiH,1.0,23,10,"[[""S"",[0,4]],[""D"",[0,4,3,5]],[""S"",[2,5]],[""S"",[1,4]]]",-7.767361902280304,-7.768621769692944,0.0012598674126396148,70,2,4,3,1,4
2026-09-v3-pauli-factor-graph,LiH,1.0,23,11,"[[""S"",[1,5]],[""D"",[0,4,3,5]],[""S"",[0,1]],[""D"",[1,3,2,5]],[""D"",[0,4,1,5]],[""D"",[1,4,3,5]]]",-7.76736208401341,-7.768621769692944,0.0012596856795337175,70,2,6,2,4,6
2026-09-v3-pauli-factor-graph,LiH,1.0,23,12,"[[""D"",[0,1,2,3]],[""S"",[0,5]],[""D"",[1,3,2,5]]]",-7.767492962238851,-7.768621769692944,0.0011288074540924953,70,2,3,1,2,3
2026-09-v3-pauli-factor-graph,LiH,1.0,23,13,"[[""S"",[1,3]],[""S"",[1,4]],[""S"",[2,4]],[""D"",[0,1,4,5]],[""S"",[1,4]],[""D"",[0,1,4,5]],[""D"",[0,3,1,4]],[""D"",[1,2,3,4]]]",-7.768519741158213,-7.768621769692944,0.00010202853473018081,70,2,8,4,4,8
2026-09-v3-pauli-factor-graph,LiH,1.0,23,14,"[[""S"",[0,4]],[""D"",[0,2,1,5]],[""D"",[0,2,1,4]],[""D"",[0,3,2,5]],[""S"",[2,5]],[""S"",[1,2]],[""D"",[0,1,2,3]]]",-7.767493184444177,-7.768621769692944,0.0011285852487663561,70,2,7,3,4,7
2026-09-v3-pauli-factor-graph,LiH,1.0,23,15,"[[""D"",[0,1,2,3]],[""D"",[0,1,3,4]],[""D"",[1,3,2,4]],[""D"",[1,2,3,5]],[""S"",[0,3]],[""D"",[0,4,2,5]],[""S"",[0,2]],[""D"",[1,2,3,4]]]",-7.7674946136379575,-7.768621769692944,0.0011271560549861448,70,2,8,2,6,8
2026-09-v3-pauli-factor-graph,LiH,1.0,23,16,"[[""S"",[0,2]],[""D"",[2,3,4,5]],[""S"",[0,5]]]",-7.767362035930309,-7.768621769692944,0.0012597337626347738,70,2,3,2,1,3
2026-09-v3-pauli-factor-graph,LiH,1.0,23,17,"[[""S"",[1,3]],[""D"",[0,4,1,5]],[""S"",[4,5]]]",-7.767362101916381,-7.768621769692944,0.0012596677765621678,70,2,3,2,1,3
2026-09-v3-pauli-factor-graph,LiH,1.0,37,0,"[[""D"",[0,1,2,3]],[""D"",[0,3,2,4]],[""D"",[0,2,3,5]]]",-7.767493322543299,-7.768621769692944,0.0011284471496448845,70,2,3,0,3,3
2026-09-v3-pauli-factor-graph,LiH,1.0,37,1,"[[""S"",[1,3]],[""D"",[1,3,4,5]],[""D"",[0,2,4,5]],[""S"",[3,4]]]",-7.7673621195004685,-7.768621769692944,0.0012596501924750925,70,2,4,2,2,4
2026-09-v3-pauli-factor-graph,LiH,1.0,37,2,"[[""S"",[0,4]],[""D"",[0,2,1,5]],[""D"",[1,4,3,5]],[""D"",[2,4,3,5]]]",-7.7673621335843395,-7.768621769692944,0.001259636108604134,70,2,4,1,3,4
2026-09-v3-pauli-factor-graph,LiH,1.0,37,3,"[[""D"",[0,1,2,3]],[""S"",[0,1]],[""S"",[1,5]],[""D"",[0,1,4,5]]]",-7.768602225865727,-7.768621769692944,1.9543827217027854e-05,70,2,4,2,2,4
2026-09-v3-pauli-factor-graph,LiH,1.0,37,4,"[[""S"",[0,2]],[""D"",[1,3,2,5]],[""D"",[0,2,4,5]]]",-7.767362131024981,-7.768621769692944,0.001259638667962193,70,2,3,1,2,3
2026-09-v3-pauli-factor-graph,LiH,1.0,37,5,"[[""S"",[1,3]],[""S"",[2,5]],[""D"",[0,1,3,4]],[""S"",[1,2]],[""D"",[0,2,4,5]],[""D"",[0,2,4,5]],[""D"",[1,2,3,5]]]",-7.768520889481242,-7.768621769692944,0.00010088021170151507,70,2,7,3,4,7
2026-09-v3-pauli-factor-graph,LiH,1.0,37,6,"[[""D"",[0,1,2,3]],[""S"",[3,4]],[""S"",[3,5]],[""D"",[0,2,4,5]]]",-7.767493267370953,-7.768621769692944,0.0011285023219906876,70,2,4,2,2,4
2026-09-v3-pauli-factor-graph,LiH,1.0,37,7,"[[""S"",[1,5]],[""S"",[2,3]],[""S"",[3,5]],[""S"",[2,5]],[""D"",[0,3,1,4]],[""S"",[1,3]]]",-7.767362100422465,-7.768621769692944,0.0012596692704782697,70,2,6,5,1,6
2026-09-v3-pauli-factor-graph,LiH,1.0,37,8,"[[""S"",[0,2]],[""D"",[0,1,2,4]],[""S"",[3,4]],[""D"",[2,4,3,5]],[""D"",[0,2,3,4]],[""D"",[0,4,3,5]]]",-7.767486063719348,-7.768621769692944,0.001135705973595691,70,2,6,2,4,6
2026-09-v3-pauli-factor-graph,LiH,1.0,37,9,"[[""D"",[0,1,2,3]],[""D"",[0,3,4,5]],[""S"",[4,5]],[""D"",[0,1,2,4]],[""S"",[0,1]]]",-7.7674921677910085,-7.768621769692944,0.0011296019019351178,70,2,5,2,3,5
2026-09-v3-pauli-factor-graph,LiH,1.0,37,10,"[[""S"",[0,4]],[""S"",[2,4]],[""S"",[0,5]],[""D"",[0,2,3,5]]]",-7.767362006768493,-7.768621769692944,0.0012597629244508468,70,2,4,3,1,4
2026-09-v3-pauli-factor-graph,LiH,1.0,37,11,"[[""S"",[1,5]],[""D"",[1,2,3,4]],[""D"",[1,2,3,5]],[""D"",[0,1,2,4]],[""D"",[0,2,1,5]]]",-7.767361932348876,-7.768621769692944,0.0012598373440679822,70,2,5,1,4,5
2026-09-v3-pauli-factor-graph,LiH,1.0,37,12,"[[""D"",[0,1,2,3]],[""S"",[2,5]],[""D"",[1,3,2,4]]]",-7.767493362270147,-7.768621769692944,0.001128407422796407,70,2,3,1,2,3
2026-09-v3-pauli-factor-graph,LiH,1.0,37,13,"[[""S"",[1,3]],[""D"",[0,1,4,5]],[""D"",[0,2,1,5]],[""D"",[0,4,3,5]]]",-7.768520502031123,-7.768621769692944,0.00010126766182061431,70,2,4,1,3,4
2026-09-v3-pauli-factor-graph,LiH,1.0,37,14,"[[""S"",[0,4]],[""D"",[0,1,2,5]],[""S"",[0,1]],[""S"",[0,4]],[""D"",[1,3,2,5]],[""D"",[0,4,2,5]],[""D"",[0,2,1,4]],[""D"",[1,3,4,5]]]",-7.768516000614767,-7.768621769692944,0.00010576907817672065,70,2,8,3,5,8
2026-09-v3-pauli-factor-graph,LiH,1.0,37,15,"[[""D"",[0,1,2,3]],[""S"",[2,4]],[""D"",[2,3,4,5]],[""S"",[0,2]],[""S"",[3,5]],[""D"",[0,2,1,3]],[""D"",[1,2,4,5]]]",-7.768613494166635,-7.768621769692944,8.275526308665349e-06,70,2,7,3,4,7
2026-09-v3-pauli-factor-graph,LiH,1.0,37,16,"[[""S"",[0,2]],[""D"",[2,3,4,5]],[""D"",[0,1,2,5]],[""D"",[0,3,1,5]],[""D"",[0,3,2,4]],[""D"",[1,2,3,4]],[""D"",[1,2,3,4]]]",-7.767361956052539,-7.768621769692944,0.0012598136404049498,70,2,7,1,6,7
2026-09-v3-pauli-factor-graph,LiH,1.0,37,17,"[[""S"",[1,3]],[""S"",[0,2]],[""S"",[1,5]],[""S"",[2,5]],[""S"",[3,4]],[""S"",[1,2]],[""S"",[3,5]]]",-7.767361810372322,-7.768621769692944,0.0012599593206212845,70,2,7,7,0,7
2026-09-v3-pauli-factor-graph,LiH,1.0,51,0,"[[""D"",[0,1,2,3]],[""D"",[1,4,3,5]],[""S"",[3,5]],[""D"",[0,1,2,3]],[""S"",[2,5]]]",-7.767493355885497,-7.768621769692944,0.0011284138074465488,70,2,5,2,3,5
2026-09-v3-pauli-factor-graph,LiH,1.0,51,1,"[[""S"",[1,3]],[""D"",[1,2,3,5]],[""D"",[1,2,3,4]],[""D"",[1,2,4,5]]]",-7.767362123685915,-7.768621769692944,0.0012596460070284365,70,2,4,1,3,4
2026-09-v3-pauli-factor-graph,LiH,1.0,51,2,"[[""S"",[0,4]],[""D"",[1,3,2,4]],[""D"",[0,1,2,4]],[""D"",[0,4,2,5]]]",-7.767361684696848,-7.768621769692944,0.001260084996095756,70,2,4,1,3,4
2026-09-v3-pauli-factor-graph,LiH,1.0,51,3,"[[""D"",[0,1,2,3]],[""S"",[1,5]],[""D"",[0,3,1,4]]]",-7.767493371924808,-7.768621769692944,0.0011283977681353363,70,2,3,1,2,3
2026-09-v3-pauli-factor-graph,LiH,1.0,51,4,"[[""S"",[0,2]],[""D"",[0,1,3,4]],[""D"",[1,2,3,4]],[""S"",[0,1]]]",-7.767362034259317,-7.768621769692944,0.0012597354336270072,70,2,4,2,2,4
2026-09-v3-pauli-factor-graph,LiH,1.0,51,5,"[[""S"",[1,3]],[""D"",[0,3,4,5]],[""D"",[0,3,2,5]]]",-7.768521002935155,-7.768621769692944,0.00010076675778858402,70,2,3,1,2,3
2026-09-v3-pauli-factor-graph,LiH,1.0,51,6,"[[""D"",[0,1,2,3]],[""D"",[2,4,3,5]],[""D"",[0,2,1,5]],[""S"",[2,3]],[""S"",[0,1]]]",-7.767493316103103,-7.768621769692944,0.0011284535898408166,70,2,5,2,3,5
2026-09-v3-pauli-factor-graph,LiH,1.0,51,7,"[[""S"",[1,5]],[""D"",[1,4,3,5]],[""D"",[1,4,2,5]],[""D"",[0,4,1,5]],[""D"",[0,1,3,5]]]",-7.767361744749816,-7.768621769692944,0.0012600249431278243,70,2,5,1,4,5
2026-09-v3-pauli-factor-graph,LiH,1.0,51,8,"[[""S"",[0,2]],[""D"",[0,2,3,4]],[""D"",[0,2,1,5]],[""S"",[2,4]],[""S"",[3,5]],[""S"",[0,3]],[""D"",[1,4,3,5]]]",-7.767362081235703,-7.768621769692944,0.0012596884572406708,70,2,7,4,3,7
2026-09-v3-pauli-factor-graph,LiH,1.0,51,9,"[[""D"",[0,1,2,3]],[""D"",[0,2,1,3]],[""D"",[0,4,1,5]]]",-7.767492647958845,-7.768621769692944,0.001129121734098959,70,2,3,0,3,3
2026-09-v3-pauli-factor-graph,LiH,1.0,51,10,"[[""S"",[0,4]],[""S"",[1,4]],[""D"",[0,1,2,4]]]",-7.7673619110754935,-7.768621769692944,0.0012598586174501492,70,2,3,2,1,3
2026-09-v3-pauli-factor-graph,LiH,1.0,51,11,"[[""S"",[1,5]],[""D"",[0,1,2,3]],[""D"",[0,3,2,5]],[""D"",[0,1,4,5]],[""S"",[3,4]]]",-7.768601948384976,-7.768621769692944,1.9821307967404778e-05,70,2,5,2,3,5
2026-09-v3-pauli-factor-graph,LiH,1.0,51,12,"[[""D"",[0,1,2,3]],[""D"",[0,1,4,5]],[""S"",[1,3]],[""D"",[0,3,2,4]],[""D"",[0,3,4,5]]]",-7.768611989949579,-7.768621769692944,9.77974336446863e-06,70,2,5,1,4,5
2026-09-v3-pauli-factor-graph,LiH,1.0,51,13,"[[""S"",[1,3]],[""S"",[0,2]],[""D"",[1,4,2,5]],[""D"",[0,3,4,5]],[""D"",[0,2,1,5]],[""D"",[0,2,1,3]],[""S"",[1,2]],[""S"",[2,5]]]",-7.76852904383949,-7.768621769692944,9.272585345332374e-05,70,2,8,4,4,8
2026-09-v3-pauli-factor-graph,LiH,1.0,51,14,"[[""S"",[0,4]],[""D"",[0,1,2,5]],[""D"",[0,3,1,5]]]",-7.767361905925502,-7.768621769692944,0.0012598637674416935,70,2,3,1,2,3
2026-09-v3-pauli-factor-graph,LiH,1.0,51,15,"[[""D"",[0,1,2,3]],[""D"",[0,2,1,5]],[""D"",[2,4,3,5]],[""D"",[0,1,3,5]]]",-7.767492630593314,-7.768621769692944,0.001129139099629306,70,2,4,0,4,4
2026-09-v3-pauli-factor-graph,LiH,1.0,51,16,"[[""S"",[0,2]],[""D"",[2,4,3,5]],[""D"",[1,2,4,5]],[""D"",[0,1,3,5]]]",-7.768520403402186,-7.768621769692944,0.00010136629075763182,70,2,4,1,3,4
2026-09-v3-pauli-factor-graph,LiH,1.0,51,17,"[[""S"",[1,3]],[""D"",[0,4,3,5]],[""S"",[0,5]],[""D"",[1,2,3,4]],[""S"",[0,3]],[""S"",[1,4]],[""D"",[0,1,2,5]]]",-7.767361690460765,-7.768621769692944,0.0012600792321784127,70,2,7,4,3,7
2026-09-v3-pauli-factor-graph,LiH,1.0,79,0,"[[""D"",[0,1,2,3]],[""D"",[1,2,4,5]],[""S"",[0,4]]]",-7.767493191111437,-7.768621769692944,0.0011285785815067229,70,2,3,1,2,3
2026-09-v3-pauli-factor-graph,LiH,1.0,79,1,"[[""S"",[1,3]],[""S"",[4,5]],[""S"",[0,2]],[""D"",[0,2,3,4]],[""S"",[0,4]],[""D"",[1,3,2,5]],[""S"",[1,2]],[""S"",[1,3]]]",-7.767361783576718,-7.768621769692944,0.0012599861162252424,70,2,8,6,2,8
2026-09-v3-pauli-factor-graph,LiH,1.0,79,2,"[[""S"",[0,4]],[""D"",[0,2,1,3]],[""D"",[0,3,4,5]],[""S"",[0,5]],[""D"",[0,2,3,4]]]",-7.767362097891017,-7.768621769692944,0.0012596718019262099,70,2,5,2,3,5
2026-09-v3-pauli-factor-graph,LiH,1.0,79,3,"[[""D"",[0,1,2,3]],[""D"",[0,1,3,5]],[""D"",[1,2,3,4]],[""D"",[0,2,3,4]],[""S"",[0,4]],[""S"",[1,2]]]",-7.767492350950332,-7.768621769692944,0.001129418742611854,70,2,6,2,4,6
2026-09-v3-pauli-factor-graph,LiH,1.0,79,4,"[[""S"",[0,2]],[""D"",[1,4,3,5]],[""D"",[1,4,3,5]],[""D"",[1,3,4,5]],[""S"",[0,3]],[""S"",[0,4]],[""D"",[1,2,4,5]],[""S"",[1,5]]]",-7.768520503191566,-7.768621769692944,0.0001012665013773173,70,2,8,4,4,8
2026-09-v3-pauli-factor-graph,LiH,1.0,79,5,"[[""S"",[1,3]],[""S"",[3,4]],[""D"",[0,2,1,5]],[""D"",[1,4,3,5]],[""D"",[2,3,4,5]],[""D"",[0,3,4,5]],[""S"",[0,1]],[""S"",[0,3]]]",-7.768520311829659,-7.768621769692944,0.00010145786328497053,70,2,8,4,4,8
2026-09-v3-pauli-factor-graph,LiH,1.0,79,6,"[[""D"",[0,1,2,3]],[""S"",[0,4]],[""D"",[1,3,4,5]],[""D"",[1,3,4,5]],[""S"",[0,3]]]",-7.767492843593891,-7.768621769692944,0.001128926099053018,70,2,5,2,3,5
2026-09-v3-pauli-factor-graph,LiH,1.0,79,7,"[[""S"",[1,5]],[""S"",[3,4]],[""D"",[2,3,4,5]],[""D"",[0,3,4,5]],[""D"",[0,3,4,5]],[""D"",[0,2,1,3]]]",-7.767362136965071,-7.768621769692944,0.0012596327278728836,70,2,6,2,4,6
2026-09-v3-pauli-factor-graph,LiH,1.0,79,8,"[[""S"",[0,2]],[""D"",[0,4,1,5]],[""D"",[0,3,1,4]]]",-7.767362037154948,-7.768621769692944,0.001259732537995717,70,2,3,1,2,3
2026-09-v3-pauli-factor-graph,LiH,1.0,79,9,"[[""D"",[0,1,2,3]],[""D"",[1,4,2,5]],[""S"",[0,2]],[""D"",[1,4,2,5]],[""D"",[0,1,3,5]],[""D"",[1,2,3,4]],[""D"",[0,3,2,4]],[""D"",[1,4,3,5]]]",-7.767494800559302,-7.768621769692944,0.001126969133641964,70,2,8,1,7,8
2026-09-v3-pauli-factor-graph,LiH,1.0,79,10,"[[""S"",[0,4]],[""D"",[0,2,3,4]],[""S"",[2,3]],[""S"",[1,4]],[""D"",[0,2,3,5]]]",-7.767362123659093,-7.768621769692944,0.0012596460338505366,70,2,5,3,2,5
2026-09-v3-pauli-factor-graph,LiH,1.0,79,11,"[[""S"",[1,5]],[""D"",[1,2,3,5]],[""D"",[0,3,1,5]],[""S"",[2,4]],[""D"",[1,3,2,5]],[""D"",[0,1,2,3]]]",-7.76749313709834,-7.768621769692944,0.001128632594603829,70,2,6,2,4,6
2026-09-v3-pauli-factor-graph,LiH,1.0,79,12,"[[""D"",[0,1,2,3]],[""D"",[2,4,3,5]],[""D"",[0,1,4,5]],[""D"",[2,4,3,5]],[""D"",[1,2,3,4]],[""S"",[0,3]]]",-7.768601980240771,-7.768621769692944,1.9789452172958022e-05,70,2,6,1,5,6
2026-09-v3-pauli-factor-graph,LiH,1.0,79,13,"[[""S"",[1,3]],[""D"",[0,1,2,5]],[""D"",[1,3,2,4]],[""D"",[0,2,4,5]],[""D"",[0,1,2,5]],[""S"",[0,1]],[""D"",[0,3,1,5]],[""S"",[1,5]]]",-7.767360915320009,-7.768621769692944,0.001260854372934439,70,2,8,3,5,8
2026-09-v3-pauli-factor-graph,LiH,1.0,79,14,"[[""S"",[0,4]],[""D"",[1,2,3,5]],[""D"",[1,3,2,4]]]",-7.767362107429223,-7.768621769692944,0.0012596622637204291,70,2,3,1,2,3
2026-09-v3-pauli-factor-graph,LiH,1.0,79,15,"[[""D"",[0,1,2,3]],[""S"",[0,5]],[""S"",[0,1]],[""D"",[0,2,3,4]],[""D"",[1,2,3,5]]]",-7.767492693627278,-7.768621769692944,0.0011290760656654797,70,2,5,2,3,5
2026-09-v3-pauli-factor-graph,LiH,1.0,79,16,"[[""S"",[0,2]],[""S"",[0,1]],[""D"",[0,2,3,4]],[""D"",[1,3,4,5]],[""S"",[1,4]],[""D"",[1,3,2,4]]]",-7.767362099195696,-7.768621769692944,0.0012596704972471784,70,2,6,3,3,6
2026-09-v3-pauli-factor-graph,LiH,1.0,79,17,"[[""S"",[1,3]],[""D"",[0,1,2,5]],[""D"",[1,3,2,4]],[""D"",[0,4,2,5]],[""D"",[0,2,3,4]],[""D"",[0,1,2,4]],[""D"",[0,3,1,4]]]",-7.767361528046737,-7.768621769692944,0.001260241646206417,70,2,7,1,6,7
2026-09-v3-pauli-factor-graph,LiH,1.2,11,0,"[[""D"",[0,1,2,3]],[""D"",[1,2,3,4]],[""D"",[0,3,1,4]]]",-7.835761985301167,-7.836736445648199,0.0009744603470327462,70,2,3,0,3,3
2026-09-v3-pauli-factor-graph,LiH,1.2,11,1,"[[""S"",[1,3]],[""D"",[0,4,2,5]],[""S"",[0,2]],[""D"",[0,1,3,4]],[""S"",[1,3]],[""D"",[0,2,1,4]]]",-7.8356151675711185,-7.836736445648199,0.001121278077080845,70,2,6,3,3,6
2026-09-v3-pauli-factor-graph,LiH,1.2,11,2,"[[""S"",[0,4]],[""S"",[0,4]],[""D"",[0,3,1,5]],[""S"",[1,2]],[""D"",[0,3,4,5]],[""D"",[1,4,3,5]],[""D"",[2,4,3,5]],[""D"",[0,2,3,4]]]",-7.835615751244265,-7.836736445648199,0.0011206944039345856,70,2,8,3,5,8
2026-09-v3-pauli-factor-graph,LiH,1.2,11,3,"[[""D"",[0,1,2,3]],[""S"",[1,3]],[""D"",[0,1,3,5]],[""D"",[0,1,2,5]],[""D"",[0,2,3,5]],[""D"",[2,4,3,5]],[""S"",[3,4]],[""D"",[1,3,2,5]]]",-7.836703755703889,-7.836736445648199,3.2689944310604346e-05,70,2,8,2,6,8
2026-09-v3-pauli-factor-graph,LiH,1.2,11,4,"[[""S"",[0,2]],[""D"",[1,2,3,4]],[""S"",[2,5]]]",-7.835615826523352,-7.836736445648199,0.0011206191248476216,70,2,3,2,1,3
2026-09-v3-pauli-factor-graph,LiH,1.2,11,5,"[[""S"",[1,3]],[""D"",[0,1,3,5]],[""D"",[1,4,3,5]],[""D"",[1,3,2,4]],[""D"",[1,2,3,5]],[""D"",[0,3,1,5]],[""D"",[2,4,3,5]]]",-7.835615758857425,-7.836736445648199,0.0011206867907747053,70,2,7,1,6,7
2026-09-v3-pauli-factor-graph,LiH,1.2,11,6,"[[""D"",[0,1,2,3]],[""S"",[2,3]],[""S"",[3,5]],[""D"",[0,3,1,5]],[""D"",[1,2,3,5]],[""D"",[0,1,3,4]],[""D"",[2,4,3,5]],[""D"",[0,1,2,3]]]",-7.835761866419626,-7.836736445648199,0.000974579228573802,70,2,8,2,6,8
2026-09-v3-pauli-factor-graph,LiH,1.2,11,7,"[[""S"",[1,5]],[""D"",[0,4,2,5]],[""S"",[2,4]],[""D"",[0,4,1,5]],[""D"",[1,3,2,4]],[""D"",[1,2,4,5]],[""D"",[1,2,4,5]],[""D"",[2,3,4,5]]]",-7.835615813340786,-7.836736445648199,0.0011206323074137714,70,2,8,2,6,8
2026-09-v3-pauli-factor-graph,LiH,1.2,11,8,"[[""S"",[0,2]],[""D"",[0,1,3,4]],[""D"",[0,3,2,5]]]",-7.835615736627403,-7.836736445648199,0.0011207090207960846,70,2,3,1,2,3
2026-09-v3-pauli-factor-graph,LiH,1.2,11,9,"[[""D"",[0,1,2,3]],[""S"",[0,4]],[""D"",[2,3,4,5]],[""D"",[1,4,2,5]]]",-7.8367163458945726,-7.836736445648199,2.0099753626823258e-05,70,2,4,1,3,4
2026-09-v3-pauli-factor-graph,LiH,1.2,11,10,"[[""S"",[0,4]],[""S"",[2,4]],[""S"",[1,3]],[""D"",[1,3,2,5]]]",-7.835615710640183,-7.836736445648199,0.0011207350080164602,70,2,4,3,1,4
2026-09-v3-pauli-factor-graph,LiH,1.2,11,11,"[[""S"",[1,5]],[""S"",[2,3]],[""D"",[0,1,4,5]],[""D"",[1,4,2,5]],[""D"",[2,4,3,5]],[""S"",[2,3]],[""D"",[0,2,3,4]]]",-7.83661333952202,-7.836736445648199,0.0001231061261792732,70,2,7,3,4,7
2026-09-v3-pauli-factor-graph,LiH,1.2,11,12,"[[""D"",[0,1,2,3]],[""S"",[2,3]],[""D"",[0,1,2,5]]]",-7.835761946727447,-7.836736445648199,0.000974498920752076,70,2,3,1,2,3
2026-09-v3-pauli-factor-graph,LiH,1.2,11,13,"[[""S"",[1,3]],[""D"",[0,1,3,4]],[""D"",[0,1,2,3]],[""D"",[1,4,2,5]],[""D"",[0,3,2,4]]]",-7.835764158234339,-7.836736445648199,0.0009722874138606841,70,2,5,1,4,5
2026-09-v3-pauli-factor-graph,LiH,1.2,11,14,"[[""S"",[0,4]],[""D"",[0,1,2,3]],[""D"",[1,4,2,5]],[""S"",[0,1]],[""S"",[3,5]],[""S"",[1,4]],[""S"",[0,1]]]",-7.8357615693910665,-7.836736445648199,0.000974876257132884,70,2,7,5,2,7
2026-09-v3-pauli-factor-graph,LiH,1.2,11,15,"[[""D"",[0,1,2,3]],[""D"",[0,2,1,5]],[""D"",[1,3,2,4]],[""D"",[0,2,4,5]],[""D"",[1,3,2,5]],[""S"",[0,3]],[""D"",[0,3,1,4]],[""S"",[0,2]]]",-7.83576411153845,-7.836736445648199,0.0009723341097496174,70,2,8,2,6,8
2026-09-v3-pauli-factor-graph,LiH,1.2,11,16,"[[""S"",[0,2]],[""S"",[0,4]],[""D"",[0,4,1,5]],[""S"",[0,1]]]",-7.835615804989987,-7.836736445648199,0.0011206406582120465,70,2,4,3,1,4
2026-09-v3-pauli-factor-graph,LiH,1.2,11,17,"[[""S"",[1,3]],[""S"",[4,5]],[""S"",[3,5]],[""S"",[0,5]]]",-7.835615815186174,-7.836736445648199,0.0011206304620250407,70,2,4,4,0,4
2026-09-v3-pauli-factor-graph,LiH,1.2,23,0,"[[""D"",[0,1,2,3]],[""D"",[0,1,2,5]],[""D"",[0,3,2,4]]]",-7.83576177191502,-7.836736445648199,0.0009746737331797206,70,2,3,0,3,3
2026-09-v3-pauli-factor-graph,LiH,1.2,23,1,"[[""S"",[1,3]],[""D"",[0,2,3,4]],[""S"",[1,2]],[""S"",[1,2]]]",-7.835615769506554,-7.836736445648199,0.0011206761416451272,70,2,4,3,1,4
2026-09-v3-pauli-factor-graph,LiH,1.2,23,2,"[[""S"",[0,4]],[""D"",[1,3,2,5]],[""D"",[0,1,2,5]],[""S"",[2,3]],[""S"",[2,3]],[""S"",[2,3]]]",-7.835615815389456,-7.836736445648199,0.0011206302587432049,70,2,6,4,2,6
2026-09-v3-pauli-factor-graph,LiH,1.2,23,3,"[[""D"",[0,1,2,3]],[""D"",[0,4,3,5]],[""D"",[0,1,3,4]]]",-7.8357611058772925,-7.836736445648199,0.0009753397709069134,70,2,3,0,3,3
2026-09-v3-pauli-factor-graph,LiH,1.2,23,4,"[[""S"",[0,2]],[""D"",[0,4,2,5]],[""D"",[0,1,2,3]],[""D"",[0,1,3,4]],[""S"",[0,3]],[""S"",[1,5]],[""D"",[0,2,1,5]]]",-7.8357635527749,-7.836736445648199,0.0009728928732997133,70,2,7,3,4,7
2026-09-v3-pauli-factor-graph,LiH,1.2,23,5,"[[""S"",[1,3]],[""S"",[0,1]],[""D"",[0,1,2,4]]]",-7.835615683997602,-7.836736445648199,0.0011207616505970464,70,2,3,2,1,3
2026-09-v3-pauli-factor-graph,LiH,1.2,23,6,"[[""D"",[0,1,2,3]],[""S"",[4,5]],[""D"",[0,3,2,5]]]",-7.835761873719358,-7.836736445648199,0.0009745719288414278,70,2,3,1,2,3
2026-09-v3-pauli-factor-graph,LiH,1.2,23,7,"[[""S"",[1,5]],[""S"",[0,3]],[""D"",[0,3,4,5]]]",-7.835615689911871,-7.836736445648199,0.0011207557363279719,70,2,3,2,1,3
2026-09-v3-pauli-factor-graph,LiH,1.2,23,8,"[[""S"",[0,2]],[""S"",[3,4]],[""D"",[0,2,3,5]],[""S"",[3,5]]]",-7.835615777835809,-7.836736445648199,0.0011206678123905078,70,2,4,3,1,4
2026-09-v3-pauli-factor-graph,LiH,1.2,23,9,"[[""D"",[0,1,2,3]],[""D"",[1,3,2,5]],[""S"",[0,5]],[""D"",[1,4,3,5]],[""D"",[0,2,1,5]],[""S"",[0,1]]]",-7.835764230079379,-7.836736445648199,0.0009722155688205447,70,2,6,2,4,6
2026-09-v3-pauli-factor-graph,LiH,1.2,23,10,"[[""S"",[0,4]],[""D"",[0,4,3,5]],[""S"",[2,5]],[""S"",[1,4]]]",-7.83561558372646,-7.836736445648199,0.0011208619217395466,70,2,4,3,1,4
2026-09-v3-pauli-factor-graph,LiH,1.2,23,11,"[[""S"",[1,5]],[""D"",[0,4,3,5]],[""S"",[0,1]],[""D"",[1,3,2,5]],[""D"",[0,4,1,5]],[""D"",[1,4,3,5]]]",-7.835615740235209,-7.836736445648199,0.0011207054129904748,70,2,6,2,4,6
2026-09-v3-pauli-factor-graph,LiH,1.2,23,12,"[[""D"",[0,1,2,3]],[""S"",[0,5]],[""D"",[1,3,2,5]]]",-7.835761532641907,-7.836736445648199,0.0009749130062921552,70,2,3,1,2,3
2026-09-v3-pauli-factor-graph,LiH,1.2,23,13,"[[""S"",[1,3]],[""S"",[1,4]],[""S"",[2,4]],[""D"",[0,1,4,5]],[""S"",[1,4]],[""D"",[0,1,4,5]],[""D"",[0,3,1,4]],[""D"",[1,2,3,4]]]",-7.8366149371522456,-7.836736445648199,0.00012150849595382596,70,2,8,4,4,8
2026-09-v3-pauli-factor-graph,LiH,1.2,23,14,"[[""S"",[0,4]],[""D"",[0,2,1,5]],[""D"",[0,2,1,4]],[""D"",[0,3,2,5]],[""S"",[2,5]],[""S"",[1,2]],[""D"",[0,1,2,3]]]",-7.835761890914002,-7.836736445648199,0.0009745547341974969,70,2,7,3,4,7
2026-09-v3-pauli-factor-graph,LiH,1.2,23,15,"[[""D"",[0,1,2,3]],[""D"",[0,1,3,4]],[""D"",[1,3,2,4]],[""D"",[1,2,3,5]],[""S"",[0,3]],[""D"",[0,4,2,5]],[""S"",[0,2]],[""D"",[1,2,3,4]]]",-7.835764086878766,-7.836736445648199,0.0009723587694336899,70,2,8,2,6,8
2026-09-v3-pauli-factor-graph,LiH,1.2,23,16,"[[""S"",[0,2]],[""D"",[2,3,4,5]],[""S"",[0,5]]]",-7.835615722680031,-7.836736445648199,0.0011207229681682307,70,2,3,2,1,3
2026-09-v3-pauli-factor-graph,LiH,1.2,23,17,"[[""S"",[1,3]],[""D"",[0,4,1,5]],[""S"",[4,5]]]",-7.83561579233287,-7.836736445648199,0.0011206533153291787,70,2,3,2,1,3
2026-09-v3-pauli-factor-graph,LiH,1.2,37,0,"[[""D"",[0,1,2,3]],[""D"",[0,3,2,4]],[""D"",[0,2,3,5]]]",-7.835762035776547,-7.836736445648199,0.0009744098716524263,70,2,3,0,3,3
2026-09-v3-pauli-factor-graph,LiH,1.2,37,1,"[[""S"",[1,3]],[""D"",[1,3,4,5]],[""D"",[0,2,4,5]],[""S"",[3,4]]]",-7.83561581089433,-7.836736445648199,0.001120634753869254,70,2,4,2,2,4
2026-09-v3-pauli-factor-graph,LiH,1.2,37,2,"[[""S"",[0,4]],[""D"",[0,2,1,5]],[""D"",[1,4,3,5]],[""D"",[2,4,3,5]]]",-7.835615825762106,-7.836736445648199,0.0011206198860937988,70,2,4,1,3,4
2026-09-v3-pauli-factor-graph,LiH,1.2,37,3,"[[""D"",[0,1,2,3]],[""S"",[0,1]],[""S"",[1,5]],[""D"",[0,1,4,5]]]",-7.836716344726493,-7.836736445648199,2.010092170667832e-05,70,2,4,2,2,4
2026-09-v3-pauli-factor-graph,LiH,1.2,37,4,"[[""S"",[0,2]],[""D"",[1,3,2,5]],[""D"",[0,2,4,5]]]",-7.8356158230419295,-7.836736445648199,0.0011206226062698832,70,2,3,1,2,3
2026-09-v3-pauli-factor-graph,LiH,1.2,37,5,"[[""S"",[1,3]],[""S"",[2,5]],[""D"",[0,1,3,4]],[""S"",[1,2]],[""D"",[0,2,4,5]],[""D"",[0,2,4,5]],[""D"",[1,2,3,5]]]",-7.836617063726915,-7.836736445648199,0.00011938192128457814,70,2,7,3,4,7
2026-09-v3-pauli-factor-graph,LiH,1.2,37,6,"[[""D"",[0,1,2,3]],[""S"",[3,4]],[""S"",[3,5]],[""D"",[0,2,4,5]]]",-7.835762030761967,-7.836736445648199,0.0009744148862322888,70,2,4,2,2,4
2026-09-v3-pauli-factor-graph,LiH,1.2,37,7,"[[""S"",[1,5]],[""S"",[2,3]],[""S"",[3,5]],[""S"",[2,5]],[""D"",[0,3,1,4]],[""S"",[1,3]]]",-7.835615792990763,-7.836736445648199,0.0011206526574367714,70,2,6,5,1,6
2026-09-v3-pauli-factor-graph,LiH,1.2,37,8,"[[""S"",[0,2]],[""D"",[0,1,2,4]],[""S"",[3,4]],[""D"",[2,4,3,5]],[""D"",[0,2,3,4]],[""D"",[0,4,3,5]]]",-7.835756167034262,-7.836736445648199,0.0009802786139374575,70,2,6,2,4,6
2026-09-v3-pauli-factor-graph,LiH,1.2,37,9,"[[""D"",[0,1,2,3]],[""D"",[0,3,4,5]],[""S"",[4,5]],[""D"",[0,1,2,4]],[""S"",[0,1]]]",-7.8357608484670385,-7.836736445648199,0.0009755971811609143,70,2,5,2,3,5
2026-09-v3-pauli-factor-graph,LiH,1.2,37,10,"[[""S"",[0,4]],[""S"",[2,4]],[""S"",[0,5]],[""D"",[0,2,3,5]]]",-7.8356156992530295,-7.836736445648199,0.0011207463951699026,70,2,4,3,1,4
2026-09-v3-pauli-factor-graph,LiH,1.2,37,11,"[[""S"",[1,5]],[""D"",[1,2,3,4]],[""D"",[1,2,3,5]],[""D"",[0,1,2,4]],[""D"",[0,2,1,5]]]",-7.8356156157742785,-7.836736445648199,0.0011208298739209255,70,2,5,1,4,5
2026-09-v3-pauli-factor-graph,LiH,1.2,37,12,"[[""D"",[0,1,2,3]],[""S"",[2,5]],[""D"",[1,3,2,4]]]",-7.835762029467516,-7.836736445648199,0.0009744161806830576,70,2,3,1,2,3
2026-09-v3-pauli-factor-graph,LiH,1.2,37,13,"[[""S"",[1,3]],[""D"",[0,1,4,5]],[""D"",[0,2,1,5]],[""D"",[0,4,3,5]]]",-7.836616445731553,-7.836736445648199,0.00011999991664612963,70,2,4,1,3,4
2026-09-v3-pauli-factor-graph,LiH,1.2,37,14,"[[""S"",[0,4]],[""D"",[0,1,2,5]],[""S"",[0,1]],[""S"",[0,4]],[""D"",[1,3,2,5]],[""D"",[0,4,2,5]],[""D"",[0,2,1,4]],[""D"",[1,3,4,5]]]",-7.836609731206195,-7.836736445648199,0.00012671444200407223,70,2,8,3,5,8
2026-09-v3-pauli-factor-graph,LiH,1.2,37,15,"[[""D"",[0,1,2,3]],[""S"",[2,4]],[""D"",[2,3,4,5]],[""S"",[0,2]],[""S"",[3,5]],[""D"",[0,2,1,3]],[""D"",[1,2,4,5]]]",-7.836724723395739,-7.836736445648199,1.1722252460266702e-05,70,2,7,3,4,7
2026-09-v3-pauli-factor-graph,LiH,1.2,37,16,"[[""S"",[0,2]],[""D"",[2,3,4,5]],[""D"",[0,1,2,5]],[""D"",[0,3,1,5]],[""D"",[0,3,2,4]],[""D"",[1,2,3,4]],[""D"",[1,2,3,4]]]",-7.835615634794644,-7.836736445648199,0.0011208108535551986,70,2,7,1,6,7
2026-09-v3-pauli-factor-graph,LiH,1.2,37,17,"[[""S"",[1,3]],[""S"",[0,2]],[""S"",[1,5]],[""S"",[2,5]],[""S"",[3,4]],[""S"",[1,2]],[""S"",[3,5]]]",-7.835615508592591,-7.836736445648199,0.0011209370556084508,70,2,7,7,0,7
2026-09-v3-pauli-factor-graph,LiH,1.2,51,0,"[[""D"",[0,1,2,3]],[""D"",[1,4,3,5]],[""S"",[3,5]],[""D"",[0,1,2,3]],[""S"",[2,5]]]",-7.835761921455157,-7.836736445648199,0.0009745241930421145,70,2,5,2,3,5
2026-09-v3-pauli-factor-graph,LiH,1.2,51,1,"[[""S"",[1,3]],[""D"",[1,2,3,5]],[""D"",[1,2,3,4]],[""D"",[1,2,4,5]]]",-7.835615815298477,-7.836736445648199,0.001120630349721985,70,2,4,1,3,4
2026-09-v3-pauli-factor-graph,LiH,1.2,51,2,"[[""S"",[0,4]],[""D"",[1,3,2,4]],[""D"",[0,1,2,4]],[""D"",[0,4,2,5]]]",-7.835615357725538,-7.836736445648199,0.0011210879226615234,70,2,4,1,3,4
2026-09-v3-pauli-factor-graph,LiH,1.2,51,3,"[[""D"",[0,1,2,3]],[""S"",[1,5]],[""D"",[0,3,1,4]]]",-7.835761989242231,-7.836736445648199,0.0009744564059683825,70,2,3,1,2,3
2026-09-v3-pauli-factor-graph,LiH,1.2,51,4,"[[""S"",[0,2]],[""D"",[0,1,3,4]],[""D"",[1,2,3,4]],[""S"",[0,1]]]",-7.835615717009723,-7.836736445648199,0.0011207286384760096,70,2,4,2,2,4
2026-09-v3-pauli-factor-graph,LiH,1.2,51,5,"[[""S"",[1,3]],[""D"",[0,3,4,5]],[""D"",[0,3,2,5]]]",-7.836616947947278,-7.836736445648199,0.00011949770092112288,70,2,3,1,2,3
2026-09-v3-pauli-factor-graph,LiH,1.2,51,6,"[[""D"",[0,1,2,3]],[""D"",[2,4,3,5]],[""D"",[0,2,1,5]],[""S"",[2,3]],[""S"",[0,1]]]",-7.835761805855346,-7.836736445648199,0.0009746397928536155,70,2,5,2,3,5
2026-09-v3-pauli-factor-graph,LiH,1.2,51,7,"[[""S"",[1,5]],[""D"",[1,4,3,5]],[""D"",[1,4,2,5]],[""D"",[0,4,1,5]],[""D"",[0,1,3,5]]]",-7.83561541843944,-7.836736445648199,0.0011210272087591733,70,2,5,1,4,5
2026-09-v3-pauli-factor-graph,LiH,1.2,51,8,"[[""S"",[0,2]],[""D"",[0,2,3,4]],[""D"",[0,2,1,5]],[""S"",[2,4]],[""S"",[3,5]],[""S"",[0,3]],[""D"",[1,4,3,5]]]",-7.83561577056785,-7.836736445648199,0.0011206750803491872,70,2,7,4,3,7
2026-09-v3-pauli-factor-graph,LiH,1.2,51,9,"[[""D"",[0,1,2,3]],[""D"",[0,2,1,3]],[""D"",[0,4,1,5]]]",-7.835761401061611,-7.836736445648199,0.0009750445865881474,70,2,3,0,3,3
2026-09-v3-pauli-factor-graph,LiH,1.2,51,10,"[[""S"",[0,4]],[""S"",[1,4]],[""D"",[0,1,2,4]]]",-7.835615550295682,-7.836736445648199,0.0011208953525176923,70,2,3,2,1,3
2026-09-v3-pauli-factor-graph,LiH,1.2,51,11,"[[""S"",[1,5]],[""D"",[0,1,2,3]],[""D"",[0,3,2,5]],[""D"",[0,1,4,5]],[""S"",[3,4]]]",-7.83671688104672,-7.836736445648199,1.956460147933825e-05,70,2,5,2,3,5
2026-09-v3-pauli-factor-graph,LiH,1.2,51,12,"[[""D"",[0,1,2,3]],[""D"",[0,1,4,5]],[""S"",[1,3]],[""D"",[0,3,2,4]],[""D"",[0,3,4,5]]]",-7.836726413244385,-7.836736445648199,1.0032403814363988e-05,70,2,5,1,4,5
2026-09-v3-pauli-factor-graph,LiH,1.2,51,13,"[[""S"",[1,3]],[""S"",[0,2]],[""D"",[1,4,2,5]],[""D"",[0,3,4,5]],[""D"",[0,2,1,5]],[""D"",[0,2,1,3]],[""S"",[1,2]],[""S"",[2,5]]]",-7.836623325827949,-7.836736445648199,0.000113119820250418,70,2,8,4,4,8
2026-09-v3-pauli-factor-graph,LiH,1.2,51,14,"[[""S"",[0,4]],[""D"",[0,1,2,5]],[""D"",[0,3,1,5]]]",-7.835615188552706,-7.836736445648199,0.0011212570954937107,70,2,3,1,2,3
2026-09-v3-pauli-factor-graph,LiH,1.2,51,15,"[[""D"",[0,1,2,3]],[""D"",[0,2,1,5]],[""D"",[2,4,3,5]],[""D"",[0,1,3,5]]]",-7.835761182354594,-7.836736445648199,0.0009752632936050887,70,2,4,0,4,4
2026-09-v3-pauli-factor-graph,LiH,1.2,51,16,"[[""S"",[0,2]],[""D"",[2,4,3,5]],[""D"",[1,2,4,5]],[""D"",[0,1,3,5]]]",-7.836616743388309,-7.836736445648199,0.00011970225988999772,70,2,4,1,3,4
2026-09-v3-pauli-factor-graph,LiH,1.2,51,17,"[[""S"",[1,3]],[""D"",[0,4,3,5]],[""S"",[0,5]],[""D"",[1,2,3,4]],[""S"",[0,3]],[""S"",[1,4]],[""D"",[0,1,2,5]]]",-7.835615343413998,-7.836736445648199,0.0011211022342010324,70,2,7,4,3,7
2026-09-v3-pauli-factor-graph,LiH,1.2,79,0,"[[""D"",[0,1,2,3]],[""D"",[1,2,4,5]],[""S"",[0,4]]]",-7.8357618579907315,-7.836736445648199,0.0009745876574678292,70,2,3,1,2,3
2026-09-v3-pauli-factor-graph,LiH,1.2,79,1,"[[""S"",[1,3]],[""S"",[4,5]],[""S"",[0,2]],[""D"",[0,2,3,4]],[""S"",[0,4]],[""D"",[1,3,2,5]],[""S"",[1,2]],[""S"",[1,3]]]",-7.835615190113978,-7.836736445648199,0.00112125553422171,70,2,8,6,2,8
2026-09-v3-pauli-factor-graph,LiH,1.2,79,2,"[[""S"",[0,4]],[""D"",[0,2,1,3]],[""D"",[0,3,4,5]],[""S"",[0,5]],[""D"",[0,2,3,4]]]",-7.835615788503651,-7.836736445648199,0.0011206571445487867,70,2,5,2,3,5
2026-09-v3-pauli-factor-graph,LiH,1.2,79,3,"[[""D"",[0,1,2,3]],[""D"",[0,1,3,5]],[""D"",[1,2,3,4]],[""D"",[0,2,3,4]],[""S"",[0,4]],[""S"",[1,2]]]",-7.835760808144073,-7.836736445648199,0.0009756375041263254,70,2,6,2,4,6
2026-09-v3-pauli-factor-graph,LiH,1.2,79,4,"[[""S"",[0,2]],[""D"",[1,4,3,5]],[""D"",[1,4,3,5]],[""D"",[1,3,4,5]],[""S"",[0,3]],[""S"",[0,4]],[""D"",[1,2,4,5]],[""S"",[1,5]]]",-7.836616671073237,-7.836736445648199,0.00011977457496215038,70,2,8,4,4,8
2026-09-v3-pauli-factor-graph,LiH,1.2,79,5,"[[""S"",[1,3]],[""S"",[3,4]],[""D"",[0,2,1,5]],[""D"",[1,4,3,5]],[""D"",[2,3,4,5]],[""D"",[0,3,4,5]],[""S"",[0,1]],[""S"",[0,3]]]",-7.8366163190996305,-7.836736445648199,0.00012012654856885518,70,2,8,4,4,8
2026-09-v3-pauli-factor-graph,LiH,1.2,79,6,"[[""D"",[0,1,2,3]],[""S"",[0,4]],[""D"",[1,3,4,5]],[""D"",[1,3,4,5]],[""S"",[0,3]]]",-7.835761240422779,-7.836736445648199,0.0009752052254201615,70,2,5,2,3,5
2026-09-v3-pauli-factor-graph,LiH,1.2,79,7,"[[""S"",[1,5]],[""S"",[3,4]],[""D"",[2,3,4,5]],[""D"",[0,3,4,5]],[""D"",[0,3,4,5]],[""D"",[0,2,1,3]]]",-7.835615829319273,-7.836736445648199,0.0011206163289267934,70,2,6,2,4,6
2026-09-v3-pauli-factor-graph,LiH,1.2,79,8,"[[""S"",[0,2]],[""D"",[0,4,1,5]],[""D"",[0,3,1,4]]]",-7.835615724001774,-7.836736445648199,0.0011207216464255154,70,2,3,1,2,3
2026-09-v3-pauli-factor-graph,LiH,1.2,79,9,"[[""D"",[0,1,2,3]],[""D"",[1,4,2,5]],[""S"",[0,2]],[""D"",[1,4,2,5]],[""D"",[0,1,3,5]],[""D"",[1,2,3,4]],[""D"",[0,3,2,4]],[""D"",[1,4,3,5]]]",-7.835764035974156,-7.836736445648199,0.0009724096740431065,70,2,8,1,7,8
2026-09-v3-pauli-factor-graph,LiH,1.2,79,10,"[[""S"",[0,4]],[""D"",[0,2,3,4]],[""S"",[2,3]],[""S"",[1,4]],[""D"",[0,2,3,5]]]",-7.835615815321512,-7.836736445648199,0.0011206303266870776,70,2,5,3,2,5
2026-09-v3-pauli-factor-graph,LiH,1.2,79,11,"[[""S"",[1,5]],[""D"",[1,2,3,5]],[""D"",[0,3,1,5]],[""S"",[2,4]],[""D"",[1,3,2,5]],[""D"",[0,1,2,3]]]",-7.835761976531683,-7.836736445648199,0.000974469116516552,70,2,6,2,4,6
2026-09-v3-pauli-factor-graph,LiH,1.2,79,12,"[[""D"",[0,1,2,3]],[""D"",[2,4,3,5]],[""D"",[0,1,4,5]],[""D"",[2,4,3,5]],[""D"",[1,2,3,4]],[""S"",[0,3]]]",-7.8367173146123585,-7.836736445648199,1.9131035840835864e-05,70,2,6,1,5,6
2026-09-v3-pauli-factor-graph,LiH,1.2,79,13,"[[""S"",[1,3]],[""D"",[0,1,2,5]],[""D"",[1,3,2,4]],[""D"",[0,2,4,5]],[""D"",[0,1,2,5]],[""S"",[0,1]],[""D"",[0,3,1,5]],[""S"",[1,5]]]",-7.835614657139106,-7.836736445648199,0.001121788509093058,70,2,8,3,5,8
2026-09-v3-pauli-factor-graph,LiH,1.2,79,14,"[[""S"",[0,4]],[""D"",[1,2,3,5]],[""D"",[1,3,2,4]]]",-7.8356157985249935,-7.836736445648199,0.00112064712320592,70,2,3,1,2,3
2026-09-v3-pauli-factor-graph,LiH,1.2,79,15,"[[""D"",[0,1,2,3]],[""S"",[0,5]],[""S"",[0,1]],[""D"",[0,2,3,4]],[""D"",[1,2,3,5]]]",-7.835761532165889,-7.836736445648199,0.000974913482310491,70,2,5,2,3,5
2026-09-v3-pauli-factor-graph,LiH,1.2,79,16,"[[""S"",[0,2]],[""S"",[0,1]],[""D"",[0,2,3,4]],[""D"",[1,3,4,5]],[""S"",[1,4]],[""D"",[1,3,2,4]]]",-7.835615741404329,-7.836736445648199,0.0011207042438705628,70,2,6,3,3,6
2026-09-v3-pauli-factor-graph,LiH,1.2,79,17,"[[""S"",[1,3]],[""D"",[0,1,2,5]],[""D"",[1,3,2,4]],[""D"",[0,4,2,5]],[""D"",[0,2,3,4]],[""D"",[0,1,2,4]],[""D"",[0,3,1,4]]]",-7.83561520149238,-7.836736445648199,0.0011212441558194897,70,2,7,1,6,7
2026-09-v3-pauli-factor-graph,LiH,1.4,11,0,"[[""D"",[0,1,2,3]],[""D"",[1,2,3,4]],[""D"",[0,3,1,4]]]",-7.860721533779653,-7.861597616028216,0.0008760822485625042,70,2,3,0,3,3
2026-09-v3-pauli-factor-graph,LiH,1.4,11,1,"[[""S"",[1,3]],[""D"",[0,4,2,5]],[""S"",[0,2]],[""D"",[0,1,3,4]],[""S"",[1,3]],[""D"",[0,2,1,4]]]",-7.8605375090558836,-7.861597616028216,0.0010601069723321643,70,2,6,3,3,6
2026-09-v3-pauli-factor-graph,LiH,1.4,11,2,"[[""S"",[0,4]],[""S"",[0,4]],[""D"",[0,3,1,5]],[""S"",[1,2]],[""D"",[0,3,4,5]],[""D"",[1,4,3,5]],[""D"",[2,4,3,5]],[""D"",[0,2,3,4]]]",-7.860538465908406,-7.861597616028216,0.0010591501198096154,70,2,8,3,5,8
2026-09-v3-pauli-factor-graph,LiH,1.4,11,3,"[[""D"",[0,1,2,3]],[""S"",[1,3]],[""D"",[0,1,3,5]],[""D"",[0,1,2,5]],[""D"",[0,2,3,5]],[""D"",[2,4,3,5]],[""S"",[3,4]],[""D"",[1,3,2,5]]]",-7.861552662735097,-7.861597616028216,4.495329311904328e-05,70,2,8,2,6,8
2026-09-v3-pauli-factor-graph,LiH,1.4,11,4,"[[""S"",[0,2]],[""D"",[1,2,3,4]],[""S"",[2,5]]]",-7.860538666498996,-7.861597616028216,0.0010589495292201434,70,2,3,2,1,3
2026-09-v3-pauli-factor-graph,LiH,1.4,11,5,"[[""S"",[1,3]],[""D"",[0,1,3,5]],[""D"",[1,4,3,5]],[""D"",[1,3,2,4]],[""D"",[1,2,3,5]],[""D"",[0,3,1,5]],[""D"",[2,4,3,5]]]",-7.860538602657709,-7.861597616028216,0.001059013370507067,70,2,7,1,6,7
2026-09-v3-pauli-factor-graph,LiH,1.4,11,6,"[[""D"",[0,1,2,3]],[""S"",[2,3]],[""S"",[3,5]],[""D"",[0,3,1,5]],[""D"",[1,2,3,5]],[""D"",[0,1,3,4]],[""D"",[2,4,3,5]],[""D"",[0,1,2,3]]]",-7.86072130115892,-7.861597616028216,0.0008763148692958467,70,2,8,2,6,8
2026-09-v3-pauli-factor-graph,LiH,1.4,11,7,"[[""S"",[1,5]],[""D"",[0,4,2,5]],[""S"",[2,4]],[""D"",[0,4,1,5]],[""D"",[1,3,2,4]],[""D"",[1,2,4,5]],[""D"",[1,2,4,5]],[""D"",[2,3,4,5]]]",-7.8605386533108215,-7.861597616028216,0.0010589627173942517,70,2,8,2,6,8
2026-09-v3-pauli-factor-graph,LiH,1.4,11,8,"[[""S"",[0,2]],[""D"",[0,1,3,4]],[""D"",[0,3,2,5]]]",-7.860538577978219,-7.861597616028216,0.00105903804999663,70,2,3,1,2,3
2026-09-v3-pauli-factor-graph,LiH,1.4,11,9,"[[""D"",[0,1,2,3]],[""S"",[0,4]],[""D"",[2,3,4,5]],[""D"",[1,4,2,5]]]",-7.861573268038151,-7.861597616028216,2.4347990065010094e-05,70,2,4,1,3,4
2026-09-v3-pauli-factor-graph,LiH,1.4,11,10,"[[""S"",[0,4]],[""S"",[2,4]],[""S"",[1,3]],[""D"",[1,3,2,5]]]",-7.860538560636113,-7.861597616028216,0.0010590553921030477,70,2,4,3,1,4
2026-09-v3-pauli-factor-graph,LiH,1.4,11,11,"[[""S"",[1,5]],[""S"",[2,3]],[""D"",[0,1,4,5]],[""D"",[1,4,2,5]],[""D"",[2,4,3,5]],[""S"",[2,3]],[""D"",[0,2,3,4]]]",-7.861435987720859,-7.861597616028216,0.0001616283073566649,70,2,7,3,4,7
2026-09-v3-pauli-factor-graph,LiH,1.4,11,12,"[[""D"",[0,1,2,3]],[""S"",[2,3]],[""D"",[0,1,2,5]]]",-7.860721595773667,-7.861597616028216,0.0008760202545490259,70,2,3,1,2,3
2026-09-v3-pauli-factor-graph,LiH,1.4,11,13,"[[""S"",[1,3]],[""D"",[0,1,3,4]],[""D"",[0,1,2,3]],[""D"",[1,4,2,5]],[""D"",[0,3,2,4]]]",-7.860725379202526,-7.861597616028216,0.0008722368256899315,70,2,5,1,4,5
2026-09-v3-pauli-factor-graph,LiH,1.4,11,14,"[[""S"",[0,4]],[""D"",[0,1,2,3]],[""D"",[1,4,2,5]],[""S"",[0,1]],[""S"",[3,5]],[""S"",[1,4]],[""S"",[0,1]]]",-7.860721157950212,-7.861597616028216,0.00087645807800385,70,2,7,5,2,7
2026-09-v3-pauli-factor-graph,LiH,1.4,11,15,"[[""D"",[0,1,2,3]],[""D"",[0,2,1,5]],[""D"",[1,3,2,4]],[""D"",[0,2,4,5]],[""D"",[1,3,2,5]],[""S"",[0,3]],[""D"",[0,3,1,4]],[""S"",[0,2]]]",-7.860725326051469,-7.861597616028216,0.0008722899767468206,70,2,8,2,6,8
2026-09-v3-pauli-factor-graph,LiH,1.4,11,16,"[[""S"",[0,2]],[""S"",[0,4]],[""D"",[0,4,1,5]],[""S"",[0,1]]]",-7.860538653598884,-7.861597616028216,0.0010589624293313449,70,2,4,3,1,4
2026-09-v3-pauli-factor-graph,LiH,1.4,11,17,"[[""S"",[1,3]],[""S"",[4,5]],[""S"",[3,5]],[""S"",[0,5]]]",-7.860538641304909,-7.861597616028216,0.0010589747233069602,70,2,4,4,0,4
2026-09-v3-pauli-factor-graph,LiH,1.4,23,0,"[[""D"",[0,1,2,3]],[""D"",[0,1,2,5]],[""D"",[0,3,2,4]]]",-7.8607208696989925,-7.861597616028216,0.0008767463292231881,70,2,3,0,3,3
2026-09-v3-pauli-factor-graph,LiH,1.4,23,1,"[[""S"",[1,3]],[""D"",[0,2,3,4]],[""S"",[1,2]],[""S"",[1,2]]]",-7.860538610927044,-7.861597616028216,0.0010590051011716284,70,2,4,3,1,4
2026-09-v3-pauli-factor-graph,LiH,1.4,23,2,"[[""S"",[0,4]],[""D"",[1,3,2,5]],[""D"",[0,1,2,5]],[""S"",[2,3]],[""S"",[2,3]],[""S"",[2,3]]]",-7.860538512175656,-7.861597616028216,0.0010591038525600283,70,2,6,4,2,6
2026-09-v3-pauli-factor-graph,LiH,1.4,23,3,"[[""D"",[0,1,2,3]],[""D"",[0,4,3,5]],[""D"",[0,1,3,4]]]",-7.860721271728228,-7.861597616028216,0.0008763442999875082,70,2,3,0,3,3
2026-09-v3-pauli-factor-graph,LiH,1.4,23,4,"[[""S"",[0,2]],[""D"",[0,4,2,5]],[""D"",[0,1,2,3]],[""D"",[0,1,3,4]],[""S"",[0,3]],[""S"",[1,5]],[""D"",[0,2,1,5]]]",-7.860725647253856,-7.861597616028216,0.0008719687743594662,70,2,7,3,4,7
2026-09-v3-pauli-factor-graph,LiH,1.4,23,5,"[[""S"",[1,3]],[""S"",[0,1]],[""D"",[0,1,2,4]]]",-7.860538523294478,-7.861597616028216,0.001059092733737721,70,2,3,2,1,3
2026-09-v3-pauli-factor-graph,LiH,1.4,23,6,"[[""D"",[0,1,2,3]],[""S"",[4,5]],[""D"",[0,3,2,5]]]",-7.860721327338246,-7.861597616028216,0.0008762886899695843,70,2,3,1,2,3
2026-09-v3-pauli-factor-graph,LiH,1.4,23,7,"[[""S"",[1,5]],[""S"",[0,3]],[""D"",[0,3,4,5]]]",-7.860538533028861,-7.861597616028216,0.0010590829993546436,70,2,3,2,1,3
2026-09-v3-pauli-factor-graph,LiH,1.4,23,8,"[[""S"",[0,2]],[""S"",[3,4]],[""D"",[0,2,3,5]],[""S"",[3,5]]]",-7.860538618632868,-7.861597616028216,0.0010589973953480936,70,2,4,3,1,4
2026-09-v3-pauli-factor-graph,LiH,1.4,23,9,"[[""D"",[0,1,2,3]],[""D"",[1,3,2,5]],[""S"",[0,5]],[""D"",[1,4,3,5]],[""D"",[0,2,1,5]],[""S"",[0,1]]]",-7.86072557022659,-7.861597616028216,0.0008720458016258092,70,2,6,2,4,6
2026-09-v3-pauli-factor-graph,LiH,1.4,23,10,"[[""S"",[0,4]],[""D"",[0,4,3,5]],[""S"",[2,5]],[""S"",[1,4]]]",-7.860538424351523,-7.861597616028216,0.0010591916766928833,70,2,4,3,1,4
2026-09-v3-pauli-factor-graph,LiH,1.4,23,11,"[[""S"",[1,5]],[""D"",[0,4,3,5]],[""S"",[0,1]],[""D"",[1,3,2,5]],[""D"",[0,4,1,5]],[""D"",[1,4,3,5]]]",-7.860538590554037,-7.861597616028216,0.0010590254741789096,70,2,6,2,4,6
2026-09-v3-pauli-factor-graph,LiH,1.4,23,12,"[[""D"",[0,1,2,3]],[""S"",[0,5]],[""D"",[1,3,2,5]]]",-7.860721265995417,-7.861597616028216,0.000876350032799067,70,2,3,1,2,3
2026-09-v3-pauli-factor-graph,LiH,1.4,23,13,"[[""S"",[1,3]],[""S"",[1,4]],[""S"",[2,4]],[""D"",[0,1,4,5]],[""S"",[1,4]],[""D"",[0,1,4,5]],[""D"",[0,3,1,4]],[""D"",[1,2,3,4]]]",-7.861438480781699,-7.861597616028216,0.00015913524651711697,70,2,8,4,4,8
2026-09-v3-pauli-factor-graph,LiH,1.4,23,14,"[[""S"",[0,4]],[""D"",[0,2,1,5]],[""D"",[0,2,1,4]],[""D"",[0,3,2,5]],[""S"",[2,5]],[""S"",[1,2]],[""D"",[0,1,2,3]]]",-7.86072157139859,-7.861597616028216,0.0008760446296260938,70,2,7,3,4,7
2026-09-v3-pauli-factor-graph,LiH,1.4,23,15,"[[""D"",[0,1,2,3]],[""D"",[0,1,3,4]],[""D"",[1,3,2,4]],[""D"",[1,2,3,5]],[""S"",[0,3]],[""D"",[0,4,2,5]],[""S"",[0,2]],[""D"",[1,2,3,4]]]",-7.860724923290535,-7.861597616028216,0.0008726927376807581,70,2,8,2,6,8
2026-09-v3-pauli-factor-graph,LiH,1.4,23,16,"[[""S"",[0,2]],[""D"",[2,3,4,5]],[""S"",[0,5]]]",-7.860538564148371,-7.861597616028216,0.0010590518798450077,70,2,3,2,1,3
2026-09-v3-pauli-factor-graph,LiH,1.4,23,17,"[[""S"",[1,3]],[""D"",[0,4,1,5]],[""S"",[4,5]]]",-7.8605386328737765,-7.861597616028216,0.001058983154439197,70,2,3,2,1,3
2026-09-v3-pauli-factor-graph,LiH,1.4,37,0,"[[""D"",[0,1,2,3]],[""D"",[0,3,2,4]],[""D"",[0,2,3,5]]]",-7.860721427089292,-7.861597616028216,0.0008761889389239386,70,2,3,0,3,3
2026-09-v3-pauli-factor-graph,LiH,1.4,37,1,"[[""S"",[1,3]],[""D"",[1,3,4,5]],[""D"",[0,2,4,5]],[""S"",[3,4]]]",-7.86053865109072,-7.861597616028216,0.0010589649374956878,70,2,4,2,2,4
2026-09-v3-pauli-factor-graph,LiH,1.4,37,2,"[[""S"",[0,4]],[""D"",[0,2,1,5]],[""D"",[1,4,3,5]],[""D"",[2,4,3,5]]]",-7.860538665637203,-7.861597616028216,0.0010589503910125586,70,2,4,1,3,4
2026-09-v3-pauli-factor-graph,LiH,1.4,37,3,"[[""D"",[0,1,2,3]],[""S"",[0,1]],[""S"",[1,5]],[""D"",[0,1,4,5]]]",-7.861573683928431,-7.861597616028216,2.393209978457378e-05,70,2,4,2,2,4
2026-09-v3-pauli-factor-graph,LiH,1.4,37,4,"[[""S"",[0,2]],[""D"",[1,3,2,5]],[""D"",[0,2,4,5]]]",-7.86053866305497,-7.861597616028216,0.0010589529732456526,70,2,3,1,2,3
2026-09-v3-pauli-factor-graph,LiH,1.4,37,5,"[[""S"",[1,3]],[""S"",[2,5]],[""D"",[0,1,3,4]],[""S"",[1,2]],[""D"",[0,2,4,5]],[""D"",[0,2,4,5]],[""D"",[1,2,3,5]]]",-7.861439533223913,-7.861597616028216,0.00015808280430285038,70,2,7,3,4,7
2026-09-v3-pauli-factor-graph,LiH,1.4,37,6,"[[""D"",[0,1,2,3]],[""S"",[3,4]],[""S"",[3,5]],[""D"",[0,2,4,5]]]",-7.860721650915176,-7.861597616028216,0.0008759651130398893,70,2,4,2,2,4
2026-09-v3-pauli-factor-graph,LiH,1.4,37,7,"[[""S"",[1,5]],[""S"",[2,3]],[""S"",[3,5]],[""S"",[2,5]],[""D"",[0,3,1,4]],[""S"",[1,3]]]",-7.860538624201721,-7.861597616028216,0.0010589918264951592,70,2,6,5,1,6
2026-09-v3-pauli-factor-graph,LiH,1.4,37,8,"[[""S"",[0,2]],[""D"",[0,1,2,4]],[""S"",[3,4]],[""D"",[2,4,3,5]],[""D"",[0,2,3,4]],[""D"",[0,4,3,5]]]",-7.860718266079485,-7.861597616028216,0.0008793499487307344,70,2,6,2,4,6
2026-09-v3-pauli-factor-graph,LiH,1.4,37,9,"[[""D"",[0,1,2,3]],[""D"",[0,3,4,5]],[""S"",[4,5]],[""D"",[0,1,2,4]],[""S"",[0,1]]]",-7.860720781615875,-7.861597616028216,0.0008768344123408767,70,2,5,2,3,5
2026-09-v3-pauli-factor-graph,LiH,1.4,37,10,"[[""S"",[0,4]],[""S"",[2,4]],[""S"",[0,5]],[""D"",[0,2,3,5]]]",-7.86053853417169,-7.861597616028216,0.001059081856525701,70,2,4,3,1,4
2026-09-v3-pauli-factor-graph,LiH,1.4,37,11,"[[""S"",[1,5]],[""D"",[1,2,3,4]],[""D"",[1,2,3,5]],[""D"",[0,1,2,4]],[""D"",[0,2,1,5]]]",-7.860538456366371,-7.861597616028216,0.0010591596618443333,70,2,5,1,4,5
2026-09-v3-pauli-factor-graph,LiH,1.4,37,12,"[[""D"",[0,1,2,3]],[""S"",[2,5]],[""D"",[1,3,2,4]]]",-7.860721223716207,-7.861597616028216,0.0008763923120085337,70,2,3,1,2,3
2026-09-v3-pauli-factor-graph,LiH,1.4,37,13,"[[""S"",[1,3]],[""D"",[0,1,4,5]],[""D"",[0,2,1,5]],[""D"",[0,4,3,5]]]",-7.861439790792036,-7.861597616028216,0.00015782523617957622,70,2,4,1,3,4
2026-09-v3-pauli-factor-graph,LiH,1.4,37,14,"[[""S"",[0,4]],[""D"",[0,1,2,5]],[""S"",[0,1]],[""S"",[0,4]],[""D"",[1,3,2,5]],[""D"",[0,4,2,5]],[""D"",[0,2,1,4]],[""D"",[1,3,4,5]]]",-7.861436551645654,-7.861597616028216,0.0001610643825618041,70,2,8,3,5,8
2026-09-v3-pauli-factor-graph,LiH,1.4,37,15,"[[""D"",[0,1,2,3]],[""S"",[2,4]],[""D"",[2,3,4,5]],[""S"",[0,2]],[""S"",[3,5]],[""D"",[0,2,1,3]],[""D"",[1,2,4,5]]]",-7.861586770949267,-7.861597616028216,1.084507894866249e-05,70,2,7,3,4,7
2026-09-v3-pauli-factor-graph,LiH,1.4,37,16,"[[""S"",[0,2]],[""D"",[2,3,4,5]],[""D"",[0,1,2,5]],[""D"",[0,3,1,5]],[""D"",[0,3,2,4]],[""D"",[1,2,3,4]],[""D"",[1,2,3,4]]]",-7.860538474718499,-7.861597616028216,0.0010591413097165159,70,2,7,1,6,7
2026-09-v3-pauli-factor-graph,LiH,1.4,37,17,"[[""S"",[1,3]],[""S"",[0,2]],[""S"",[1,5]],[""S"",[2,5]],[""S"",[3,4]],[""S"",[1,2]],[""S"",[3,5]]]",-7.860538391600102,-7.861597616028216,0.001059224428114014,70,2,7,7,0,7
2026-09-v3-pauli-factor-graph,LiH,1.4,51,0,"[[""D"",[0,1,2,3]],[""D"",[1,4,3,5]],[""S"",[3,5]],[""D"",[0,1,2,3]],[""S"",[2,5]]]",-7.860720540701811,-7.861597616028216,0.000877075326404686,70,2,5,2,3,5
2026-09-v3-pauli-factor-graph,LiH,1.4,51,1,"[[""S"",[1,3]],[""D"",[1,2,3,5]],[""D"",[1,2,3,4]],[""D"",[1,2,4,5]]]",-7.860538655445937,-7.861597616028216,0.001058960582279056,70,2,4,1,3,4
2026-09-v3-pauli-factor-graph,LiH,1.4,51,2,"[[""S"",[0,4]],[""D"",[1,3,2,4]],[""D"",[0,1,2,4]],[""D"",[0,4,2,5]]]",-7.860538199703447,-7.861597616028216,0.0010594163247690247,70,2,4,1,3,4
2026-09-v3-pauli-factor-graph,LiH,1.4,51,3,"[[""D"",[0,1,2,3]],[""S"",[1,5]],[""D"",[0,3,1,4]]]",-7.860721352509724,-7.861597616028216,0.0008762635184913492,70,2,3,1,2,3
2026-09-v3-pauli-factor-graph,LiH,1.4,51,4,"[[""S"",[0,2]],[""D"",[0,1,3,4]],[""D"",[1,2,3,4]],[""S"",[0,1]]]",-7.86053857068351,-7.861597616028216,0.001059045344705467,70,2,4,2,2,4
2026-09-v3-pauli-factor-graph,LiH,1.4,51,5,"[[""S"",[1,3]],[""D"",[0,3,4,5]],[""D"",[0,3,2,5]]]",-7.861439756169616,-7.861597616028216,0.00015785985860006235,70,2,3,1,2,3
2026-09-v3-pauli-factor-graph,LiH,1.4,51,6,"[[""D"",[0,1,2,3]],[""D"",[2,4,3,5]],[""D"",[0,2,1,5]],[""S"",[2,3]],[""S"",[0,1]]]",-7.860721091800858,-7.861597616028216,0.0008765242273574003,70,2,5,2,3,5
2026-09-v3-pauli-factor-graph,LiH,1.4,51,7,"[[""S"",[1,5]],[""D"",[1,4,3,5]],[""D"",[1,4,2,5]],[""D"",[0,4,1,5]],[""D"",[0,1,3,5]]]",-7.860538257912479,-7.861597616028216,0.0010593581157367638,70,2,5,1,4,5
2026-09-v3-pauli-factor-graph,LiH,1.4,51,8,"[[""S"",[0,2]],[""D"",[0,2,3,4]],[""D"",[0,2,1,5]],[""S"",[2,4]],[""S"",[3,5]],[""S"",[0,3]],[""D"",[1,4,3,5]]]",-7.860538611892849,-7.861597616028216,0.0010590041353664148,70,2,7,4,3,7
2026-09-v3-pauli-factor-graph,LiH,1.4,51,9,"[[""D"",[0,1,2,3]],[""D"",[0,2,1,3]],[""D"",[0,4,1,5]]]",-7.86072157784819,-7.861597616028216,0.0008760381800261285,70,2,3,0,3,3
2026-09-v3-pauli-factor-graph,LiH,1.4,51,10,"[[""S"",[0,4]],[""S"",[1,4]],[""D"",[0,1,2,4]]]",-7.860538390873081,-7.861597616028216,0.001059225155135124,70,2,3,2,1,3
2026-09-v3-pauli-factor-graph,LiH,1.4,51,11,"[[""S"",[1,5]],[""D"",[0,1,2,3]],[""D"",[0,3,2,5]],[""D"",[0,1,4,5]],[""S"",[3,4]]]",-7.8615745167660425,-7.861597616028216,2.3099262173253976e-05,70,2,5,2,3,5
2026-09-v3-pauli-factor-graph,LiH,1.4,51,12,"[[""D"",[0,1,2,3]],[""D"",[0,1,4,5]],[""S"",[1,3]],[""D"",[0,3,2,4]],[""D"",[0,3,4,5]]]",-7.861585943121462,-7.861597616028216,1.1672906754078838e-05,70,2,5,1,4,5
2026-09-v3-pauli-factor-graph,LiH,1.4,51,13,"[[""S"",[1,3]],[""S"",[0,2]],[""D"",[1,4,2,5]],[""D"",[0,3,4,5]],[""D"",[0,2,1,5]],[""D"",[0,2,1,3]],[""S"",[1,2]],[""S"",[2,5]]]",-7.861445592037115,-7.861597616028216,0.00015202399110059162,70,2,8,4,4,8
2026-09-v3-pauli-factor-graph,LiH,1.4,51,14,"[[""S"",[0,4]],[""D"",[0,1,2,5]],[""D"",[0,3,1,5]]]",-7.860538407558575,-7.861597616028216,0.0010592084696403603,70,2,3,1,2,3
2026-09-v3-pauli-factor-graph,LiH,1.4,51,15,"[[""D"",[0,1,2,3]],[""D"",[0,2,1,5]],[""D"",[2,4,3,5]],[""D"",[0,1,3,5]]]",-7.860721458146678,-7.861597616028216,0.0008761578815379423,70,2,4,0,4,4
2026-09-v3-pauli-factor-graph,LiH,1.4,51,16,"[[""S"",[0,2]],[""D"",[2,4,3,5]],[""D"",[1,2,4,5]],[""D"",[0,1,3,5]]]",-7.861439250903805,-7.861597616028216,0.0001583651244105866,70,2,4,1,3,4
2026-09-v3-pauli-factor-graph,LiH,1.4,51,17,"[[""S"",[1,3]],[""D"",[0,4,3,5]],[""S"",[0,5]],[""D"",[1,2,3,4]],[""S"",[0,3]],[""S"",[1,4]],[""D"",[0,1,2,5]]]",-7.860538200274981,-7.861597616028216,0.0010594157532350934,70,2,7,4,3,7
2026-09-v3-pauli-factor-graph,LiH,1.4,79,0,"[[""D"",[0,1,2,3]],[""D"",[1,2,4,5]],[""S"",[0,4]]]",-7.860721506757011,-7.861597616028216,0.0008761092712044061,70,2,3,1,2,3
2026-09-v3-pauli-factor-graph,LiH,1.4,79,1,"[[""S"",[1,3]],[""S"",[4,5]],[""S"",[0,2]],[""D"",[0,2,3,4]],[""S"",[0,4]],[""D"",[1,3,2,5]],[""S"",[1,2]],[""S"",[1,3]]]",-7.8605383458815625,-7.861597616028216,0.0010592701466531906,70,2,8,6,2,8
2026-09-v3-pauli-factor-graph,LiH,1.4,79,2,"[[""S"",[0,4]],[""D"",[0,2,1,3]],[""D"",[0,3,4,5]],[""S"",[0,5]],[""D"",[0,2,3,4]]]",-7.860538628555285,-7.861597616028216,0.0010589874729305393,70,2,5,2,3,5
2026-09-v3-pauli-factor-graph,LiH,1.4,79,3,"[[""D"",[0,1,2,3]],[""D"",[0,1,3,5]],[""D"",[1,2,3,4]],[""D"",[0,2,3,4]],[""S"",[0,4]],[""S"",[1,2]]]",-7.860720904429102,-7.861597616028216,0.0008767115991137331,70,2,6,2,4,6
2026-09-v3-pauli-factor-graph,LiH,1.4,79,4,"[[""S"",[0,2]],[""D"",[1,4,3,5]],[""D"",[1,4,3,5]],[""D"",[1,3,4,5]],[""S"",[0,3]],[""S"",[0,4]],[""D"",[1,2,4,5]],[""S"",[1,5]]]",-7.86143884097197,-7.861597616028216,0.00015877505624573018,70,2,8,4,4,8
2026-09-v3-pauli-factor-graph,LiH,1.4,79,5,"[[""S"",[1,3]],[""S"",[3,4]],[""D"",[0,2,1,5]],[""D"",[1,4,3,5]],[""D"",[2,3,4,5]],[""D"",[0,3,4,5]],[""S"",[0,1]],[""S"",[0,3]]]",-7.86143883392857,-7.861597616028216,0.0001587820996453715,70,2,8,4,4,8
2026-09-v3-pauli-factor-graph,LiH,1.4,79,6,"[[""D"",[0,1,2,3]],[""S"",[0,4]],[""D"",[1,3,4,5]],[""D"",[1,3,4,5]],[""S"",[0,3]]]",-7.860721146346851,-7.861597616028216,0.0008764696813647888,70,2,5,2,3,5
2026-09-v3-pauli-factor-graph,LiH,1.4,79,7,"[[""S"",[1,5]],[""S"",[3,4]],[""D"",[2,3,4,5]],[""D"",[0,3,4,5]],[""D"",[0,3,4,5]],[""D"",[0,2,1,3]]]",-7.8605386692151775,-7.861597616028216,0.0010589468130381974,70,2,6,2,4,6
2026-09-v3-pauli-factor-graph,LiH,1.4,79,8,"[[""S"",[0,2]],[""D"",[0,4,1,5]],[""D"",[0,3,1,4]]]",-7.860538565722039,-7.861597616028216,0.001059050306176701,70,2,3,1,2,3
2026-09-v3-pauli-factor-graph,LiH,1.4,79,9,"[[""D"",[0,1,2,3]],[""D"",[1,4,2,5]],[""S"",[0,2]],[""D"",[1,4,2,5]],[""D"",[0,1,3,5]],[""D"",[1,2,3,4]],[""D"",[0,3,2,4]],[""D"",[1,4,3,5]]]",-7.860725169097191,-7.861597616028216,0.0008724469310248395,70,2,8,1,7,8
2026-09-v3-pauli-factor-graph,LiH,1.4,79,10,"[[""S"",[0,4]],[""D"",[0,2,3,4]],[""S"",[2,3]],[""S"",[1,4]],[""D"",[0,2,3,5]]]",-7.860538655232624,-7.861597616028216,0.0010589607955919789,70,2,5,3,2,5
2026-09-v3-pauli-factor-graph,LiH,1.4,79,11,"[[""S"",[1,5]],[""D"",[1,2,3,5]],[""D"",[0,3,1,5]],[""S"",[2,4]],[""D"",[1,3,2,5]],[""D"",[0,1,2,3]]]",-7.860721170052968,-7.861597616028216,0.0008764459752477194,70,2,6,2,4,6
2026-09-v3-pauli-factor-graph,LiH,1.4,79,12,"[[""D"",[0,1,2,3]],[""D"",[2,4,3,5]],[""D"",[0,1,4,5]],[""D"",[2,4,3,5]],[""D"",[1,2,3,4]],[""S"",[0,3]]]",-7.861574093951534,-7.861597616028216,2.3522076681992132e-05,70,2,6,1,5,6
2026-09-v3-pauli-factor-graph,LiH,1.4,79,13,"[[""S"",[1,3]],[""D"",[0,1,2,5]],[""D"",[1,3,2,4]],[""D"",[0,2,4,5]],[""D"",[0,1,2,5]],[""S"",[0,1]],[""D"",[0,3,1,5]],[""S"",[1,5]]]",-7.860536767831879,-7.861597616028216,0.0010608481963370053,70,2,8,3,5,8
2026-09-v3-pauli-factor-graph,LiH,1.4,79,14,"[[""S"",[0,4]],[""D"",[1,2,3,5]],[""D"",[1,3,2,4]]]",-7.860538638563868,-7.861597616028216,0.001058977464348132,70,2,3,1,2,3
2026-09-v3-pauli-factor-graph,LiH,1.4,79,15,"[[""D"",[0,1,2,3]],[""S"",[0,5]],[""S"",[0,1]],[""D"",[0,2,3,4]],[""D"",[1,2,3,5]]]",-7.860721627130939,-7.861597616028216,0.0008759888972766916,70,2,5,2,3,5
2026-09-v3-pauli-factor-graph,LiH,1.4,79,16,"[[""S"",[0,2]],[""S"",[0,1]],[""D"",[0,2,3,4]],[""D"",[1,3,4,5]],[""S"",[1,4]],[""D"",[1,3,2,4]]]",-7.860538646767149,-7.861597616028216,0.0010589692610665224,70,2,6,3,3,6
2026-09-v3-pauli-factor-graph,LiH,1.4,79,17,"[[""S"",[1,3]],[""D"",[0,1,2,5]],[""D"",[1,3,2,4]],[""D"",[0,4,2,5]],[""D"",[0,2,3,4]],[""D"",[0,1,2,4]],[""D"",[0,3,1,4]]]",-7.8605380798939795,-7.861597616028216,0.0010595361342362608,70,2,7,1,6,7
2026-09-v3-pauli-factor-graph,LiH,1.6,11,0,"[[""D"",[0,1,2,3]],[""D"",[1,2,3,4]],[""D"",[0,3,1,4]]]",-7.862113536756137,-7.862919350979833,0.0008058142236961885,70,2,3,0,3,3
2026-09-v3-pauli-factor-graph,LiH,1.6,11,1,"[[""S"",[1,3]],[""D"",[0,4,2,5]],[""S"",[0,2]],[""D"",[0,1,3,4]],[""S"",[1,3]],[""D"",[0,2,1,4]]]",-7.861864230778251,-7.862919350979833,0.0010551202015820493,70,2,6,3,3,6
2026-09-v3-pauli-factor-graph,LiH,1.6,11,2,"[[""S"",[0,4]],[""S"",[0,4]],[""D"",[0,3,1,5]],[""S"",[1,2]],[""D"",[0,3,4,5]],[""D"",[1,4,3,5]],[""D"",[2,4,3,5]],[""D"",[0,2,3,4]]]",-7.861864669249758,-7.862919350979833,0.0010546817300758349,70,2,8,3,5,8
2026-09-v3-pauli-factor-graph,LiH,1.6,11,3,"[[""D"",[0,1,2,3]],[""S"",[1,3]],[""D"",[0,1,3,5]],[""D"",[0,1,2,5]],[""D"",[0,2,3,5]],[""D"",[2,4,3,5]],[""S"",[3,4]],[""D"",[1,3,2,5]]]",-7.862865691334277,-7.862919350979833,5.3659645556258795e-05,70,2,8,2,6,8
2026-09-v3-pauli-factor-graph,LiH,1.6,11,4,"[[""S"",[0,2]],[""D"",[1,2,3,4]],[""S"",[2,5]]]",-7.861864781054328,-7.862919350979833,0.0010545699255057883,70,2,3,2,1,3
2026-09-v3-pauli-factor-graph,LiH,1.6,11,5,"[[""S"",[1,3]],[""D"",[0,1,3,5]],[""D"",[1,4,3,5]],[""D"",[1,3,2,4]],[""D"",[1,2,3,5]],[""D"",[0,3,1,5]],[""D"",[2,4,3,5]]]",-7.86186474624669,-7.862919350979833,0.0010546047331434494,70,2,7,1,6,7
2026-09-v3-pauli-factor-graph,LiH,1.6,11,6,"[[""D"",[0,1,2,3]],[""S"",[2,3]],[""S"",[3,5]],[""D"",[0,3,1,5]],[""D"",[1,2,3,5]],[""D"",[0,1,3,4]],[""D"",[2,4,3,5]],[""D"",[0,1,2,3]]]",-7.862113312774364,-7.862919350979833,0.0008060382054697612,70,2,8,2,6,8
2026-09-v3-pauli-factor-graph,LiH,1.6,11,7,"[[""S"",[1,5]],[""D"",[0,4,2,5]],[""S"",[2,4]],[""D"",[0,4,1,5]],[""D"",[1,3,2,4]],[""D"",[1,2,4,5]],[""D"",[1,2,4,5]],[""D"",[2,3,4,5]]]",-7.861864768142903,-7.862919350979833,0.0010545828369306065,70,2,8,2,6,8
2026-09-v3-pauli-factor-graph,LiH,1.6,11,8,"[[""S"",[0,2]],[""D"",[0,1,3,4]],[""D"",[0,3,2,5]]]",-7.861864697199661,-7.862919350979833,0.00105465378017211,70,2,3,1,2,3
2026-09-v3-pauli-factor-graph,LiH,1.6,11,9,"[[""D"",[0,1,2,3]],[""S"",[0,4]],[""D"",[2,3,4,5]],[""D"",[1,4,2,5]]]",-7.862884998536624,-7.862919350979833,3.435244320915132e-05,70,2,4,1,3,4
2026-09-v3-pauli-factor-graph,LiH,1.6,11,10,"[[""S"",[0,4]],[""S"",[2,4]],[""S"",[1,3]],[""D"",[1,3,2,5]]]",-7.861864713335914,-7.862919350979833,0.0010546376439197758,70,2,4,3,1,4
2026-09-v3-pauli-factor-graph,LiH,1.6,11,11,"[[""S"",[1,5]],[""S"",[2,3]],[""D"",[0,1,4,5]],[""D"",[1,4,2,5]],[""D"",[2,4,3,5]],[""S"",[2,3]],[""D"",[0,2,3,4]]]",-7.862688552674202,-7.862919350979833,0.00023079830563155213,70,2,7,3,4,7
2026-09-v3-pauli-factor-graph,LiH,1.6,11,12,"[[""D"",[0,1,2,3]],[""S"",[2,3]],[""D"",[0,1,2,5]]]",-7.862114150278116,-7.862919350979833,0.0008052007017171903,70,2,3,1,2,3
2026-09-v3-pauli-factor-graph,LiH,1.6,11,13,"[[""S"",[1,3]],[""D"",[0,1,3,4]],[""D"",[0,1,2,3]],[""D"",[1,4,2,5]],[""D"",[0,3,2,4]]]",-7.862121630575275,-7.862919350979833,0.0007977204045586106,70,2,5,1,4,5
2026-09-v3-pauli-factor-graph,LiH,1.6,11,14,"[[""S"",[0,4]],[""D"",[0,1,2,3]],[""D"",[1,4,2,5]],[""S"",[0,1]],[""S"",[3,5]],[""S"",[1,4]],[""S"",[0,1]]]",-7.862113798043147,-7.862919350979833,0.0008055529366863823,70,2,7,5,2,7
2026-09-v3-pauli-factor-graph,LiH,1.6,11,15,"[[""D"",[0,1,2,3]],[""D"",[0,2,1,5]],[""D"",[1,3,2,4]],[""D"",[0,2,4,5]],[""D"",[1,3,2,5]],[""S"",[0,3]],[""D"",[0,3,1,4]],[""S"",[0,2]]]",-7.8621215114205665,-7.862919350979833,0.000797839559266933,70,2,8,2,6,8
2026-09-v3-pauli-factor-graph,LiH,1.6,11,16,"[[""S"",[0,2]],[""S"",[0,4]],[""D"",[0,4,1,5]],[""S"",[0,1]]]",-7.86186477630352,-7.862919350979833,0.0010545746763135355,70,2,4,3,1,4
2026-09-v3-pauli-factor-graph,LiH,1.6,11,17,"[[""S"",[1,3]],[""S"",[4,5]],[""S"",[3,5]],[""S"",[0,5]]]",-7.861864772403066,-7.862919350979833,0.0010545785767677174,70,2,4,4,0,4
2026-09-v3-pauli-factor-graph,LiH,1.6,23,0,"[[""D"",[0,1,2,3]],[""D"",[0,1,2,5]],[""D"",[0,3,2,4]]]",-7.862113995222883,-7.862919350979833,0.0008053557569507319,70,2,3,0,3,3
2026-09-v3-pauli-factor-graph,LiH,1.6,23,1,"[[""S"",[1,3]],[""D"",[0,2,3,4]],[""S"",[1,2]],[""S"",[1,2]]]",-7.8618647294221855,-7.862919350979833,0.0010546215576479057,70,2,4,3,1,4
2026-09-v3-pauli-factor-graph,LiH,1.6,23,2,"[[""S"",[0,4]],[""D"",[1,3,2,5]],[""D"",[0,1,2,5]],[""S"",[2,3]],[""S"",[2,3]],[""S"",[2,3]]]",-7.861864765218951,-7.862919350979833,0.001054585760882354,70,2,6,4,2,6
2026-09-v3-pauli-factor-graph,LiH,1.6,23,3,"[[""D"",[0,1,2,3]],[""D"",[0,4,3,5]],[""D"",[0,1,3,4]]]",-7.862113435783431,-7.862919350979833,0.0008059151964028288,70,2,3,0,3,3
2026-09-v3-pauli-factor-graph,LiH,1.6,23,4,"[[""S"",[0,2]],[""D"",[0,4,2,5]],[""D"",[0,1,2,3]],[""D"",[0,1,3,4]],[""S"",[0,3]],[""S"",[1,5]],[""D"",[0,2,1,5]]]",-7.862121474371464,-7.862919350979833,0.0007978766083693856,70,2,7,3,4,7
2026-09-v3-pauli-factor-graph,LiH,1.6,23,5,"[[""S"",[1,3]],[""S"",[0,1]],[""D"",[0,1,2,4]]]",-7.861864650558279,-7.862919350979833,0.001054700421554422,70,2,3,2,1,3
2026-09-v3-pauli-factor-graph,LiH,1.6,23,6,"[[""D"",[0,1,2,3]],[""S"",[4,5]],[""D"",[0,3,2,5]]]",-7.862114255432523,-7.862919350979833,0.0008050955473102306,70,2,3,1,2,3
2026-09-v3-pauli-factor-graph,LiH,1.6,23,7,"[[""S"",[1,5]],[""S"",[0,3]],[""D"",[0,3,4,5]]]",-7.861864656424302,-7.862919350979833,0.0010546945555311993,70,2,3,2,1,3
2026-09-v3-pauli-factor-graph,LiH,1.6,23,8,"[[""S"",[0,2]],[""S"",[3,4]],[""D"",[0,2,3,5]],[""S"",[3,5]]]",-7.861864735860669,-7.862919350979833,0.0010546151191643816,70,2,4,3,1,4
2026-09-v3-pauli-factor-graph,LiH,1.6,23,9,"[[""D"",[0,1,2,3]],[""D"",[1,3,2,5]],[""S"",[0,5]],[""D"",[1,4,3,5]],[""D"",[0,2,1,5]],[""S"",[0,1]]]",-7.86212162416789,-7.862919350979833,0.0007977268119434555,70,2,6,2,4,6
2026-09-v3-pauli-factor-graph,LiH,1.6,23,10,"[[""S"",[0,4]],[""D"",[0,4,3,5]],[""S"",[2,5]],[""S"",[1,4]]]",-7.861864546056986,-7.862919350979833,0.0010548049228473744,70,2,4,3,1,4
2026-09-v3-pauli-factor-graph,LiH,1.6,23,11,"[[""S"",[1,5]],[""D"",[0,4,3,5]],[""S"",[0,1]],[""D"",[1,3,2,5]],[""D"",[0,4,1,5]],[""D"",[1,4,3,5]]]",-7.861864711251911,-7.862919350979833,0.0010546397279220798,70,2,6,2,4,6
2026-09-v3-pauli-factor-graph,LiH,1.6,23,12,"[[""D"",[0,1,2,3]],[""S"",[0,5]],[""D"",[1,3,2,5]]]",-7.862114138823611,-7.862919350979833,0.0008052121562220904,70,2,3,1,2,3
2026-09-v3-pauli-factor-graph,LiH,1.6,23,13,"[[""S"",[1,3]],[""S"",[1,4]],[""S"",[2,4]],[""D"",[0,1,4,5]],[""S"",[1,4]],[""D"",[0,1,4,5]],[""D"",[0,3,1,4]],[""D"",[1,2,3,4]]]",-7.862691210860955,-7.862919350979833,0.00022814011887817287,70,2,8,4,4,8
2026-09-v3-pauli-factor-graph,LiH,1.6,23,14,"[[""S"",[0,4]],[""D"",[0,2,1,5]],[""D"",[0,2,1,4]],[""D"",[0,3,2,5]],[""S"",[2,5]],[""S"",[1,2]],[""D"",[0,1,2,3]]]",-7.862114004498668,-7.862919350979833,0.0008053464811652589,70,2,7,3,4,7
2026-09-v3-pauli-factor-graph,LiH,1.6,23,15,"[[""D"",[0,1,2,3]],[""D"",[0,1,3,4]],[""D"",[1,3,2,4]],[""D"",[1,2,3,5]],[""S"",[0,3]],[""D"",[0,4,2,5]],[""S"",[0,2]],[""D"",[1,2,3,4]]]",-7.862121592090522,-7.862919350979833,0.0007977588893117726,70,2,8,2,6,8
2026-09-v3-pauli-factor-graph,LiH,1.6,23,16,"[[""S"",[0,2]],[""D"",[2,3,4,5]],[""S"",[0,5]]]",-7.861864684031892,-7.862919350979833,0.0010546669479412074,70,2,3,2,1,3
2026-09-v3-pauli-factor-graph,LiH,1.6,23,17,"[[""S"",[1,3]],[""D"",[0,4,1,5]],[""S"",[4,5]]]",-7.861864749288626,-7.862919350979833,0.001054601691206969,70,2,3,2,1,3
2026-09-v3-pauli-factor-graph,LiH,1.6,37,0,"[[""D"",[0,1,2,3]],[""D"",[0,3,2,4]],[""D"",[0,2,3,5]]]",-7.862114028437759,-7.862919350979833,0.0008053225420745491,70,2,3,0,3,3
2026-09-v3-pauli-factor-graph,LiH,1.6,37,1,"[[""S"",[1,3]],[""D"",[1,3,4,5]],[""D"",[0,2,4,5]],[""S"",[3,4]]]",-7.861864766427656,-7.862919350979833,0.001054584552177218,70,2,4,2,2,4
2026-09-v3-pauli-factor-graph,LiH,1.6,37,2,"[[""S"",[0,4]],[""D"",[0,2,1,5]],[""D"",[1,4,3,5]],[""D"",[2,4,3,5]]]",-7.861864780036462,-7.862919350979833,0.00105457094337158,70,2,4,1,3,4
2026-09-v3-pauli-factor-graph,LiH,1.6,37,3,"[[""D"",[0,1,2,3]],[""S"",[0,1]],[""S"",[1,5]],[""D"",[0,1,4,5]]]",-7.8628856790556805,-7.862919350979833,3.367192415293374e-05,70,2,4,2,2,4
2026-09-v3-pauli-factor-graph,LiH,1.6,37,4,"[[""S"",[0,2]],[""D"",[1,3,2,5]],[""D"",[0,2,4,5]]]",-7.861864777767286,-7.862919350979833,0.0010545732125475382,70,2,3,1,2,3
2026-09-v3-pauli-factor-graph,LiH,1.6,37,5,"[[""S"",[1,3]],[""S"",[2,5]],[""D"",[0,1,3,4]],[""S"",[1,2]],[""D"",[0,2,4,5]],[""D"",[0,2,4,5]],[""D"",[1,2,3,5]]]",-7.862691530611484,-7.862919350979833,0.00022782036834900765,70,2,7,3,4,7
2026-09-v3-pauli-factor-graph,LiH,1.6,37,6,"[[""D"",[0,1,2,3]],[""S"",[3,4]],[""S"",[3,5]],[""D"",[0,2,4,5]]]",-7.862114207050126,-7.862919350979833,0.0008051439297069862,70,2,4,2,2,4
2026-09-v3-pauli-factor-graph,LiH,1.6,37,7,"[[""S"",[1,5]],[""S"",[2,3]],[""S"",[3,5]],[""S"",[2,5]],[""D"",[0,3,1,4]],[""S"",[1,3]]]",-7.861864726838123,-7.862919350979833,0.0010546241417106472,70,2,6,5,1,6
2026-09-v3-pauli-factor-graph,LiH,1.6,37,8,"[[""S"",[0,2]],[""D"",[0,1,2,4]],[""S"",[3,4]],[""D"",[2,4,3,5]],[""D"",[0,2,3,4]],[""D"",[0,4,3,5]]]",-7.862116924718113,-7.862919350979833,0.0008024262617203348,70,2,6,2,4,6
2026-09-v3-pauli-factor-graph,LiH,1.6,37,9,"[[""D"",[0,1,2,3]],[""D"",[0,3,4,5]],[""S"",[4,5]],[""D"",[0,1,2,4]],[""S"",[0,1]]]",-7.86211295671716,-7.862919350979833,0.000806394262673038,70,2,5,2,3,5
2026-09-v3-pauli-factor-graph,LiH,1.6,37,10,"[[""S"",[0,4]],[""S"",[2,4]],[""S"",[0,5]],[""D"",[0,2,3,5]]]",-7.861864678702109,-7.862919350979833,0.0010546722777240447,70,2,4,3,1,4
2026-09-v3-pauli-factor-graph,LiH,1.6,37,11,"[[""S"",[1,5]],[""D"",[1,2,3,4]],[""D"",[1,2,3,5]],[""D"",[0,1,2,4]],[""D"",[0,2,1,5]]]",-7.8618645767940265,-7.862919350979833,0.001054774185806906,70,2,5,1,4,5
2026-09-v3-pauli-factor-graph,LiH,1.6,37,12,"[[""D"",[0,1,2,3]],[""S"",[2,5]],[""D"",[1,3,2,4]]]",-7.862113663842903,-7.862919350979833,0.0008056871369301888,70,2,3,1,2,3
2026-09-v3-pauli-factor-graph,LiH,1.6,37,13,"[[""S"",[1,3]],[""D"",[0,1,4,5]],[""D"",[0,2,1,5]],[""D"",[0,4,3,5]]]",-7.862691860626948,-7.862919350979833,0.0002274903528851624,70,2,4,1,3,4
2026-09-v3-pauli-factor-graph,LiH,1.6,37,14,"[[""S"",[0,4]],[""D"",[0,1,2,5]],[""S"",[0,1]],[""S"",[0,4]],[""D"",[1,3,2,5]],[""D"",[0,4,2,5]],[""D"",[0,2,1,4]],[""D"",[1,3,4,5]]]",-7.862684683818593,-7.862919350979833,0.0002346671612407647,70,2,8,3,5,8
2026-09-v3-pauli-factor-graph,LiH,1.6,37,15,"[[""D"",[0,1,2,3]],[""S"",[2,4]],[""D"",[2,3,4,5]],[""S"",[0,2]],[""S"",[3,5]],[""D"",[0,2,1,3]],[""D"",[1,2,4,5]]]",-7.862899325028212,-7.862919350979833,2.0025951621427396e-05,70,2,7,3,4,7
2026-09-v3-pauli-factor-graph,LiH,1.6,37,16,"[[""S"",[0,2]],[""D"",[2,3,4,5]],[""D"",[0,1,2,5]],[""D"",[0,3,1,5]],[""D"",[0,3,2,4]],[""D"",[1,2,3,4]],[""D"",[1,2,3,4]]]",-7.861864596487627,-7.862919350979833,0.0010547544922063778,70,2,7,1,6,7
2026-09-v3-pauli-factor-graph,LiH,1.6,37,17,"[[""S"",[1,3]],[""S"",[0,2]],[""S"",[1,5]],[""S"",[2,5]],[""S"",[3,4]],[""S"",[1,2]],[""S"",[3,5]]]",-7.861864498493766,-7.862919350979833,0.0010548524860674036,70,2,7,7,0,7
2026-09-v3-pauli-factor-graph,LiH,1.6,51,0,"[[""D"",[0,1,2,3]],[""D"",[1,4,3,5]],[""S"",[3,5]],[""D"",[0,1,2,3]],[""S"",[2,5]]]",-7.862114120916073,-7.862919350979833,0.0008052300637606535,70,2,5,2,3,5
2026-09-v3-pauli-factor-graph,LiH,1.6,51,1,"[[""S"",[1,3]],[""D"",[1,2,3,5]],[""D"",[1,2,3,4]],[""D"",[1,2,4,5]]]",-7.861864770585302,-7.862919350979833,0.0010545803945314347,70,2,4,1,3,4
2026-09-v3-pauli-factor-graph,LiH,1.6,51,2,"[[""S"",[0,4]],[""D"",[1,3,2,4]],[""D"",[0,1,2,4]],[""D"",[0,4,2,5]]]",-7.86186432829116,-7.862919350979833,0.0010550226886731906,70,2,4,1,3,4
2026-09-v3-pauli-factor-graph,LiH,1.6,51,3,"[[""D"",[0,1,2,3]],[""S"",[1,5]],[""D"",[0,3,1,4]]]",-7.86211420223976,-7.862919350979833,0.0008051487400733137,70,2,3,1,2,3
2026-09-v3-pauli-factor-graph,LiH,1.6,51,4,"[[""S"",[0,2]],[""D"",[0,1,3,4]],[""D"",[1,2,3,4]],[""S"",[0,1]]]",-7.861864734907356,-7.862919350979833,0.0010546160724773657,70,2,4,2,2,4
2026-09-v3-pauli-factor-graph,LiH,1.6,51,5,"[[""S"",[1,3]],[""D"",[0,3,4,5]],[""D"",[0,3,2,5]]]",-7.862691890128741,-7.862919350979833,0.00022746085109215386,70,2,3,1,2,3
2026-09-v3-pauli-factor-graph,LiH,1.6,51,6,"[[""D"",[0,1,2,3]],[""D"",[2,4,3,5]],[""D"",[0,2,1,5]],[""S"",[2,3]],[""S"",[0,1]]]",-7.862114130141793,-7.862919350979833,0.0008052208380400216,70,2,5,2,3,5
2026-09-v3-pauli-factor-graph,LiH,1.6,51,7,"[[""S"",[1,5]],[""D"",[1,4,3,5]],[""D"",[1,4,2,5]],[""D"",[0,4,1,5]],[""D"",[0,1,3,5]]]",-7.861864381459166,-7.862919350979833,0.0010549695206671927,70,2,5,1,4,5
2026-09-v3-pauli-factor-graph,LiH,1.6,51,8,"[[""S"",[0,2]],[""D"",[0,2,3,4]],[""D"",[0,2,1,5]],[""S"",[2,4]],[""S"",[3,5]],[""S"",[0,3]],[""D"",[1,4,3,5]]]",-7.86186473020071,-7.862919350979833,0.0010546207791231055,70,2,7,4,3,7
2026-09-v3-pauli-factor-graph,LiH,1.6,51,9,"[[""D"",[0,1,2,3]],[""D"",[0,2,1,3]],[""D"",[0,4,1,5]]]",-7.86211425616651,-7.862919350979833,0.0008050948133231373,70,2,3,0,3,3
2026-09-v3-pauli-factor-graph,LiH,1.6,51,10,"[[""S"",[0,4]],[""S"",[1,4]],[""D"",[0,1,2,4]]]",-7.861864572496629,-7.862919350979833,0.0010547784832040108,70,2,3,2,1,3
2026-09-v3-pauli-factor-graph,LiH,1.6,51,11,"[[""S"",[1,5]],[""D"",[0,1,2,3]],[""D"",[0,3,2,5]],[""D"",[0,1,4,5]],[""S"",[3,4]]]",-7.862885738173082,-7.862919350979833,3.361280675129308e-05,70,2,5,2,3,5
2026-09-v3-pauli-factor-graph,LiH,1.6,51,12,"[[""D"",[0,1,2,3]],[""D"",[0,1,4,5]],[""S"",[1,3]],[""D"",[0,3,2,4]],[""D"",[0,3,4,5]]]",-7.86290253192283,-7.862919350979833,1.6819057003125693e-05,70,2,5,1,4,5
2026-09-v3-pauli-factor-graph,LiH,1.6,51,13,"[[""S"",[1,3]],[""S"",[0,2]],[""D"",[1,4,2,5]],[""D"",[0,3,4,5]],[""D"",[0,2,1,5]],[""D"",[0,2,1,3]],[""S"",[1,2]],[""S"",[2,5]]]",-7.8626989175270365,-7.862919350979833,0.00022043345279687543,70,2,8,4,4,8
2026-09-v3-pauli-factor-graph,LiH,1.6,51,14,"[[""S"",[0,4]],[""D"",[0,1,2,5]],[""D"",[0,3,1,5]]]",-7.861864133978412,-7.862919350979833,0.0010552170014213047,70,2,3,1,2,3
2026-09-v3-pauli-factor-graph,LiH,1.6,51,15,"[[""D"",[0,1,2,3]],[""D"",[0,2,1,5]],[""D"",[2,4,3,5]],[""D"",[0,1,3,5]]]",-7.862113637451404,-7.862919350979833,0.0008057135284298411,70,2,4,0,4,4
2026-09-v3-pauli-factor-graph,LiH,1.6,51,16,"[[""S"",[0,2]],[""D"",[2,4,3,5]],[""D"",[1,2,4,5]],[""D"",[0,1,3,5]]]",-7.862691321432017,-7.862919350979833,0.00022802954781653284,70,2,4,1,3,4
2026-09-v3-pauli-factor-graph,LiH,1.6,51,17,"[[""S"",[1,3]],[""D"",[0,4,3,5]],[""S"",[0,5]],[""D"",[1,2,3,4]],[""S"",[0,3]],[""S"",[1,4]],[""D"",[0,1,2,5]]]",-7.861864291708586,-7.862919350979833,0.0010550592712474938,70,2,7,4,3,7
2026-09-v3-pauli-factor-graph,LiH,1.6,79,0,"[[""D"",[0,1,2,3]],[""D"",[1,2,4,5]],[""S"",[0,4]]]",-7.862113941328617,-7.862919350979833,0.0008054096512166709,70,2,3,1,2,3
2026-09-v3-pauli-factor-graph,LiH,1.6,79,1,"[[""S"",[1,3]],[""S"",[4,5]],[""S"",[0,2]],[""D"",[0,2,3,4]],[""S"",[0,4]],[""D"",[1,3,2,5]],[""S"",[1,2]],[""S"",[1,3]]]",-7.8618641554646205,-7.862919350979833,0.0010551955152129366,70,2,8,6,2,8
2026-09-v3-pauli-factor-graph,LiH,1.6,79,2,"[[""S"",[0,4]],[""D"",[0,2,1,3]],[""D"",[0,3,4,5]],[""S"",[0,5]],[""D"",[0,2,3,4]]]",-7.861864744136105,-7.862919350979833,0.0010546068437280454,70,2,5,2,3,5
2026-09-v3-pauli-factor-graph,LiH,1.6,79,3,"[[""D"",[0,1,2,3]],[""D"",[0,1,3,5]],[""D"",[1,2,3,4]],[""D"",[0,2,3,4]],[""S"",[0,4]],[""S"",[1,2]]]",-7.86211376209341,-7.862919350979833,0.0008055888864237915,70,2,6,2,4,6
2026-09-v3-pauli-factor-graph,LiH,1.6,79,4,"[[""S"",[0,2]],[""D"",[1,4,3,5]],[""D"",[1,4,3,5]],[""D"",[1,3,4,5]],[""S"",[0,3]],[""S"",[0,4]],[""D"",[1,2,4,5]],[""S"",[1,5]]]",-7.86269124453257,-7.862919350979833,0.00022810644726334317,70,2,8,4,4,8
2026-09-v3-pauli-factor-graph,LiH,1.6,79,5,"[[""S"",[1,3]],[""S"",[3,4]],[""D"",[0,2,1,5]],[""D"",[1,4,3,5]],[""D"",[2,3,4,5]],[""D"",[0,3,4,5]],[""S"",[0,1]],[""S"",[0,3]]]",-7.862691500300151,-7.862919350979833,0.00022785067968200678,70,2,8,4,4,8
2026-09-v3-pauli-factor-graph,LiH,1.6,79,6,"[[""D"",[0,1,2,3]],[""S"",[0,4]],[""D"",[1,3,4,5]],[""D"",[1,3,4,5]],[""S"",[0,3]]]",-7.862113600494845,-7.862919350979833,0.0008057504849885433,70,2,5,2,3,5
2026-09-v3-pauli-factor-graph,LiH,1.6,79,7,"[[""S"",[1,5]],[""S"",[3,4]],[""D"",[2,3,4,5]],[""D"",[0,3,4,5]],[""D"",[0,3,4,5]],[""D"",[0,2,1,3]]]",-7.861864783559133,-7.862919350979833,0.0010545674207005362,70,2,6,2,4,6
2026-09-v3-pauli-factor-graph,LiH,1.6,79,8,"[[""S"",[0,2]],[""D"",[0,4,1,5]],[""D"",[0,3,1,4]]]",-7.861864685928198,-7.862919350979833,0.0010546650516349843,70,2,3,1,2,3
2026-09-v3-pauli-factor-graph,LiH,1.6,79,9,"[[""D"",[0,1,2,3]],[""D"",[1,4,2,5]],[""S"",[0,2]],[""D"",[1,4,2,5]],[""D"",[0,1,3,5]],[""D"",[1,2,3,4]],[""D"",[0,3,2,4]],[""D"",[1,4,3,5]]]",-7.86212157215055,-7.862919350979833,0.0007977788292832244,70,2,8,1,7,8
2026-09-v3-pauli-factor-graph,LiH,1.6,79,10,"[[""S"",[0,4]],[""D"",[0,2,3,4]],[""S"",[2,3]],[""S"",[1,4]],[""D"",[0,2,3,5]]]",-7.86186476999488,-7.862919350979833,0.0010545809849533683,70,2,5,3,2,5
2026-09-v3-pauli-factor-graph,LiH,1.6,79,11,"[[""S"",[1,5]],[""D"",[1,2,3,5]],[""D"",[0,3,1,5]],[""S"",[2,4]],[""D"",[1,3,2,5]],[""D"",[0,1,2,3]]]",-7.862114118617319,-7.862919350979833,0.0008052323625147295,70,2,6,2,4,6
2026-09-v3-pauli-factor-graph,LiH,1.6,79,12,"[[""D"",[0,1,2,3]],[""D"",[2,4,3,5]],[""D"",[0,1,4,5]],[""D"",[2,4,3,5]],[""D"",[1,2,3,4]],[""S"",[0,3]]]",-7.862886062426285,-7.862919350979833,3.3288553548338484e-05,70,2,6,1,5,6
2026-09-v3-pauli-factor-graph,LiH,1.6,79,13,"[[""S"",[1,3]],[""D"",[0,1,2,5]],[""D"",[1,3,2,4]],[""D"",[0,2,4,5]],[""D"",[0,1,2,5]],[""S"",[0,1]],[""D"",[0,3,1,5]],[""S"",[1,5]]]",-7.861864193269264,-7.862919350979833,0.0010551577105690768,70,2,8,3,5,8
2026-09-v3-pauli-factor-graph,LiH,1.6,79,14,"[[""S"",[0,4]],[""D"",[1,2,3,5]],[""D"",[1,3,2,4]]]",-7.861864753849182,-7.862919350979833,0.00105459713065148,70,2,3,1,2,3
2026-09-v3-pauli-factor-graph,LiH,1.6,79,15,"[[""D"",[0,1,2,3]],[""S"",[0,5]],[""S"",[0,1]],[""D"",[0,2,3,4]],[""D"",[1,2,3,5]]]",-7.862113725658281,-7.862919350979833,0.0008056253215524833,70,2,5,2,3,5
2026-09-v3-pauli-factor-graph,LiH,1.6,79,16,"[[""S"",[0,2]],[""S"",[0,1]],[""D"",[0,2,3,4]],[""D"",[1,3,4,5]],[""S"",[1,4]],[""D"",[1,3,2,4]]]",-7.86186471519591,-7.862919350979833,0.0010546357839231746,70,2,6,3,3,6
2026-09-v3-pauli-factor-graph,LiH,1.6,79,17,"[[""S"",[1,3]],[""D"",[0,1,2,5]],[""D"",[1,3,2,4]],[""D"",[0,4,2,5]],[""D"",[0,2,3,4]],[""D"",[0,1,2,4]],[""D"",[0,3,1,4]]]",-7.861864252826425,-7.862919350979833,0.001055098153408096,70,2,7,1,6,7
2026-09-v3-pauli-factor-graph,LiH,1.8,11,0,"[[""D"",[0,1,2,3]],[""D"",[1,2,3,4]],[""D"",[0,3,1,4]]]",-7.850382139672461,-7.851143481103903,0.0007613414314420197,70,2,3,0,3,3
2026-09-v3-pauli-factor-graph,LiH,1.8,11,1,"[[""S"",[1,3]],[""D"",[0,4,2,5]],[""S"",[0,2]],[""D"",[0,1,3,4]],[""S"",[1,3]],[""D"",[0,2,1,4]]]",-7.8500182204383355,-7.851143481103903,0.0011252606655673958,70,2,6,3,3,6
2026-09-v3-pauli-factor-graph,LiH,1.8,11,2,"[[""S"",[0,4]],[""S"",[0,4]],[""D"",[0,3,1,5]],[""S"",[1,2]],[""D"",[0,3,4,5]],[""D"",[1,4,3,5]],[""D"",[2,4,3,5]],[""D"",[0,2,3,4]]]",-7.85001855292115,-7.851143481103903,0.0011249281827527824,70,2,8,3,5,8
2026-09-v3-pauli-factor-graph,LiH,1.8,11,3,"[[""D"",[0,1,2,3]],[""S"",[1,3]],[""D"",[0,1,3,5]],[""D"",[0,1,2,5]],[""D"",[0,2,3,5]],[""D"",[2,4,3,5]],[""S"",[3,4]],[""D"",[1,3,2,5]]]",-7.850993791794582,-7.851143481103903,0.00014968930932113267,70,2,8,2,6,8
2026-09-v3-pauli-factor-graph,LiH,1.8,11,4,"[[""S"",[0,2]],[""D"",[1,2,3,4]],[""S"",[2,5]]]",-7.850018714568699,-7.851143481103903,0.0011247665352041025,70,2,3,2,1,3
2026-09-v3-pauli-factor-graph,LiH,1.8,11,5,"[[""S"",[1,3]],[""D"",[0,1,3,5]],[""D"",[1,4,3,5]],[""D"",[1,3,2,4]],[""D"",[1,2,3,5]],[""D"",[0,3,1,5]],[""D"",[2,4,3,5]]]",-7.850018684032866,-7.851143481103903,0.0011247970710366317,70,2,7,1,6,7
2026-09-v3-pauli-factor-graph,LiH,1.8,11,6,"[[""D"",[0,1,2,3]],[""S"",[2,3]],[""S"",[3,5]],[""D"",[0,3,1,5]],[""D"",[1,2,3,5]],[""D"",[0,1,3,4]],[""D"",[2,4,3,5]],[""D"",[0,1,2,3]]]",-7.850381022717388,-7.851143481103903,0.0007624583865153411,70,2,8,2,6,8
2026-09-v3-pauli-factor-graph,LiH,1.8,11,7,"[[""S"",[1,5]],[""D"",[0,4,2,5]],[""S"",[2,4]],[""D"",[0,4,1,5]],[""D"",[1,3,2,4]],[""D"",[1,2,4,5]],[""D"",[1,2,4,5]],[""D"",[2,3,4,5]]]",-7.8500187020880094,-7.851143481103903,0.0011247790158934734,70,2,8,2,6,8
2026-09-v3-pauli-factor-graph,LiH,1.8,11,8,"[[""S"",[0,2]],[""D"",[0,1,3,4]],[""D"",[0,3,2,5]]]",-7.850018637010265,-7.851143481103903,0.0011248440936375559,70,2,3,1,2,3
2026-09-v3-pauli-factor-graph,LiH,1.8,11,9,"[[""D"",[0,1,2,3]],[""S"",[0,4]],[""D"",[2,3,4,5]],[""D"",[1,4,2,5]]]",-7.851088741688962,-7.851143481103903,5.473941494127388e-05,70,2,4,1,3,4
2026-09-v3-pauli-factor-graph,LiH,1.8,11,10,"[[""S"",[0,4]],[""S"",[2,4]],[""S"",[1,3]],[""D"",[1,3,2,5]]]",-7.850018693976398,-7.851143481103903,0.0011247871275053,70,2,4,3,1,4
2026-09-v3-pauli-factor-graph,LiH,1.8,11,11,"[[""S"",[1,5]],[""S"",[2,3]],[""D"",[0,1,4,5]],[""D"",[1,4,2,5]],[""D"",[2,4,3,5]],[""S"",[2,3]],[""D"",[0,2,3,4]]]",-7.850788045799102,-7.851143481103903,0.0003554353048009773,70,2,7,3,4,7
2026-09-v3-pauli-factor-graph,LiH,1.8,11,12,"[[""D"",[0,1,2,3]],[""S"",[2,3]],[""D"",[0,1,2,5]]]",-7.850382809490608,-7.851143481103903,0.000760671613295294,70,2,3,1,2,3
2026-09-v3-pauli-factor-graph,LiH,1.8,11,13,"[[""S"",[1,3]],[""D"",[0,1,3,4]],[""D"",[0,1,2,3]],[""D"",[1,4,2,5]],[""D"",[0,3,2,4]]]",-7.850398544241267,-7.851143481103903,0.0007449368626355479,70,2,5,1,4,5
2026-09-v3-pauli-factor-graph,LiH,1.8,11,14,"[[""S"",[0,4]],[""D"",[0,1,2,3]],[""D"",[1,4,2,5]],[""S"",[0,1]],[""S"",[3,5]],[""S"",[1,4]],[""S"",[0,1]]]",-7.8503823934829295,-7.851143481103903,0.0007610876209733775,70,2,7,5,2,7
2026-09-v3-pauli-factor-graph,LiH,1.8,11,15,"[[""D"",[0,1,2,3]],[""D"",[0,2,1,5]],[""D"",[1,3,2,4]],[""D"",[0,2,4,5]],[""D"",[1,3,2,5]],[""S"",[0,3]],[""D"",[0,3,1,4]],[""S"",[0,2]]]",-7.850397784387679,-7.851143481103903,0.0007456967162235983,70,2,8,2,6,8
2026-09-v3-pauli-factor-graph,LiH,1.8,11,16,"[[""S"",[0,2]],[""S"",[0,4]],[""D"",[0,4,1,5]],[""S"",[0,1]]]",-7.850018692325477,-7.851143481103903,0.0011247887784255894,70,2,4,3,1,4
2026-09-v3-pauli-factor-graph,LiH,1.8,11,17,"[[""S"",[1,3]],[""S"",[4,5]],[""S"",[3,5]],[""S"",[0,5]]]",-7.8500187077968775,-7.851143481103903,0.0011247733070254284,70,2,4,4,0,4
2026-09-v3-pauli-factor-graph,LiH,1.8,23,0,"[[""D"",[0,1,2,3]],[""D"",[0,1,2,5]],[""D"",[0,3,2,4]]]",-7.850382106558383,-7.851143481103903,0.0007613745455197218,70,2,3,0,3,3
2026-09-v3-pauli-factor-graph,LiH,1.8,23,1,"[[""S"",[1,3]],[""D"",[0,2,3,4]],[""S"",[1,2]],[""S"",[1,2]]]",-7.850018668249907,-7.851143481103903,0.0011248128539955715,70,2,4,3,1,4
2026-09-v3-pauli-factor-graph,LiH,1.8,23,2,"[[""S"",[0,4]],[""D"",[1,3,2,5]],[""D"",[0,1,2,5]],[""S"",[2,3]],[""S"",[2,3]],[""S"",[2,3]]]",-7.850018685855516,-7.851143481103903,0.001124795248387045,70,2,6,4,2,6
2026-09-v3-pauli-factor-graph,LiH,1.8,23,3,"[[""D"",[0,1,2,3]],[""D"",[0,4,3,5]],[""D"",[0,1,3,4]]]",-7.850382209406327,-7.851143481103903,0.0007612716975762268,70,2,3,0,3,3
2026-09-v3-pauli-factor-graph,LiH,1.8,23,4,"[[""S"",[0,2]],[""D"",[0,4,2,5]],[""D"",[0,1,2,3]],[""D"",[0,1,3,4]],[""S"",[0,3]],[""S"",[1,5]],[""D"",[0,2,1,5]]]",-7.850397742456456,-7.851143481103903,0.0007457386474465366,70,2,7,3,4,7
2026-09-v3-pauli-factor-graph,LiH,1.8,23,5,"[[""S"",[1,3]],[""S"",[0,1]],[""D"",[0,1,2,4]]]",-7.850018620523208,-7.851143481103903,0.0011248605806946088,70,2,3,2,1,3
2026-09-v3-pauli-factor-graph,LiH,1.8,23,6,"[[""D"",[0,1,2,3]],[""S"",[4,5]],[""D"",[0,3,2,5]]]",-7.850382462725328,-7.851143481103903,0.0007610183785748958,70,2,3,1,2,3
2026-09-v3-pauli-factor-graph,LiH,1.8,23,7,"[[""S"",[1,5]],[""S"",[0,3]],[""D"",[0,3,4,5]]]",-7.850018601922696,-7.851143481103903,0.0011248791812068504,70,2,3,2,1,3
2026-09-v3-pauli-factor-graph,LiH,1.8,23,8,"[[""S"",[0,2]],[""S"",[3,4]],[""D"",[0,2,3,5]],[""S"",[3,5]]]",-7.850018672962544,-7.851143481103903,0.0011248081413590683,70,2,4,3,1,4
2026-09-v3-pauli-factor-graph,LiH,1.8,23,9,"[[""D"",[0,1,2,3]],[""D"",[1,3,2,5]],[""S"",[0,5]],[""D"",[1,4,3,5]],[""D"",[0,2,1,5]],[""S"",[0,1]]]",-7.850398074977675,-7.851143481103903,0.0007454061262279765,70,2,6,2,4,6
2026-09-v3-pauli-factor-graph,LiH,1.8,23,10,"[[""S"",[0,4]],[""D"",[0,4,3,5]],[""S"",[2,5]],[""S"",[1,4]]]",-7.850018490208369,-7.851143481103903,0.0011249908955335286,70,2,4,3,1,4
2026-09-v3-pauli-factor-graph,LiH,1.8,23,11,"[[""S"",[1,5]],[""D"",[0,4,3,5]],[""S"",[0,1]],[""D"",[1,3,2,5]],[""D"",[0,4,1,5]],[""D"",[1,4,3,5]]]",-7.850018647299903,-7.851143481103903,0.0011248338039999695,70,2,6,2,4,6
2026-09-v3-pauli-factor-graph,LiH,1.8,23,12,"[[""D"",[0,1,2,3]],[""S"",[0,5]],[""D"",[1,3,2,5]]]",-7.850382491521596,-7.851143481103903,0.0007609895823073032,70,2,3,1,2,3
2026-09-v3-pauli-factor-graph,LiH,1.8,23,13,"[[""S"",[1,3]],[""S"",[1,4]],[""S"",[2,4]],[""D"",[0,1,4,5]],[""S"",[1,4]],[""D"",[0,1,4,5]],[""D"",[0,3,1,4]],[""D"",[1,2,3,4]]]",-7.8507904140045985,-7.851143481103903,0.00035306709930438274,70,2,8,4,4,8
2026-09-v3-pauli-factor-graph,LiH,1.8,23,14,"[[""S"",[0,4]],[""D"",[0,2,1,5]],[""D"",[0,2,1,4]],[""D"",[0,3,2,5]],[""S"",[2,5]],[""S"",[1,2]],[""D"",[0,1,2,3]]]",-7.850382844963862,-7.851143481103903,0.000760636140040738,70,2,7,3,4,7
2026-09-v3-pauli-factor-graph,LiH,1.8,23,15,"[[""D"",[0,1,2,3]],[""D"",[0,1,3,4]],[""D"",[1,3,2,4]],[""D"",[1,2,3,5]],[""S"",[0,3]],[""D"",[0,4,2,5]],[""S"",[0,2]],[""D"",[1,2,3,4]]]",-7.850398235489674,-7.851143481103903,0.0007452456142287289,70,2,8,2,6,8
2026-09-v3-pauli-factor-graph,LiH,1.8,23,16,"[[""S"",[0,2]],[""D"",[2,3,4,5]],[""S"",[0,5]]]",-7.850018624791164,-7.851143481103903,0.0011248563127388422,70,2,3,2,1,3
2026-09-v3-pauli-factor-graph,LiH,1.8,23,17,"[[""S"",[1,3]],[""D"",[0,4,1,5]],[""S"",[4,5]]]",-7.850018685298253,-7.851143481103903,0.0011247958056497254,70,2,3,2,1,3
2026-09-v3-pauli-factor-graph,LiH,1.8,37,0,"[[""D"",[0,1,2,3]],[""D"",[0,3,2,4]],[""D"",[0,2,3,5]]]",-7.85038248501681,-7.851143481103903,0.0007609960870933463,70,2,3,0,3,3
2026-09-v3-pauli-factor-graph,LiH,1.8,37,1,"[[""S"",[1,3]],[""D"",[1,3,4,5]],[""D"",[0,2,4,5]],[""S"",[3,4]]]",-7.850018700994208,-7.851143481103903,0.0011247801096949672,70,2,4,2,2,4
2026-09-v3-pauli-factor-graph,LiH,1.8,37,2,"[[""S"",[0,4]],[""D"",[0,2,1,5]],[""D"",[1,4,3,5]],[""D"",[2,4,3,5]]]",-7.85001871337136,-7.851143481103903,0.0011247677325432193,70,2,4,1,3,4
2026-09-v3-pauli-factor-graph,LiH,1.8,37,3,"[[""D"",[0,1,2,3]],[""S"",[0,1]],[""S"",[1,5]],[""D"",[0,1,4,5]]]",-7.8510878338782515,-7.851143481103903,5.5647225651433985e-05,70,2,4,2,2,4
2026-09-v3-pauli-factor-graph,LiH,1.8,37,4,"[[""S"",[0,2]],[""D"",[1,3,2,5]],[""D"",[0,2,4,5]]]",-7.850018711495762,-7.851143481103903,0.0011247696081406744,70,2,3,1,2,3
2026-09-v3-pauli-factor-graph,LiH,1.8,37,5,"[[""S"",[1,3]],[""S"",[2,5]],[""D"",[0,1,3,4]],[""S"",[1,2]],[""D"",[0,2,4,5]],[""D"",[0,2,4,5]],[""D"",[1,2,3,5]]]",-7.850791173299547,-7.851143481103903,0.0003523078043556893,70,2,7,3,4,7
2026-09-v3-pauli-factor-graph,LiH,1.8,37,6,"[[""D"",[0,1,2,3]],[""S"",[3,4]],[""S"",[3,5]],[""D"",[0,2,4,5]]]",-7.850382803828581,-7.851143481103903,0.0007606772753216973,70,2,4,2,2,4
2026-09-v3-pauli-factor-graph,LiH,1.8,37,7,"[[""S"",[1,5]],[""S"",[2,3]],[""S"",[3,5]],[""S"",[2,5]],[""D"",[0,3,1,4]],[""S"",[1,3]]]",-7.850018657921084,-7.851143481103903,0.0011248231828187016,70,2,6,5,1,6
2026-09-v3-pauli-factor-graph,LiH,1.8,37,8,"[[""S"",[0,2]],[""D"",[0,1,2,4]],[""S"",[3,4]],[""D"",[2,4,3,5]],[""D"",[0,2,3,4]],[""D"",[0,4,3,5]]]",-7.850395975980581,-7.851143481103903,0.000747505123322334,70,2,6,2,4,6
2026-09-v3-pauli-factor-graph,LiH,1.8,37,9,"[[""D"",[0,1,2,3]],[""D"",[0,3,4,5]],[""S"",[4,5]],[""D"",[0,1,2,4]],[""S"",[0,1]]]",-7.850381918156404,-7.851143481103903,0.0007615629474990726,70,2,5,2,3,5
2026-09-v3-pauli-factor-graph,LiH,1.8,37,10,"[[""S"",[0,4]],[""S"",[2,4]],[""S"",[0,5]],[""D"",[0,2,3,5]]]",-7.85001859872478,-7.851143481103903,0.0011248823791225604,70,2,4,3,1,4
2026-09-v3-pauli-factor-graph,LiH,1.8,37,11,"[[""S"",[1,5]],[""D"",[1,2,3,4]],[""D"",[1,2,3,5]],[""D"",[0,1,2,4]],[""D"",[0,2,1,5]]]",-7.850018518986682,-7.851143481103903,0.0011249621172213509,70,2,5,1,4,5
2026-09-v3-pauli-factor-graph,LiH,1.8,37,12,"[[""D"",[0,1,2,3]],[""S"",[2,5]],[""D"",[1,3,2,4]]]",-7.850382759025169,-7.851143481103903,0.0007607220787342328,70,2,3,1,2,3
2026-09-v3-pauli-factor-graph,LiH,1.8,37,13,"[[""S"",[1,3]],[""D"",[0,1,4,5]],[""D"",[0,2,1,5]],[""D"",[0,4,3,5]]]",-7.850791177386066,-7.851143481103903,0.0003523037178370103,70,2,4,1,3,4
2026-09-v3-pauli-factor-graph,LiH,1.8,37,14,"[[""S"",[0,4]],[""D"",[0,1,2,5]],[""S"",[0,1]],[""S"",[0,4]],[""D"",[1,3,2,5]],[""D"",[0,4,2,5]],[""D"",[0,2,1,4]],[""D"",[1,3,4,5]]]",-7.850783868602281,-7.851143481103903,0.0003596125016223084,70,2,8,3,5,8
2026-09-v3-pauli-factor-graph,LiH,1.8,37,15,"[[""D"",[0,1,2,3]],[""S"",[2,4]],[""D"",[2,3,4,5]],[""S"",[0,2]],[""S"",[3,5]],[""D"",[0,2,1,3]],[""D"",[1,2,4,5]]]",-7.851112749505728,-7.851143481103903,3.073159817468252e-05,70,2,7,3,4,7
2026-09-v3-pauli-factor-graph,LiH,1.8,37,16,"[[""S"",[0,2]],[""D"",[2,3,4,5]],[""D"",[0,1,2,5]],[""D"",[0,3,1,5]],[""D"",[0,3,2,4]],[""D"",[1,2,3,4]],[""D"",[1,2,3,4]]]",-7.850018540901679,-7.851143481103903,0.0011249402022235344,70,2,7,1,6,7
2026-09-v3-pauli-factor-graph,LiH,1.8,37,17,"[[""S"",[1,3]],[""S"",[0,2]],[""S"",[1,5]],[""S"",[2,5]],[""S"",[3,4]],[""S"",[1,2]],[""S"",[3,5]]]",-7.850018522485904,-7.851143481103903,0.0011249586179991056,70,2,7,7,0,7
2026-09-v3-pauli-factor-graph,LiH,1.8,51,0,"[[""D"",[0,1,2,3]],[""D"",[1,4,3,5]],[""S"",[3,5]],[""D"",[0,1,2,3]],[""S"",[2,5]]]",-7.850382653155975,-7.851143481103903,0.0007608279479276447,70,2,5,2,3,5
2026-09-v3-pauli-factor-graph,LiH,1.8,51,1,"[[""S"",[1,3]],[""D"",[1,2,3,5]],[""D"",[1,2,3,4]],[""D"",[1,2,4,5]]]",-7.850018704887445,-7.851143481103903,0.0011247762164581232,70,2,4,1,3,4
2026-09-v3-pauli-factor-graph,LiH,1.8,51,2,"[[""S"",[0,4]],[""D"",[1,3,2,4]],[""D"",[0,1,2,4]],[""D"",[0,4,2,5]]]",-7.850018282224056,-7.851143481103903,0.001125198879846856,70,2,4,1,3,4
2026-09-v3-pauli-factor-graph,LiH,1.8,51,3,"[[""D"",[0,1,2,3]],[""S"",[1,5]],[""D"",[0,3,1,4]]]",-7.850382879607374,-7.851143481103903,0.0007606014965286789,70,2,3,1,2,3
2026-09-v3-pauli-factor-graph,LiH,1.8,51,4,"[[""S"",[0,2]],[""D"",[0,1,3,4]],[""D"",[1,2,3,4]],[""S"",[0,1]]]",-7.850018642101371,-7.851143481103903,0.0011248390025322408,70,2,4,2,2,4
2026-09-v3-pauli-factor-graph,LiH,1.8,51,5,"[[""S"",[1,3]],[""D"",[0,3,4,5]],[""D"",[0,3,2,5]]]",-7.850791328054295,-7.851143481103903,0.0003521530496080061,70,2,3,1,2,3
2026-09-v3-pauli-factor-graph,LiH,1.8,51,6,"[[""D"",[0,1,2,3]],[""D"",[2,4,3,5]],[""D"",[0,2,1,5]],[""S"",[2,3]],[""S"",[0,1]]]",-7.850382885485506,-7.851143481103903,0.0007605956183969198,70,2,5,2,3,5
2026-09-v3-pauli-factor-graph,LiH,1.8,51,7,"[[""S"",[1,5]],[""D"",[1,4,3,5]],[""D"",[1,4,2,5]],[""D"",[0,4,1,5]],[""D"",[0,1,3,5]]]",-7.8500183291280905,-7.851143481103903,0.0011251519758124218,70,2,5,1,4,5
2026-09-v3-pauli-factor-graph,LiH,1.8,51,8,"[[""S"",[0,2]],[""D"",[0,2,3,4]],[""D"",[0,2,1,5]],[""S"",[2,4]],[""S"",[3,5]],[""S"",[0,3]],[""D"",[1,4,3,5]]]",-7.850018668771791,-7.851143481103903,0.001124812332111702,70,2,7,4,3,7
2026-09-v3-pauli-factor-graph,LiH,1.8,51,9,"[[""D"",[0,1,2,3]],[""D"",[0,2,1,3]],[""D"",[0,4,1,5]]]",-7.850382516008601,-7.851143481103903,0.0007609650953019909,70,2,3,0,3,3
2026-09-v3-pauli-factor-graph,LiH,1.8,51,10,"[[""S"",[0,4]],[""S"",[1,4]],[""D"",[0,1,2,4]]]",-7.850018502971949,-7.851143481103903,0.001124978131954002,70,2,3,2,1,3
2026-09-v3-pauli-factor-graph,LiH,1.8,51,11,"[[""S"",[1,5]],[""D"",[0,1,2,3]],[""D"",[0,3,2,5]],[""D"",[0,1,4,5]],[""S"",[3,4]]]",-7.851088739916282,-7.851143481103903,5.474118762105462e-05,70,2,5,2,3,5
2026-09-v3-pauli-factor-graph,LiH,1.8,51,12,"[[""D"",[0,1,2,3]],[""D"",[0,1,4,5]],[""S"",[1,3]],[""D"",[0,3,2,4]],[""D"",[0,3,4,5]]]",-7.851116295703482,-7.851143481103903,2.7185400420570716e-05,70,2,5,1,4,5
2026-09-v3-pauli-factor-graph,LiH,1.8,51,13,"[[""S"",[1,3]],[""S"",[0,2]],[""D"",[1,4,2,5]],[""D"",[0,3,4,5]],[""D"",[0,2,1,5]],[""D"",[0,2,1,3]],[""S"",[1,2]],[""S"",[2,5]]]",-7.85080012883544,-7.851143481103903,0.0003433522684632706,70,2,8,4,4,8
2026-09-v3-pauli-factor-graph,LiH,1.8,51,14,"[[""S"",[0,4]],[""D"",[0,1,2,5]],[""D"",[0,3,1,5]]]",-7.850018078267285,-7.851143481103903,0.0011254028366183277,70,2,3,1,2,3
2026-09-v3-pauli-factor-graph,LiH,1.8,51,15,"[[""D"",[0,1,2,3]],[""D"",[0,2,1,5]],[""D"",[2,4,3,5]],[""D"",[0,1,3,5]]]",-7.850382507371007,-7.851143481103903,0.0007609737328957422,70,2,4,0,4,4
2026-09-v3-pauli-factor-graph,LiH,1.8,51,16,"[[""S"",[0,2]],[""D"",[2,4,3,5]],[""D"",[1,2,4,5]],[""D"",[0,1,3,5]]]",-7.85079110623006,-7.851143481103903,0.0003523748738425425,70,2,4,1,3,4
2026-09-v3-pauli-factor-graph,LiH,1.8,51,17,"[[""S"",[1,3]],[""D"",[0,4,3,5]],[""S"",[0,5]],[""D"",[1,2,3,4]],[""S"",[0,3]],[""S"",[1,4]],[""D"",[0,1,2,5]]]",-7.850018253597635,-7.851143481103903,0.0011252275062680894,70,2,7,4,3,7
2026-09-v3-pauli-factor-graph,LiH,1.8,79,0,"[[""D"",[0,1,2,3]],[""D"",[1,2,4,5]],[""S"",[0,4]]]",-7.850382752468629,-7.851143481103903,0.0007607286352735443,70,2,3,1,2,3
2026-09-v3-pauli-factor-graph,LiH,1.8,79,1,"[[""S"",[1,3]],[""S"",[4,5]],[""S"",[0,2]],[""D"",[0,2,3,4]],[""S"",[0,4]],[""D"",[1,3,2,5]],[""S"",[1,2]],[""S"",[1,3]]]",-7.850018121970157,-7.851143481103903,0.0011253591337458957,70,2,8,6,2,8
2026-09-v3-pauli-factor-graph,LiH,1.8,79,2,"[[""S"",[0,4]],[""D"",[0,2,1,3]],[""D"",[0,3,4,5]],[""S"",[0,5]],[""D"",[0,2,3,4]]]",-7.850018679186599,-7.851143481103903,0.0011248019173040191,70,2,5,2,3,5
2026-09-v3-pauli-factor-graph,LiH,1.8,79,3,"[[""D"",[0,1,2,3]],[""D"",[0,1,3,5]],[""D"",[1,2,3,4]],[""D"",[0,2,3,4]],[""S"",[0,4]],[""S"",[1,2]]]",-7.850381755614981,-7.851143481103903,0.0007617254889220604,70,2,6,2,4,6
2026-09-v3-pauli-factor-graph,LiH,1.8,79,4,"[[""S"",[0,2]],[""D"",[1,4,3,5]],[""D"",[1,4,3,5]],[""D"",[1,3,4,5]],[""S"",[0,3]],[""S"",[0,4]],[""D"",[1,2,4,5]],[""S"",[1,5]]]",-7.850791060721016,-7.851143481103903,0.00035242038288707533,70,2,8,4,4,8
2026-09-v3-pauli-factor-graph,LiH,1.8,79,5,"[[""S"",[1,3]],[""S"",[3,4]],[""D"",[0,2,1,5]],[""D"",[1,4,3,5]],[""D"",[2,3,4,5]],[""D"",[0,3,4,5]],[""S"",[0,1]],[""S"",[0,3]]]",-7.8507908189359945,-7.851143481103903,0.000352662167908413,70,2,8,4,4,8
2026-09-v3-pauli-factor-graph,LiH,1.8,79,6,"[[""D"",[0,1,2,3]],[""S"",[0,4]],[""D"",[1,3,4,5]],[""D"",[1,3,4,5]],[""S"",[0,3]]]",-7.850382533878595,-7.851143481103903,0.0007609472253076177,70,2,5,2,3,5
2026-09-v3-pauli-factor-graph,LiH,1.8,79,7,"[[""S"",[1,5]],[""S"",[3,4]],[""D"",[2,3,4,5]],[""D"",[0,3,4,5]],[""D"",[0,3,4,5]],[""D"",[0,2,1,3]]]",-7.8500187167966935,-7.851143481103903,0.0011247643072094249,70,2,6,2,4,6
2026-09-v3-pauli-factor-graph,LiH,1.8,79,8,"[[""S"",[0,2]],[""D"",[0,4,1,5]],[""D"",[0,3,1,4]]]",-7.850018627020472,-7.851143481103903,0.0011248540834305487,70,2,3,1,2,3
2026-09-v3-pauli-factor-graph,LiH,1.8,79,9,"[[""D"",[0,1,2,3]],[""D"",[1,4,2,5]],[""S"",[0,2]],[""D"",[1,4,2,5]],[""D"",[0,1,3,5]],[""D"",[1,2,3,4]],[""D"",[0,3,2,4]],[""D"",[1,4,3,5]]]",-7.850398968206955,-7.851143481103903,0.0007445128969481019,70,2,8,1,7,8
2026-09-v3-pauli-factor-graph,LiH,1.8,79,10,"[[""S"",[0,4]],[""D"",[0,2,3,4]],[""S"",[2,3]],[""S"",[1,4]],[""D"",[0,2,3,5]]]",-7.850018703868989,-7.851143481103903,0.0011247772349136653,70,2,5,3,2,5
2026-09-v3-pauli-factor-graph,LiH,1.8,79,11,"[[""S"",[1,5]],[""D"",[1,2,3,5]],[""D"",[0,3,1,5]],[""S"",[2,4]],[""D"",[1,3,2,5]],[""D"",[0,1,2,3]]]",-7.850382710588481,-7.851143481103903,0.0007607705154217825,70,2,6,2,4,6
2026-09-v3-pauli-factor-graph,LiH,1.8,79,12,"[[""D"",[0,1,2,3]],[""D"",[2,4,3,5]],[""D"",[0,1,4,5]],[""D"",[2,4,3,5]],[""D"",[1,2,3,4]],[""S"",[0,3]]]",-7.851088922441279,-7.851143481103903,5.455866262416009e-05,70,2,6,1,5,6
2026-09-v3-pauli-factor-graph,LiH,1.8,79,13,"[[""S"",[1,3]],[""D"",[0,1,2,5]],[""D"",[1,3,2,4]],[""D"",[0,2,4,5]],[""D"",[0,1,2,5]],[""S"",[0,1]],[""D"",[0,3,1,5]],[""S"",[1,5]]]",-7.850018530997007,-7.851143481103903,0.001124950106896172,70,2,8,3,5,8
2026-09-v3-pauli-factor-graph,LiH,1.8,79,14,"[[""S"",[0,4]],[""D"",[1,2,3,5]],[""D"",[1,3,2,4]]]",-7.850018688451261,-7.851143481103903,0.0011247926526420926,70,2,3,1,2,3
2026-09-v3-pauli-factor-graph,LiH,1.8,79,15,"[[""D"",[0,1,2,3]],[""S"",[0,5]],[""S"",[0,1]],[""D"",[0,2,3,4]],[""D"",[1,2,3,5]]]",-7.850382552057785,-7.851143481103903,0.0007609290461179086,70,2,5,2,3,5
2026-09-v3-pauli-factor-graph,LiH,1.8,79,16,"[[""S"",[0,2]],[""S"",[0,1]],[""D"",[0,2,3,4]],[""D"",[1,3,4,5]],[""S"",[1,4]],[""D"",[1,3,2,4]]]",-7.8500186258698825,-7.851143481103903,0.0011248552340203943,70,2,6,3,3,6
2026-09-v3-pauli-factor-graph,LiH,1.8,79,17,"[[""S"",[1,3]],[""D"",[0,1,2,5]],[""D"",[1,3,2,4]],[""D"",[0,4,2,5]],[""D"",[0,2,3,4]],[""D"",[0,1,2,4]],[""D"",[0,3,1,4]]]",-7.850018249107713,-7.851143481103903,0.0011252319961903012,70,2,7,1,6,7
2026-09-v3-pauli-factor-graph,LiH,2.0,11,0,"[[""D"",[0,1,2,3]],[""D"",[1,2,3,4]],[""D"",[0,3,1,4]]]",-7.8314673617231865,-7.832221985843114,0.0007546241199278825,70,2,3,0,3,3
2026-09-v3-pauli-factor-graph,LiH,2.0,11,1,"[[""S"",[1,3]],[""D"",[0,4,2,5]],[""S"",[0,2]],[""D"",[0,1,3,4]],[""S"",[1,3]],[""D"",[0,2,1,4]]]",-7.830905151181106,-7.832221985843114,0.0013168346620080484,70,2,6,3,3,6
2026-09-v3-pauli-factor-graph,LiH,2.0,11,2,"[[""S"",[0,4]],[""S"",[0,4]],[""D"",[0,3,1,5]],[""S"",[1,2]],[""D"",[0,3,4,5]],[""D"",[1,4,3,5]],[""D"",[2,4,3,5]],[""D"",[0,2,3,4]]]",-7.830905331820275,-7.832221985843114,0.0013166540228395363,70,2,8,3,5,8
2026-09-v3-pauli-factor-graph,LiH,2.0,11,3,"[[""D"",[0,1,2,3]],[""S"",[1,3]],[""D"",[0,1,3,5]],[""D"",[0,1,2,5]],[""D"",[0,2,3,5]],[""D"",[2,4,3,5]],[""S"",[3,4]],[""D"",[1,3,2,5]]]",-7.831501201764222,-7.832221985843114,0.0007207840788927555,70,2,8,2,6,8
2026-09-v3-pauli-factor-graph,LiH,2.0,11,4,"[[""S"",[0,2]],[""D"",[1,2,3,4]],[""S"",[2,5]]]",-7.830905608160424,-7.832221985843114,0.0013163776826905504,70,2,3,2,1,3
2026-09-v3-pauli-factor-graph,LiH,2.0,11,5,"[[""S"",[1,3]],[""D"",[0,1,3,5]],[""D"",[1,4,3,5]],[""D"",[1,3,2,4]],[""D"",[1,2,3,5]],[""D"",[0,3,1,5]],[""D"",[2,4,3,5]]]",-7.830905528535391,-7.832221985843114,0.00131645730772334,70,2,7,1,6,7
2026-09-v3-pauli-factor-graph,LiH,2.0,11,6,"[[""D"",[0,1,2,3]],[""S"",[2,3]],[""S"",[3,5]],[""D"",[0,3,1,5]],[""D"",[1,2,3,5]],[""D"",[0,1,3,4]],[""D"",[2,4,3,5]],[""D"",[0,1,2,3]]]",-7.831464874067338,-7.832221985843114,0.0007571117757763091,70,2,8,2,6,8
2026-09-v3-pauli-factor-graph,LiH,2.0,11,7,"[[""S"",[1,5]],[""D"",[0,4,2,5]],[""S"",[2,4]],[""D"",[0,4,1,5]],[""D"",[1,3,2,4]],[""D"",[1,2,4,5]],[""D"",[1,2,4,5]],[""D"",[2,3,4,5]]]",-7.830905596184119,-7.832221985843114,0.001316389658994943,70,2,8,2,6,8
2026-09-v3-pauli-factor-graph,LiH,2.0,11,8,"[[""S"",[0,2]],[""D"",[0,1,3,4]],[""D"",[0,3,2,5]]]",-7.830905537563867,-7.832221985843114,0.0013164482792475951,70,2,3,1,2,3
2026-09-v3-pauli-factor-graph,LiH,2.0,11,9,"[[""D"",[0,1,2,3]],[""S"",[0,4]],[""D"",[2,3,4,5]],[""D"",[1,4,2,5]]]",-7.832120828780179,-7.832221985843114,0.00010115706293500892,70,2,4,1,3,4
2026-09-v3-pauli-factor-graph,LiH,2.0,11,10,"[[""S"",[0,4]],[""S"",[2,4]],[""S"",[1,3]],[""D"",[1,3,2,5]]]",-7.830905574358481,-7.832221985843114,0.0013164114846331287,70,2,4,3,1,4
2026-09-v3-pauli-factor-graph,LiH,2.0,11,11,"[[""S"",[1,5]],[""S"",[2,3]],[""D"",[0,1,4,5]],[""D"",[1,4,2,5]],[""D"",[2,4,3,5]],[""S"",[2,3]],[""D"",[0,2,3,4]]]",-7.83163945833682,-7.832221985843114,0.0005825275062942836,70,2,7,3,4,7
2026-09-v3-pauli-factor-graph,LiH,2.0,11,12,"[[""D"",[0,1,2,3]],[""S"",[2,3]],[""D"",[0,1,2,5]]]",-7.831467306188359,-7.832221985843114,0.0007546796547552859,70,2,3,1,2,3
2026-09-v3-pauli-factor-graph,LiH,2.0,11,13,"[[""S"",[1,3]],[""D"",[0,1,3,4]],[""D"",[0,1,2,3]],[""D"",[1,4,2,5]],[""D"",[0,3,2,4]]]",-7.831503114925908,-7.832221985843114,0.0007188709172067931,70,2,5,1,4,5
2026-09-v3-pauli-factor-graph,LiH,2.0,11,14,"[[""S"",[0,4]],[""D"",[0,1,2,3]],[""D"",[1,4,2,5]],[""S"",[0,1]],[""S"",[3,5]],[""S"",[1,4]],[""S"",[0,1]]]",-7.831467224616973,-7.832221985843114,0.0007547612261413761,70,2,7,5,2,7
2026-09-v3-pauli-factor-graph,LiH,2.0,11,15,"[[""D"",[0,1,2,3]],[""D"",[0,2,1,5]],[""D"",[1,3,2,4]],[""D"",[0,2,4,5]],[""D"",[1,3,2,5]],[""S"",[0,3]],[""D"",[0,3,1,4]],[""S"",[0,2]]]",-7.831501185795126,-7.832221985843114,0.0007208000479881349,70,2,8,2,6,8
2026-09-v3-pauli-factor-graph,LiH,2.0,11,16,"[[""S"",[0,2]],[""S"",[0,4]],[""D"",[0,4,1,5]],[""S"",[0,1]]]",-7.830905528550553,-7.832221985843114,0.001316457292561246,70,2,4,3,1,4
2026-09-v3-pauli-factor-graph,LiH,2.0,11,17,"[[""S"",[1,3]],[""S"",[4,5]],[""S"",[3,5]],[""S"",[0,5]]]",-7.830905603332079,-7.832221985843114,0.0013163825110353855,70,2,4,4,0,4
2026-09-v3-pauli-factor-graph,LiH,2.0,23,0,"[[""D"",[0,1,2,3]],[""D"",[0,1,2,5]],[""D"",[0,3,2,4]]]",-7.831467079184275,-7.832221985843114,0.0007549066588392606,70,2,3,0,3,3
2026-09-v3-pauli-factor-graph,LiH,2.0,23,1,"[[""S"",[1,3]],[""D"",[0,2,3,4]],[""S"",[1,2]],[""S"",[1,2]]]",-7.8309055679043205,-7.832221985843114,0.0013164179387938901,70,2,4,3,1,4
2026-09-v3-pauli-factor-graph,LiH,2.0,23,2,"[[""S"",[0,4]],[""D"",[1,3,2,5]],[""D"",[0,1,2,5]],[""S"",[2,3]],[""S"",[2,3]],[""S"",[2,3]]]",-7.830905549984186,-7.832221985843114,0.0013164358589285996,70,2,6,4,2,6
2026-09-v3-pauli-factor-graph,LiH,2.0,23,3,"[[""D"",[0,1,2,3]],[""D"",[0,4,3,5]],[""D"",[0,1,3,4]]]",-7.831467028741402,-7.832221985843114,0.0007549571017122503,70,2,3,0,3,3
2026-09-v3-pauli-factor-graph,LiH,2.0,23,4,"[[""S"",[0,2]],[""D"",[0,4,2,5]],[""D"",[0,1,2,3]],[""D"",[0,1,3,4]],[""S"",[0,3]],[""S"",[1,5]],[""D"",[0,2,1,5]]]",-7.831502463715825,-7.832221985843114,0.0007195221272890961,70,2,7,3,4,7
2026-09-v3-pauli-factor-graph,LiH,2.0,23,5,"[[""S"",[1,3]],[""S"",[0,1]],[""D"",[0,1,2,4]]]",-7.830905554869989,-7.832221985843114,0.0013164309731257262,70,2,3,2,1,3
2026-09-v3-pauli-factor-graph,LiH,2.0,23,6,"[[""D"",[0,1,2,3]],[""S"",[4,5]],[""D"",[0,3,2,5]]]",-7.831466597189398,-7.832221985843114,0.0007553886537161603,70,2,3,1,2,3
2026-09-v3-pauli-factor-graph,LiH,2.0,23,7,"[[""S"",[1,5]],[""S"",[0,3]],[""D"",[0,3,4,5]]]",-7.83090550921867,-7.832221985843114,0.0013164766244440074,70,2,3,2,1,3
2026-09-v3-pauli-factor-graph,LiH,2.0,23,8,"[[""S"",[0,2]],[""S"",[3,4]],[""D"",[0,2,3,5]],[""S"",[3,5]]]",-7.83090557050478,-7.832221985843114,0.0013164153383344868,70,2,4,3,1,4
2026-09-v3-pauli-factor-graph,LiH,2.0,23,9,"[[""D"",[0,1,2,3]],[""D"",[1,3,2,5]],[""S"",[0,5]],[""D"",[1,4,3,5]],[""D"",[0,2,1,5]],[""S"",[0,1]]]",-7.831502549462183,-7.832221985843114,0.0007194363809315263,70,2,6,2,4,6
2026-09-v3-pauli-factor-graph,LiH,2.0,23,10,"[[""S"",[0,4]],[""D"",[0,4,3,5]],[""S"",[2,5]],[""S"",[1,4]]]",-7.830905396095888,-7.832221985843114,0.00131658974722626,70,2,4,3,1,4
2026-09-v3-pauli-factor-graph,LiH,2.0,23,11,"[[""S"",[1,5]],[""D"",[0,4,3,5]],[""S"",[0,1]],[""D"",[1,3,2,5]],[""D"",[0,4,1,5]],[""D"",[1,4,3,5]]]",-7.830905540371202,-7.832221985843114,0.001316445471912786,70,2,6,2,4,6
2026-09-v3-pauli-factor-graph,LiH,2.0,23,12,"[[""D"",[0,1,2,3]],[""S"",[0,5]],[""D"",[1,3,2,5]]]",-7.83146695888495,-7.832221985843114,0.0007550269581644287,70,2,3,1,2,3
2026-09-v3-pauli-factor-graph,LiH,2.0,23,13,"[[""S"",[1,3]],[""S"",[1,4]],[""S"",[2,4]],[""D"",[0,1,4,5]],[""S"",[1,4]],[""D"",[0,1,4,5]],[""D"",[0,3,1,4]],[""D"",[1,2,3,4]]]",-7.831641611309383,-7.832221985843114,0.000580374533731387,70,2,8,4,4,8
2026-09-v3-pauli-factor-graph,LiH,2.0,23,14,"[[""S"",[0,4]],[""D"",[0,2,1,5]],[""D"",[0,2,1,4]],[""D"",[0,3,2,5]],[""S"",[2,5]],[""S"",[1,2]],[""D"",[0,1,2,3]]]",-7.831466976407709,-7.832221985843114,0.0007550094354051851,70,2,7,3,4,7
2026-09-v3-pauli-factor-graph,LiH,2.0,23,15,"[[""D"",[0,1,2,3]],[""D"",[0,1,3,4]],[""D"",[1,3,2,4]],[""D"",[1,2,3,5]],[""S"",[0,3]],[""D"",[0,4,2,5]],[""S"",[0,2]],[""D"",[1,2,3,4]]]",-7.831501717243707,-7.832221985843114,0.0007202685994069924,70,2,8,2,6,8
2026-09-v3-pauli-factor-graph,LiH,2.0,23,16,"[[""S"",[0,2]],[""D"",[2,3,4,5]],[""S"",[0,5]]]",-7.830905526416845,-7.832221985843114,0.0013164594262695672,70,2,3,2,1,3
2026-09-v3-pauli-factor-graph,LiH,2.0,23,17,"[[""S"",[1,3]],[""D"",[0,4,1,5]],[""S"",[4,5]]]",-7.83090558163713,-7.832221985843114,0.001316404205984334,70,2,3,2,1,3
2026-09-v3-pauli-factor-graph,LiH,2.0,37,0,"[[""D"",[0,1,2,3]],[""D"",[0,3,2,4]],[""D"",[0,2,3,5]]]",-7.831467315622209,-7.832221985843114,0.0007546702209051404,70,2,3,0,3,3
2026-09-v3-pauli-factor-graph,LiH,2.0,37,1,"[[""S"",[1,3]],[""D"",[1,3,4,5]],[""D"",[0,2,4,5]],[""S"",[3,4]]]",-7.830905595743399,-7.832221985843114,0.0013163900997152922,70,2,4,2,2,4
2026-09-v3-pauli-factor-graph,LiH,2.0,37,2,"[[""S"",[0,4]],[""D"",[0,2,1,5]],[""D"",[1,4,3,5]],[""D"",[2,4,3,5]]]",-7.8309056067844125,-7.832221985843114,0.0013163790587018553,70,2,4,1,3,4
2026-09-v3-pauli-factor-graph,LiH,2.0,37,3,"[[""D"",[0,1,2,3]],[""S"",[0,1]],[""S"",[1,5]],[""D"",[0,1,4,5]]]",-7.832120387308113,-7.832221985843114,0.000101598535001024,70,2,4,2,2,4
2026-09-v3-pauli-factor-graph,LiH,2.0,37,4,"[[""S"",[0,2]],[""D"",[1,3,2,5]],[""D"",[0,2,4,5]]]",-7.830905605322804,-7.832221985843114,0.0013163805203104673,70,2,3,1,2,3
2026-09-v3-pauli-factor-graph,LiH,2.0,37,5,"[[""S"",[1,3]],[""S"",[2,5]],[""D"",[0,1,3,4]],[""S"",[1,2]],[""D"",[0,2,4,5]],[""D"",[0,2,4,5]],[""D"",[1,2,3,5]]]",-7.831642985903807,-7.832221985843114,0.0005789999393073231,70,2,7,3,4,7
2026-09-v3-pauli-factor-graph,LiH,2.0,37,6,"[[""D"",[0,1,2,3]],[""S"",[3,4]],[""S"",[3,5]],[""D"",[0,2,4,5]]]",-7.8314672449923615,-7.832221985843114,0.0007547408507528885,70,2,4,2,2,4
2026-09-v3-pauli-factor-graph,LiH,2.0,37,7,"[[""S"",[1,5]],[""S"",[2,3]],[""S"",[3,5]],[""S"",[2,5]],[""D"",[0,3,1,4]],[""S"",[1,3]]]",-7.8309055696213345,-7.832221985843114,0.0013164162217798037,70,2,6,5,1,6
2026-09-v3-pauli-factor-graph,LiH,2.0,37,8,"[[""S"",[0,2]],[""D"",[0,1,2,4]],[""S"",[3,4]],[""D"",[2,4,3,5]],[""D"",[0,2,3,4]],[""D"",[0,4,3,5]]]",-7.831502714283749,-7.832221985843114,0.0007192715593653531,70,2,6,2,4,6
2026-09-v3-pauli-factor-graph,LiH,2.0,37,9,"[[""D"",[0,1,2,3]],[""D"",[0,3,4,5]],[""S"",[4,5]],[""D"",[0,1,2,4]],[""S"",[0,1]]]",-7.831465918704234,-7.832221985843114,0.000756067138880212,70,2,5,2,3,5
2026-09-v3-pauli-factor-graph,LiH,2.0,37,10,"[[""S"",[0,4]],[""S"",[2,4]],[""S"",[0,5]],[""D"",[0,2,3,5]]]",-7.830905443822986,-7.832221985843114,0.0013165420201284306,70,2,4,3,1,4
2026-09-v3-pauli-factor-graph,LiH,2.0,37,11,"[[""S"",[1,5]],[""D"",[1,2,3,4]],[""D"",[1,2,3,5]],[""D"",[0,1,2,4]],[""D"",[0,2,1,5]]]",-7.830905422616821,-7.832221985843114,0.0013165632262932547,70,2,5,1,4,5
2026-09-v3-pauli-factor-graph,LiH,2.0,37,12,"[[""D"",[0,1,2,3]],[""S"",[2,5]],[""D"",[1,3,2,4]]]",-7.831467380034307,-7.832221985843114,0.0007546058088072627,70,2,3,1,2,3
2026-09-v3-pauli-factor-graph,LiH,2.0,37,13,"[[""S"",[1,3]],[""D"",[0,1,4,5]],[""D"",[0,2,1,5]],[""D"",[0,4,3,5]]]",-7.831643011454225,-7.832221985843114,0.0005789743888895416,70,2,4,1,3,4
2026-09-v3-pauli-factor-graph,LiH,2.0,37,14,"[[""S"",[0,4]],[""D"",[0,1,2,5]],[""S"",[0,1]],[""S"",[0,4]],[""D"",[1,3,2,5]],[""D"",[0,4,2,5]],[""D"",[0,2,1,4]],[""D"",[1,3,4,5]]]",-7.831636246474621,-7.832221985843114,0.0005857393684935985,70,2,8,3,5,8
2026-09-v3-pauli-factor-graph,LiH,2.0,37,15,"[[""D"",[0,1,2,3]],[""S"",[2,4]],[""D"",[2,3,4,5]],[""S"",[0,2]],[""S"",[3,5]],[""D"",[0,2,1,3]],[""D"",[1,2,4,5]]]",-7.832169847424446,-7.832221985843114,5.213841866869018e-05,70,2,7,3,4,7
2026-09-v3-pauli-factor-graph,LiH,2.0,37,16,"[[""S"",[0,2]],[""D"",[2,3,4,5]],[""D"",[0,1,2,5]],[""D"",[0,3,1,5]],[""D"",[0,3,2,4]],[""D"",[1,2,3,4]],[""D"",[1,2,3,4]]]",-7.830905447061593,-7.832221985843114,0.0013165387815217144,70,2,7,1,6,7
2026-09-v3-pauli-factor-graph,LiH,2.0,37,17,"[[""S"",[1,3]],[""S"",[0,2]],[""S"",[1,5]],[""S"",[2,5]],[""S"",[3,4]],[""S"",[1,2]],[""S"",[3,5]]]",-7.830905485020429,-7.832221985843114,0.00131650082268564,70,2,7,7,0,7
2026-09-v3-pauli-factor-graph,LiH,2.0,51,0,"[[""D"",[0,1,2,3]],[""D"",[1,4,3,5]],[""S"",[3,5]],[""D"",[0,1,2,3]],[""S"",[2,5]]]",-7.831466559121155,-7.832221985843114,0.0007554267219589406,70,2,5,2,3,5
2026-09-v3-pauli-factor-graph,LiH,2.0,51,1,"[[""S"",[1,3]],[""D"",[1,2,3,5]],[""D"",[1,2,3,4]],[""D"",[1,2,4,5]]]",-7.830905599346486,-7.832221985843114,0.0013163864966285743,70,2,4,1,3,4
2026-09-v3-pauli-factor-graph,LiH,2.0,51,2,"[[""S"",[0,4]],[""D"",[1,3,2,4]],[""D"",[0,1,2,4]],[""D"",[0,4,2,5]]]",-7.830905199194194,-7.832221985843114,0.0013167866489203206,70,2,4,1,3,4
2026-09-v3-pauli-factor-graph,LiH,2.0,51,3,"[[""D"",[0,1,2,3]],[""S"",[1,5]],[""D"",[0,3,1,4]]]",-7.831466872510937,-7.832221985843114,0.0007551133321772596,70,2,3,1,2,3
2026-09-v3-pauli-factor-graph,LiH,2.0,51,4,"[[""S"",[0,2]],[""D"",[0,1,3,4]],[""D"",[1,2,3,4]],[""S"",[0,1]]]",-7.830905310612941,-7.832221985843114,0.0013166752301732032,70,2,4,2,2,4
2026-09-v3-pauli-factor-graph,LiH,2.0,51,5,"[[""S"",[1,3]],[""D"",[0,3,4,5]],[""D"",[0,3,2,5]]]",-7.831643070753491,-7.832221985843114,0.0005789150896235995,70,2,3,1,2,3
2026-09-v3-pauli-factor-graph,LiH,2.0,51,6,"[[""D"",[0,1,2,3]],[""D"",[2,4,3,5]],[""D"",[0,2,1,5]],[""S"",[2,3]],[""S"",[0,1]]]",-7.831467064876748,-7.832221985843114,0.0007549209663659795,70,2,5,2,3,5
2026-09-v3-pauli-factor-graph,LiH,2.0,51,7,"[[""S"",[1,5]],[""D"",[1,4,3,5]],[""D"",[1,4,2,5]],[""D"",[0,4,1,5]],[""D"",[0,1,3,5]]]",-7.83090523979711,-7.832221985843114,0.0013167460460046243,70,2,5,1,4,5
2026-09-v3-pauli-factor-graph,LiH,2.0,51,8,"[[""S"",[0,2]],[""D"",[0,2,3,4]],[""D"",[0,2,1,5]],[""S"",[2,4]],[""S"",[3,5]],[""S"",[0,3]],[""D"",[1,4,3,5]]]",-7.830905568108952,-7.832221985843114,0.0013164177341620231,70,2,7,4,3,7
2026-09-v3-pauli-factor-graph,LiH,2.0,51,9,"[[""D"",[0,1,2,3]],[""D"",[0,2,1,3]],[""D"",[0,4,1,5]]]",-7.8314662424983155,-7.832221985843114,0.000755743344798887,70,2,3,0,3,3
2026-09-v3-pauli-factor-graph,LiH,2.0,51,10,"[[""S"",[0,4]],[""S"",[1,4]],[""D"",[0,1,2,4]]]",-7.830905397182875,-7.832221985843114,0.0013165886602397592,70,2,3,2,1,3
2026-09-v3-pauli-factor-graph,LiH,2.0,51,11,"[[""S"",[1,5]],[""D"",[0,1,2,3]],[""D"",[0,3,2,5]],[""D"",[0,1,4,5]],[""S"",[3,4]]]",-7.832120517625399,-7.832221985843114,0.00010146821771517267,70,2,5,2,3,5
2026-09-v3-pauli-factor-graph,LiH,2.0,51,12,"[[""D"",[0,1,2,3]],[""D"",[0,1,4,5]],[""S"",[1,3]],[""D"",[0,3,2,4]],[""D"",[0,3,4,5]]]",-7.832172667735969,-7.832221985843114,4.931810714570162e-05,70,2,5,1,4,5
2026-09-v3-pauli-factor-graph,LiH,2.0,51,13,"[[""S"",[1,3]],[""S"",[0,2]],[""D"",[1,4,2,5]],[""D"",[0,3,4,5]],[""D"",[0,2,1,5]],[""D"",[0,2,1,3]],[""S"",[1,2]],[""S"",[2,5]]]",-7.83165471994628,-7.832221985843114,0.0005672658968345345,70,2,8,4,4,8
2026-09-v3-pauli-factor-graph,LiH,2.0,51,14,"[[""S"",[0,4]],[""D"",[0,1,2,5]],[""D"",[0,3,1,5]]]",-7.83090514256333,-7.832221985843114,0.001316843279784763,70,2,3,1,2,3
2026-09-v3-pauli-factor-graph,LiH,2.0,51,15,"[[""D"",[0,1,2,3]],[""D"",[0,2,1,5]],[""D"",[2,4,3,5]],[""D"",[0,1,3,5]]]",-7.831467332618191,-7.832221985843114,0.0007546532249236293,70,2,4,0,4,4
2026-09-v3-pauli-factor-graph,LiH,2.0,51,16,"[[""S"",[0,2]],[""D"",[2,4,3,5]],[""D"",[1,2,4,5]],[""D"",[0,1,3,5]]]",-7.831642694081286,-7.832221985843114,0.0005792917618281379,70,2,4,1,3,4
2026-09-v3-pauli-factor-graph,LiH,2.0,51,17,"[[""S"",[1,3]],[""D"",[0,4,3,5]],[""S"",[0,5]],[""D"",[1,2,3,4]],[""S"",[0,3]],[""S"",[1,4]],[""D"",[0,1,2,5]]]",-7.830905177010058,-7.832221985843114,0.0013168088330566263,70,2,7,4,3,7
2026-09-v3-pauli-factor-graph,LiH,2.0,79,0,"[[""D"",[0,1,2,3]],[""D"",[1,2,4,5]],[""S"",[0,4]]]",-7.831467235227648,-7.832221985843114,0.0007547506154663708,70,2,3,1,2,3
2026-09-v3-pauli-factor-graph,LiH,2.0,79,1,"[[""S"",[1,3]],[""S"",[4,5]],[""S"",[0,2]],[""D"",[0,2,3,4]],[""S"",[0,4]],[""D"",[1,3,2,5]],[""S"",[1,2]],[""S"",[1,3]]]",-7.830905067812366,-7.832221985843114,0.001316918030748404,70,2,8,6,2,8
2026-09-v3-pauli-factor-graph,LiH,2.0,79,2,"[[""S"",[0,4]],[""D"",[0,2,1,3]],[""D"",[0,3,4,5]],[""S"",[0,5]],[""D"",[0,2,3,4]]]",-7.830905574556394,-7.832221985843114,0.0013164112867203315,70,2,5,2,3,5
2026-09-v3-pauli-factor-graph,LiH,2.0,79,3,"[[""D"",[0,1,2,3]],[""D"",[0,1,3,5]],[""D"",[1,2,3,4]],[""D"",[0,2,3,4]],[""S"",[0,4]],[""S"",[1,2]]]",-7.8314667436543655,-7.832221985843114,0.0007552421887488947,70,2,6,2,4,6
2026-09-v3-pauli-factor-graph,LiH,2.0,79,4,"[[""S"",[0,2]],[""D"",[1,4,3,5]],[""D"",[1,4,3,5]],[""D"",[1,3,4,5]],[""S"",[0,3]],[""S"",[0,4]],[""D"",[1,2,4,5]],[""S"",[1,5]]]",-7.831642627124789,-7.832221985843114,0.0005793587183253734,70,2,8,4,4,8
2026-09-v3-pauli-factor-graph,LiH,2.0,79,5,"[[""S"",[1,3]],[""S"",[3,4]],[""D"",[0,2,1,5]],[""D"",[1,4,3,5]],[""D"",[2,3,4,5]],[""D"",[0,3,4,5]],[""S"",[0,1]],[""S"",[0,3]]]",-7.831642799261214,-7.832221985843114,0.0005791865819002595,70,2,8,4,4,8
2026-09-v3-pauli-factor-graph,LiH,2.0,79,6,"[[""D"",[0,1,2,3]],[""S"",[0,4]],[""D"",[1,3,4,5]],[""D"",[1,3,4,5]],[""S"",[0,3]]]",-7.831466976245884,-7.832221985843114,0.000755009597230405,70,2,5,2,3,5
2026-09-v3-pauli-factor-graph,LiH,2.0,79,7,"[[""S"",[1,5]],[""S"",[3,4]],[""D"",[2,3,4,5]],[""D"",[0,3,4,5]],[""D"",[0,3,4,5]],[""D"",[0,2,1,3]]]",-7.830905610084502,-7.832221985843114,0.0013163757586127645,70,2,6,2,4,6
2026-09-v3-pauli-factor-graph,LiH,2.0,79,8,"[[""S"",[0,2]],[""D"",[0,4,1,5]],[""D"",[0,3,1,4]]]",-7.830905528956625,-7.832221985843114,0.0013164568864896253,70,2,3,1,2,3
2026-09-v3-pauli-factor-graph,LiH,2.0,79,9,"[[""D"",[0,1,2,3]],[""D"",[1,4,2,5]],[""S"",[0,2]],[""D"",[1,4,2,5]],[""D"",[0,1,3,5]],[""D"",[1,2,3,4]],[""D"",[0,3,2,4]],[""D"",[1,4,3,5]]]",-7.83150515623238,-7.832221985843114,0.0007168296107344929,70,2,8,1,7,8
2026-09-v3-pauli-factor-graph,LiH,2.0,79,10,"[[""S"",[0,4]],[""D"",[0,2,3,4]],[""S"",[2,3]],[""S"",[1,4]],[""D"",[0,2,3,5]]]",-7.830905597900357,-7.832221985843114,0.0013163879427571246,70,2,5,3,2,5
2026-09-v3-pauli-factor-graph,LiH,2.0,79,11,"[[""S"",[1,5]],[""D"",[1,2,3,5]],[""D"",[0,3,1,5]],[""S"",[2,4]],[""D"",[1,3,2,5]],[""D"",[0,1,2,3]]]",-7.831467295124866,-7.832221985843114,0.0007546907182485185,70,2,6,2,4,6
2026-09-v3-pauli-factor-graph,LiH,2.0,79,12,"[[""D"",[0,1,2,3]],[""D"",[2,4,3,5]],[""D"",[0,1,4,5]],[""D"",[2,4,3,5]],[""D"",[1,2,3,4]],[""S"",[0,3]]]",-7.832120563844483,-7.832221985843114,0.00010142199863150125,70,2,6,1,5,6
2026-09-v3-pauli-factor-graph,LiH,2.0,79,13,"[[""S"",[1,3]],[""D"",[0,1,2,5]],[""D"",[1,3,2,4]],[""D"",[0,2,4,5]],[""D"",[0,1,2,5]],[""S"",[0,1]],[""D"",[0,3,1,5]],[""S"",[1,5]]]",-7.830905452425981,-7.832221985843114,0.0013165334171336696,70,2,8,3,5,8
2026-09-v3-pauli-factor-graph,LiH,2.0,79,14,"[[""S"",[0,4]],[""D"",[1,2,3,5]],[""D"",[1,3,2,4]]]",-7.830905583297894,-7.832221985843114,0.0013164025452203632,70,2,3,1,2,3
2026-09-v3-pauli-factor-graph,LiH,2.0,79,15,"[[""D"",[0,1,2,3]],[""S"",[0,5]],[""S"",[0,1]],[""D"",[0,2,3,4]],[""D"",[1,2,3,5]]]",-7.831466899870317,-7.832221985843114,0.0007550859727976089,70,2,5,2,3,5
2026-09-v3-pauli-factor-graph,LiH,2.0,79,16,"[[""S"",[0,2]],[""S"",[0,1]],[""D"",[0,2,3,4]],[""D"",[1,3,4,5]],[""S"",[1,4]],[""D"",[1,3,2,4]]]",-7.830905515398129,-7.832221985843114,0.0013164704449852849,70,2,6,3,3,6
2026-09-v3-pauli-factor-graph,LiH,2.0,79,17,"[[""S"",[1,3]],[""D"",[0,1,2,5]],[""D"",[1,3,2,4]],[""D"",[0,4,2,5]],[""D"",[0,2,3,4]],[""D"",[0,1,2,4]],[""D"",[0,3,1,4]]]",-7.830905174931291,-7.832221985843114,0.0013168109118231186,70,2,7,1,6,7
2026-09-v3-pauli-factor-graph,LiH,2.4,11,0,"[[""D"",[0,1,2,3]],[""D"",[1,2,3,4]],[""D"",[0,3,1,4]]]",-7.784924845290697,-7.785972944186938,0.001048098896240468,70,2,3,0,3,3
2026-09-v3-pauli-factor-graph,LiH,2.4,11,1,"[[""S"",[1,3]],[""D"",[0,4,2,5]],[""S"",[0,2]],[""D"",[0,1,3,4]],[""S"",[1,3]],[""D"",[0,2,1,4]]]",-7.78338080418135,-7.785972944186938,0.0025921400055874955,70,2,6,3,3,6
2026-09-v3-pauli-factor-graph,LiH,2.4,11,2,"[[""S"",[0,4]],[""S"",[0,4]],[""D"",[0,3,1,5]],[""S"",[1,2]],[""D"",[0,3,4,5]],[""D"",[1,4,3,5]],[""D"",[2,4,3,5]],[""D"",[0,2,3,4]]]",-7.783381643516274,-7.785972944186938,0.0025913006706632657,70,2,8,3,5,8
2026-09-v3-pauli-factor-graph,LiH,2.4,11,3,"[[""D"",[0,1,2,3]],[""S"",[1,3]],[""D"",[0,1,3,5]],[""D"",[0,1,2,5]],[""D"",[0,2,3,5]],[""D"",[2,4,3,5]],[""S"",[3,4]],[""D"",[1,3,2,5]]]",-7.785130456387703,-7.785972944186938,0.0008424877992343482,70,2,8,2,6,8
2026-09-v3-pauli-factor-graph,LiH,2.4,11,4,"[[""S"",[0,2]],[""D"",[1,2,3,4]],[""S"",[2,5]]]",-7.783381662121262,-7.785972944186938,0.002591282065675493,70,2,3,2,1,3
2026-09-v3-pauli-factor-graph,LiH,2.4,11,5,"[[""S"",[1,3]],[""D"",[0,1,3,5]],[""D"",[1,4,3,5]],[""D"",[1,3,2,4]],[""D"",[1,2,3,5]],[""D"",[0,3,1,5]],[""D"",[2,4,3,5]]]",-7.783381520702228,-7.785972944186938,0.00259142348470931,70,2,7,1,6,7
2026-09-v3-pauli-factor-graph,LiH,2.4,11,6,"[[""D"",[0,1,2,3]],[""S"",[2,3]],[""S"",[3,5]],[""D"",[0,3,1,5]],[""D"",[1,2,3,5]],[""D"",[0,1,3,4]],[""D"",[2,4,3,5]],[""D"",[0,1,2,3]]]",-7.784924908168824,-7.785972944186938,0.0010480360181137627,70,2,8,2,6,8
2026-09-v3-pauli-factor-graph,LiH,2.4,11,7,"[[""S"",[1,5]],[""D"",[0,4,2,5]],[""S"",[2,4]],[""D"",[0,4,1,5]],[""D"",[1,3,2,4]],[""D"",[1,2,4,5]],[""D"",[1,2,4,5]],[""D"",[2,3,4,5]]]",-7.783381651212537,-7.785972944186938,0.0025912929744009716,70,2,8,2,6,8
2026-09-v3-pauli-factor-graph,LiH,2.4,11,8,"[[""S"",[0,2]],[""D"",[0,1,3,4]],[""D"",[0,3,2,5]]]",-7.783381605526456,-7.785972944186938,0.002591338660481668,70,2,3,1,2,3
2026-09-v3-pauli-factor-graph,LiH,2.4,11,9,"[[""D"",[0,1,2,3]],[""S"",[0,4]],[""D"",[2,3,4,5]],[""D"",[1,4,2,5]]]",-7.785502544011708,-7.785972944186938,0.0004704001752298126,70,2,4,1,3,4
2026-09-v3-pauli-factor-graph,LiH,2.4,11,10,"[[""S"",[0,4]],[""S"",[2,4]],[""S"",[1,3]],[""D"",[1,3,2,5]]]",-7.783381602929784,-7.785972944186938,0.0025913412571538785,70,2,4,3,1,4
2026-09-v3-pauli-factor-graph,LiH,2.4,11,11,"[[""S"",[1,5]],[""S"",[2,3]],[""D"",[0,1,4,5]],[""D"",[1,4,2,5]],[""D"",[2,4,3,5]],[""S"",[2,3]],[""D"",[0,2,3,4]]]",-7.784105137964655,-7.785972944186938,0.001867806222282553,70,2,7,3,4,7
2026-09-v3-pauli-factor-graph,LiH,2.4,11,12,"[[""D"",[0,1,2,3]],[""S"",[2,3]],[""D"",[0,1,2,5]]]",-7.784925212725823,-7.785972944186938,0.0010477314611145871,70,2,3,1,2,3
2026-09-v3-pauli-factor-graph,LiH,2.4,11,13,"[[""S"",[1,3]],[""D"",[0,1,3,4]],[""D"",[0,1,2,3]],[""D"",[1,4,2,5]],[""D"",[0,3,2,4]]]",-7.785153496896835,-7.785972944186938,0.0008194472901026373,70,2,5,1,4,5
2026-09-v3-pauli-factor-graph,LiH,2.4,11,14,"[[""S"",[0,4]],[""D"",[0,1,2,3]],[""D"",[1,4,2,5]],[""S"",[0,1]],[""S"",[3,5]],[""S"",[1,4]],[""S"",[0,1]]]",-7.784925010036312,-7.785972944186938,0.0010479341506259843,70,2,7,5,2,7
2026-09-v3-pauli-factor-graph,LiH,2.4,11,15,"[[""D"",[0,1,2,3]],[""D"",[0,2,1,5]],[""D"",[1,3,2,4]],[""D"",[0,2,4,5]],[""D"",[1,3,2,5]],[""S"",[0,3]],[""D"",[0,3,1,4]],[""S"",[0,2]]]",-7.78512989853749,-7.785972944186938,0.0008430456494474825,70,2,8,2,6,8
2026-09-v3-pauli-factor-graph,LiH,2.4,11,16,"[[""S"",[0,2]],[""S"",[0,4]],[""D"",[0,4,1,5]],[""S"",[0,1]]]",-7.783381644409182,-7.785972944186938,0.002591299777755296,70,2,4,3,1,4
2026-09-v3-pauli-factor-graph,LiH,2.4,11,17,"[[""S"",[1,3]],[""S"",[4,5]],[""S"",[3,5]],[""S"",[0,5]]]",-7.783381627268856,-7.785972944186938,0.0025913169180817874,70,2,4,4,0,4
2026-09-v3-pauli-factor-graph,LiH,2.4,23,0,"[[""D"",[0,1,2,3]],[""D"",[0,1,2,5]],[""D"",[0,3,2,4]]]",-7.784925068736795,-7.785972944186938,0.0010478754501423992,70,2,3,0,3,3
2026-09-v3-pauli-factor-graph,LiH,2.4,23,1,"[[""S"",[1,3]],[""D"",[0,2,3,4]],[""S"",[1,2]],[""S"",[1,2]]]",-7.783381635296778,-7.785972944186938,0.0025913088901594605,70,2,4,3,1,4
2026-09-v3-pauli-factor-graph,LiH,2.4,23,2,"[[""S"",[0,4]],[""D"",[1,3,2,5]],[""D"",[0,1,2,5]],[""S"",[2,3]],[""S"",[2,3]],[""S"",[2,3]]]",-7.783381410137339,-7.785972944186938,0.002591534049598998,70,2,6,4,2,6
2026-09-v3-pauli-factor-graph,LiH,2.4,23,3,"[[""D"",[0,1,2,3]],[""D"",[0,4,3,5]],[""D"",[0,1,3,4]]]",-7.784924171202081,-7.785972944186938,0.0010487729848565053,70,2,3,0,3,3
2026-09-v3-pauli-factor-graph,LiH,2.4,23,4,"[[""S"",[0,2]],[""D"",[0,4,2,5]],[""D"",[0,1,2,3]],[""D"",[0,1,3,4]],[""S"",[0,3]],[""S"",[1,5]],[""D"",[0,2,1,5]]]",-7.785152886004065,-7.785972944186938,0.0008200581828727849,70,2,7,3,4,7
2026-09-v3-pauli-factor-graph,LiH,2.4,23,5,"[[""S"",[1,3]],[""S"",[0,1]],[""D"",[0,1,2,4]]]",-7.783381610745925,-7.785972944186938,0.0025913334410123667,70,2,3,2,1,3
2026-09-v3-pauli-factor-graph,LiH,2.4,23,6,"[[""D"",[0,1,2,3]],[""S"",[4,5]],[""D"",[0,3,2,5]]]",-7.784925015020615,-7.785972944186938,0.0010479291663223478,70,2,3,1,2,3
2026-09-v3-pauli-factor-graph,LiH,2.4,23,7,"[[""S"",[1,5]],[""S"",[0,3]],[""D"",[0,3,4,5]]]",-7.783381593547987,-7.785972944186938,0.0025913506389505514,70,2,3,2,1,3
2026-09-v3-pauli-factor-graph,LiH,2.4,23,8,"[[""S"",[0,2]],[""S"",[3,4]],[""D"",[0,2,3,5]],[""S"",[3,5]]]",-7.783381632358519,-7.785972944186938,0.002591311828418874,70,2,4,3,1,4
2026-09-v3-pauli-factor-graph,LiH,2.4,23,9,"[[""D"",[0,1,2,3]],[""D"",[1,3,2,5]],[""S"",[0,5]],[""D"",[1,4,3,5]],[""D"",[0,2,1,5]],[""S"",[0,1]]]",-7.785152626099766,-7.785972944186938,0.0008203180871717564,70,2,6,2,4,6
2026-09-v3-pauli-factor-graph,LiH,2.4,23,10,"[[""S"",[0,4]],[""D"",[0,4,3,5]],[""S"",[2,5]],[""S"",[1,4]]]",-7.783381475687869,-7.785972944186938,0.002591468499068661,70,2,4,3,1,4
2026-09-v3-pauli-factor-graph,LiH,2.4,23,11,"[[""S"",[1,5]],[""D"",[0,4,3,5]],[""S"",[0,1]],[""D"",[1,3,2,5]],[""D"",[0,4,1,5]],[""D"",[1,4,3,5]]]",-7.783381606358223,-7.785972944186938,0.0025913378287150124,70,2,6,2,4,6
2026-09-v3-pauli-factor-graph,LiH,2.4,23,12,"[[""D"",[0,1,2,3]],[""S"",[0,5]],[""D"",[1,3,2,5]]]",-7.7849251968886355,-7.785972944186938,0.0010477472983021485,70,2,3,1,2,3
2026-09-v3-pauli-factor-graph,LiH,2.4,23,13,"[[""S"",[1,3]],[""S"",[1,4]],[""S"",[2,4]],[""D"",[0,1,4,5]],[""S"",[1,4]],[""D"",[0,1,4,5]],[""D"",[0,3,1,4]],[""D"",[1,2,3,4]]]",-7.784108688068204,-7.785972944186938,0.0018642561187336426,70,2,8,4,4,8
2026-09-v3-pauli-factor-graph,LiH,2.4,23,14,"[[""S"",[0,4]],[""D"",[0,2,1,5]],[""D"",[0,2,1,4]],[""D"",[0,3,2,5]],[""S"",[2,5]],[""S"",[1,2]],[""D"",[0,1,2,3]]]",-7.784924998755137,-7.785972944186938,0.0010479454318002013,70,2,7,3,4,7
2026-09-v3-pauli-factor-graph,LiH,2.4,23,15,"[[""D"",[0,1,2,3]],[""D"",[0,1,3,4]],[""D"",[1,3,2,4]],[""D"",[1,2,3,5]],[""S"",[0,3]],[""D"",[0,4,2,5]],[""S"",[0,2]],[""D"",[1,2,3,4]]]",-7.78513210822545,-7.785972944186938,0.0008408359614877625,70,2,8,2,6,8
2026-09-v3-pauli-factor-graph,LiH,2.4,23,16,"[[""S"",[0,2]],[""D"",[2,3,4,5]],[""S"",[0,5]]]",-7.78338159653558,-7.785972944186938,0.0025913476513572675,70,2,3,2,1,3
2026-09-v3-pauli-factor-graph,LiH,2.4,23,17,"[[""S"",[1,3]],[""D"",[0,4,1,5]],[""S"",[4,5]]]",-7.783381641088858,-7.785972944186938,0.002591303098079756,70,2,3,2,1,3
2026-09-v3-pauli-factor-graph,LiH,2.4,37,0,"[[""D"",[0,1,2,3]],[""D"",[0,3,2,4]],[""D"",[0,2,3,5]]]",-7.784924718118112,-7.785972944186938,0.0010482260688258194,70,2,3,0,3,3
2026-09-v3-pauli-factor-graph,LiH,2.4,37,1,"[[""S"",[1,3]],[""D"",[1,3,4,5]],[""D"",[0,2,4,5]],[""S"",[3,4]]]",-7.783381652025456,-7.785972944186938,0.002591292161481462,70,2,4,2,2,4
2026-09-v3-pauli-factor-graph,LiH,2.4,37,2,"[[""S"",[0,4]],[""D"",[0,2,1,5]],[""D"",[1,4,3,5]],[""D"",[2,4,3,5]]]",-7.783381660472501,-7.785972944186938,0.0025912837144366208,70,2,4,1,3,4
2026-09-v3-pauli-factor-graph,LiH,2.4,37,3,"[[""D"",[0,1,2,3]],[""S"",[0,1]],[""S"",[1,5]],[""D"",[0,1,4,5]]]",-7.785502397858483,-7.785972944186938,0.00047054632845444644,70,2,4,2,2,4
2026-09-v3-pauli-factor-graph,LiH,2.4,37,4,"[[""S"",[0,2]],[""D"",[1,3,2,5]],[""D"",[0,2,4,5]]]",-7.783381659762888,-7.785972944186938,0.0025912844240494337,70,2,3,1,2,3
2026-09-v3-pauli-factor-graph,LiH,2.4,37,5,"[[""S"",[1,3]],[""S"",[2,5]],[""D"",[0,1,3,4]],[""S"",[1,2]],[""D"",[0,2,4,5]],[""D"",[0,2,4,5]],[""D"",[1,2,3,5]]]",-7.784110313601348,-7.785972944186938,0.0018626305855899972,70,2,7,3,4,7
2026-09-v3-pauli-factor-graph,LiH,2.4,37,6,"[[""D"",[0,1,2,3]],[""S"",[3,4]],[""S"",[3,5]],[""D"",[0,2,4,5]]]",-7.784925236241236,-7.785972944186938,0.001047707945701859,70,2,4,2,2,4
2026-09-v3-pauli-factor-graph,LiH,2.4,37,7,"[[""S"",[1,5]],[""S"",[2,3]],[""S"",[3,5]],[""S"",[2,5]],[""D"",[0,3,1,4]],[""S"",[1,3]]]",-7.78338165547971,-7.785972944186938,0.0025912887072276902,70,2,6,5,1,6
2026-09-v3-pauli-factor-graph,LiH,2.4,37,8,"[[""S"",[0,2]],[""D"",[0,1,2,4]],[""S"",[3,4]],[""D"",[2,4,3,5]],[""D"",[0,2,3,4]],[""D"",[0,4,3,5]]]",-7.785150342150779,-7.785972944186938,0.0008226020361590258,70,2,6,2,4,6
2026-09-v3-pauli-factor-graph,LiH,2.4,37,9,"[[""D"",[0,1,2,3]],[""D"",[0,3,4,5]],[""S"",[4,5]],[""D"",[0,1,2,4]],[""S"",[0,1]]]",-7.78492446604546,-7.785972944186938,0.0010484781414774602,70,2,5,2,3,5
2026-09-v3-pauli-factor-graph,LiH,2.4,37,10,"[[""S"",[0,4]],[""S"",[2,4]],[""S"",[0,5]],[""D"",[0,2,3,5]]]",-7.783381588143753,-7.785972944186938,0.0025913560431849447,70,2,4,3,1,4
2026-09-v3-pauli-factor-graph,LiH,2.4,37,11,"[[""S"",[1,5]],[""D"",[1,2,3,4]],[""D"",[1,2,3,5]],[""D"",[0,1,2,4]],[""D"",[0,2,1,5]]]",-7.7833814977428615,-7.785972944186938,0.002591446444076162,70,2,5,1,4,5
2026-09-v3-pauli-factor-graph,LiH,2.4,37,12,"[[""D"",[0,1,2,3]],[""S"",[2,5]],[""D"",[1,3,2,4]]]",-7.784925181215877,-7.785972944186938,0.0010477629710603509,70,2,3,1,2,3
2026-09-v3-pauli-factor-graph,LiH,2.4,37,13,"[[""S"",[1,3]],[""D"",[0,1,4,5]],[""D"",[0,2,1,5]],[""D"",[0,4,3,5]]]",-7.784110728248653,-7.785972944186938,0.0018622159382850612,70,2,4,1,3,4
2026-09-v3-pauli-factor-graph,LiH,2.4,37,14,"[[""S"",[0,4]],[""D"",[0,1,2,5]],[""S"",[0,1]],[""S"",[0,4]],[""D"",[1,3,2,5]],[""D"",[0,4,2,5]],[""D"",[0,2,1,4]],[""D"",[1,3,4,5]]]",-7.784102079240967,-7.785972944186938,0.0018708649459702187,70,2,8,3,5,8
2026-09-v3-pauli-factor-graph,LiH,2.4,37,15,"[[""D"",[0,1,2,3]],[""S"",[2,4]],[""D"",[2,3,4,5]],[""S"",[0,2]],[""S"",[3,5]],[""D"",[0,2,1,3]],[""D"",[1,2,4,5]]]",-7.785755356157398,-7.785972944186938,0.00021758802953986134,70,2,7,3,4,7
2026-09-v3-pauli-factor-graph,LiH,2.4,37,16,"[[""S"",[0,2]],[""D"",[2,3,4,5]],[""D"",[0,1,2,5]],[""D"",[0,3,1,5]],[""D"",[0,3,2,4]],[""D"",[1,2,3,4]],[""D"",[1,2,3,4]]]",-7.783381527381141,-7.785972944186938,0.0025914168057967757,70,2,7,1,6,7
2026-09-v3-pauli-factor-graph,LiH,2.4,37,17,"[[""S"",[1,3]],[""S"",[0,2]],[""S"",[1,5]],[""S"",[2,5]],[""S"",[3,4]],[""S"",[1,2]],[""S"",[3,5]]]",-7.783381587909295,-7.785972944186938,0.0025913562776427312,70,2,7,7,0,7
2026-09-v3-pauli-factor-graph,LiH,2.4,51,0,"[[""D"",[0,1,2,3]],[""D"",[1,4,3,5]],[""S"",[3,5]],[""D"",[0,1,2,3]],[""S"",[2,5]]]",-7.784924858834067,-7.785972944186938,0.001048085352870487,70,2,5,2,3,5
2026-09-v3-pauli-factor-graph,LiH,2.4,51,1,"[[""S"",[1,3]],[""D"",[1,2,3,5]],[""D"",[1,2,3,4]],[""D"",[1,2,4,5]]]",-7.78338165504806,-7.785972944186938,0.0025912891388779613,70,2,4,1,3,4
2026-09-v3-pauli-factor-graph,LiH,2.4,51,2,"[[""S"",[0,4]],[""D"",[1,3,2,4]],[""D"",[0,1,2,4]],[""D"",[0,4,2,5]]]",-7.7833813014308495,-7.785972944186938,0.0025916427560881417,70,2,4,1,3,4
2026-09-v3-pauli-factor-graph,LiH,2.4,51,3,"[[""D"",[0,1,2,3]],[""S"",[1,5]],[""D"",[0,3,1,4]]]",-7.784925144213546,-7.785972944186938,0.001047799973391328,70,2,3,1,2,3
2026-09-v3-pauli-factor-graph,LiH,2.4,51,4,"[[""S"",[0,2]],[""D"",[0,1,3,4]],[""D"",[1,2,3,4]],[""S"",[0,1]]]",-7.783381536307829,-7.785972944186938,0.0025914078791089423,70,2,4,2,2,4
2026-09-v3-pauli-factor-graph,LiH,2.4,51,5,"[[""S"",[1,3]],[""D"",[0,3,4,5]],[""D"",[0,3,2,5]]]",-7.784110526445743,-7.785972944186938,0.0018624177411945553,70,2,3,1,2,3
2026-09-v3-pauli-factor-graph,LiH,2.4,51,6,"[[""D"",[0,1,2,3]],[""D"",[2,4,3,5]],[""D"",[0,2,1,5]],[""S"",[2,3]],[""S"",[0,1]]]",-7.784924614134479,-7.785972944186938,0.0010483300524590788,70,2,5,2,3,5
2026-09-v3-pauli-factor-graph,LiH,2.4,51,7,"[[""S"",[1,5]],[""D"",[1,4,3,5]],[""D"",[1,4,2,5]],[""D"",[0,4,1,5]],[""D"",[0,1,3,5]]]",-7.7833813328541,-7.785972944186938,0.0025916113328374735,70,2,5,1,4,5
2026-09-v3-pauli-factor-graph,LiH,2.4,51,8,"[[""S"",[0,2]],[""D"",[0,2,3,4]],[""D"",[0,2,1,5]],[""S"",[2,4]],[""S"",[3,5]],[""S"",[0,3]],[""D"",[1,4,3,5]]]",-7.783381634653539,-7.785972944186938,0.0025913095333987,70,2,7,4,3,7
2026-09-v3-pauli-factor-graph,LiH,2.4,51,9,"[[""D"",[0,1,2,3]],[""D"",[0,2,1,3]],[""D"",[0,4,1,5]]]",-7.784924992782422,-7.785972944186938,0.0010479514045158567,70,2,3,0,3,3
2026-09-v3-pauli-factor-graph,LiH,2.4,51,10,"[[""S"",[0,4]],[""S"",[1,4]],[""D"",[0,1,2,4]]]",-7.783381501774455,-7.785972944186938,0.0025914424124824365,70,2,3,2,1,3
2026-09-v3-pauli-factor-graph,LiH,2.4,51,11,"[[""S"",[1,5]],[""D"",[0,1,2,3]],[""D"",[0,3,2,5]],[""D"",[0,1,4,5]],[""S"",[3,4]]]",-7.785502786566332,-7.785972944186938,0.000470157620605427,70,2,5,2,3,5
2026-09-v3-pauli-factor-graph,LiH,2.4,51,12,"[[""D"",[0,1,2,3]],[""D"",[0,1,4,5]],[""S"",[1,3]],[""D"",[0,3,2,4]],[""D"",[0,3,4,5]]]",-7.785763461452219,-7.785972944186938,0.00020948273471876888,70,2,5,1,4,5
2026-09-v3-pauli-factor-graph,LiH,2.4,51,13,"[[""S"",[1,3]],[""S"",[0,2]],[""D"",[1,4,2,5]],[""D"",[0,3,4,5]],[""D"",[0,2,1,5]],[""D"",[0,2,1,3]],[""S"",[1,2]],[""S"",[2,5]]]",-7.784134614164053,-7.785972944186938,0.0018383300228848043,70,2,8,4,4,8
2026-09-v3-pauli-factor-graph,LiH,2.4,51,14,"[[""S"",[0,4]],[""D"",[0,1,2,5]],[""D"",[0,3,1,5]]]",-7.783381557558486,-7.785972944186938,0.0025913866284517084,70,2,3,1,2,3
2026-09-v3-pauli-factor-graph,LiH,2.4,51,15,"[[""D"",[0,1,2,3]],[""D"",[0,2,1,5]],[""D"",[2,4,3,5]],[""D"",[0,1,3,5]]]",-7.784925266232981,-7.785972944186938,0.0010476779539567715,70,2,4,0,4,4
2026-09-v3-pauli-factor-graph,LiH,2.4,51,16,"[[""S"",[0,2]],[""D"",[2,4,3,5]],[""D"",[1,2,4,5]],[""D"",[0,1,3,5]]]",-7.7841103773575435,-7.785972944186938,0.0018625668293941189,70,2,4,1,3,4
2026-09-v3-pauli-factor-graph,LiH,2.4,51,17,"[[""S"",[1,3]],[""D"",[0,4,3,5]],[""S"",[0,5]],[""D"",[1,2,3,4]],[""S"",[0,3]],[""S"",[1,4]],[""D"",[0,1,2,5]]]",-7.783381368257279,-7.785972944186938,0.0025915759296584184,70,2,7,4,3,7
2026-09-v3-pauli-factor-graph,LiH,2.4,79,0,"[[""D"",[0,1,2,3]],[""D"",[1,2,4,5]],[""S"",[0,4]]]",-7.784924573654321,-7.785972944186938,0.0010483705326169712,70,2,3,1,2,3
2026-09-v3-pauli-factor-graph,LiH,2.4,79,1,"[[""S"",[1,3]],[""S"",[4,5]],[""S"",[0,2]],[""D"",[0,2,3,4]],[""S"",[0,4]],[""D"",[1,3,2,5]],[""S"",[1,2]],[""S"",[1,3]]]",-7.783381562575414,-7.785972944186938,0.002591381611523502,70,2,8,6,2,8
2026-09-v3-pauli-factor-graph,LiH,2.4,79,2,"[[""S"",[0,4]],[""D"",[0,2,1,3]],[""D"",[0,3,4,5]],[""S"",[0,5]],[""D"",[0,2,3,4]]]",-7.783381632229999,-7.785972944186938,0.0025913119569382914,70,2,5,2,3,5
2026-09-v3-pauli-factor-graph,LiH,2.4,79,3,"[[""D"",[0,1,2,3]],[""D"",[0,1,3,5]],[""D"",[1,2,3,4]],[""D"",[0,2,3,4]],[""S"",[0,4]],[""S"",[1,2]]]",-7.784924697669521,-7.785972944186938,0.001048246517416196,70,2,6,2,4,6
2026-09-v3-pauli-factor-graph,LiH,2.4,79,4,"[[""S"",[0,2]],[""D"",[1,4,3,5]],[""D"",[1,4,3,5]],[""D"",[1,3,4,5]],[""S"",[0,3]],[""S"",[0,4]],[""D"",[1,2,4,5]],[""S"",[1,5]]]",-7.784110147052289,-7.785972944186938,0.0018627971346489858,70,2,8,4,4,8
2026-09-v3-pauli-factor-graph,LiH,2.4,79,5,"[[""S"",[1,3]],[""S"",[3,4]],[""D"",[0,2,1,5]],[""D"",[1,4,3,5]],[""D"",[2,3,4,5]],[""D"",[0,3,4,5]],[""S"",[0,1]],[""S"",[0,3]]]",-7.78410985566618,-7.785972944186938,0.001863088520758005,70,2,8,4,4,8
2026-09-v3-pauli-factor-graph,LiH,2.4,79,6,"[[""D"",[0,1,2,3]],[""S"",[0,4]],[""D"",[1,3,4,5]],[""D"",[1,3,4,5]],[""S"",[0,3]]]",-7.784925177183296,-7.785972944186938,0.0010477670036417308,70,2,5,2,3,5
2026-09-v3-pauli-factor-graph,LiH,2.4,79,7,"[[""S"",[1,5]],[""S"",[3,4]],[""D"",[2,3,4,5]],[""D"",[0,3,4,5]],[""D"",[0,3,4,5]],[""D"",[0,2,1,3]]]",-7.783381663450943,-7.785972944186938,0.002591280735994239,70,2,6,2,4,6
2026-09-v3-pauli-factor-graph,LiH,2.4,79,8,"[[""S"",[0,2]],[""D"",[0,4,1,5]],[""D"",[0,3,1,4]]]",-7.783381599577104,-7.785972944186938,0.00259134460983379,70,2,3,1,2,3
2026-09-v3-pauli-factor-graph,LiH,2.4,79,9,"[[""D"",[0,1,2,3]],[""D"",[1,4,2,5]],[""S"",[0,2]],[""D"",[1,4,2,5]],[""D"",[0,1,3,5]],[""D"",[1,2,3,4]],[""D"",[0,3,2,4]],[""D"",[1,4,3,5]]]",-7.785176382879951,-7.785972944186938,0.0007965613069869093,70,2,8,1,7,8
2026-09-v3-pauli-factor-graph,LiH,2.4,79,10,"[[""S"",[0,4]],[""D"",[0,2,3,4]],[""S"",[2,3]],[""S"",[1,4]],[""D"",[0,2,3,5]]]",-7.783381652835235,-7.785972944186938,0.0025912913517025515,70,2,5,3,2,5
2026-09-v3-pauli-factor-graph,LiH,2.4,79,11,"[[""S"",[1,5]],[""D"",[1,2,3,5]],[""D"",[0,3,1,5]],[""S"",[2,4]],[""D"",[1,3,2,5]],[""D"",[0,1,2,3]]]",-7.7849248501474175,-7.785972944186938,0.0010480940395201088,70,2,6,2,4,6
2026-09-v3-pauli-factor-graph,LiH,2.4,79,12,"[[""D"",[0,1,2,3]],[""D"",[2,4,3,5]],[""D"",[0,1,4,5]],[""D"",[2,4,3,5]],[""D"",[1,2,3,4]],[""S"",[0,3]]]",-7.785501581402372,-7.785972944186938,0.00047136278456605396,70,2,6,1,5,6
2026-09-v3-pauli-factor-graph,LiH,2.4,79,13,"[[""S"",[1,3]],[""D"",[0,1,2,5]],[""D"",[1,3,2,4]],[""D"",[0,2,4,5]],[""D"",[0,1,2,5]],[""S"",[0,1]],[""D"",[0,3,1,5]],[""S"",[1,5]]]",-7.783380373405216,-7.785972944186938,0.0025925707817213706,70,2,8,3,5,8
2026-09-v3-pauli-factor-graph,LiH,2.4,79,14,"[[""S"",[0,4]],[""D"",[1,2,3,5]],[""D"",[1,3,2,4]]]",-7.783381639869482,-7.785972944186938,0.0025913043174554673,70,2,3,1,2,3
2026-09-v3-pauli-factor-graph,LiH,2.4,79,15,"[[""D"",[0,1,2,3]],[""S"",[0,5]],[""S"",[0,1]],[""D"",[0,2,3,4]],[""D"",[1,2,3,5]]]",-7.784925281666127,-7.785972944186938,0.001047662520810455,70,2,5,2,3,5
2026-09-v3-pauli-factor-graph,LiH,2.4,79,16,"[[""S"",[0,2]],[""S"",[0,1]],[""D"",[0,2,3,4]],[""D"",[1,3,4,5]],[""S"",[1,4]],[""D"",[1,3,2,4]]]",-7.783381654218952,-7.785972944186938,0.0025912899679854107,70,2,6,3,3,6
2026-09-v3-pauli-factor-graph,LiH,2.4,79,17,"[[""S"",[1,3]],[""D"",[0,1,2,5]],[""D"",[1,3,2,4]],[""D"",[0,4,2,5]],[""D"",[0,2,3,4]],[""D"",[0,1,2,4]],[""D"",[0,3,1,4]]]",-7.783381643895836,-7.785972944186938,0.0025913002911019944,70,2,7,1,6,7
2026-09-v3-pauli-factor-graph,LiH,2.8,11,0,"[[""D"",[0,1,2,3]],[""D"",[1,2,3,4]],[""D"",[0,3,1,4]]]",-7.739089262675349,-7.742346077644463,0.003256814969113897,70,2,3,0,3,3
2026-09-v3-pauli-factor-graph,LiH,2.8,11,1,"[[""S"",[1,3]],[""D"",[0,4,2,5]],[""S"",[0,2]],[""D"",[0,1,3,4]],[""S"",[1,3]],[""D"",[0,2,1,4]]]",-7.733990944103804,-7.742346077644463,0.008355133540658422,70,2,6,3,3,6
2026-09-v3-pauli-factor-graph,LiH,2.8,11,2,"[[""S"",[0,4]],[""S"",[0,4]],[""D"",[0,3,1,5]],[""S"",[1,2]],[""D"",[0,3,4,5]],[""D"",[1,4,3,5]],[""D"",[2,4,3,5]],[""D"",[0,2,3,4]]]",-7.7339913201580694,-7.742346077644463,0.00835475748639336,70,2,8,3,5,8
2026-09-v3-pauli-factor-graph,LiH,2.8,11,3,"[[""D"",[0,1,2,3]],[""S"",[1,3]],[""D"",[0,1,3,5]],[""D"",[0,1,2,5]],[""D"",[0,2,3,5]],[""D"",[2,4,3,5]],[""S"",[3,4]],[""D"",[1,3,2,5]]]",-7.740600773551026,-7.742346077644463,0.0017453040934372055,70,2,8,2,6,8
2026-09-v3-pauli-factor-graph,LiH,2.8,11,4,"[[""S"",[0,2]],[""D"",[1,2,3,4]],[""S"",[2,5]]]",-7.733991384194447,-7.742346077644463,0.008354693450015382,70,2,3,2,1,3
2026-09-v3-pauli-factor-graph,LiH,2.8,11,5,"[[""S"",[1,3]],[""D"",[0,1,3,5]],[""D"",[1,4,3,5]],[""D"",[1,3,2,4]],[""D"",[1,2,3,5]],[""D"",[0,3,1,5]],[""D"",[2,4,3,5]]]",-7.733991233430134,-7.742346077644463,0.008354844214328416,70,2,7,1,6,7
2026-09-v3-pauli-factor-graph,LiH,2.8,11,6,"[[""D"",[0,1,2,3]],[""S"",[2,3]],[""S"",[3,5]],[""D"",[0,3,1,5]],[""D"",[1,2,3,5]],[""D"",[0,1,3,4]],[""D"",[2,4,3,5]],[""D"",[0,1,2,3]]]",-7.739089014411797,-7.742346077644463,0.0032570632326658355,70,2,8,2,6,8
2026-09-v3-pauli-factor-graph,LiH,2.8,11,7,"[[""S"",[1,5]],[""D"",[0,4,2,5]],[""S"",[2,4]],[""D"",[0,4,1,5]],[""D"",[1,3,2,4]],[""D"",[1,2,4,5]],[""D"",[1,2,4,5]],[""D"",[2,3,4,5]]]",-7.733991374299195,-7.742346077644463,0.008354703345268,70,2,8,2,6,8
2026-09-v3-pauli-factor-graph,LiH,2.8,11,8,"[[""S"",[0,2]],[""D"",[0,1,3,4]],[""D"",[0,3,2,5]]]",-7.733991340174021,-7.742346077644463,0.008354737470441798,70,2,3,1,2,3
2026-09-v3-pauli-factor-graph,LiH,2.8,11,9,"[[""D"",[0,1,2,3]],[""S"",[0,4]],[""D"",[2,3,4,5]],[""D"",[1,4,2,5]]]",-7.739584367551172,-7.742346077644463,0.0027617100932904037,70,2,4,1,3,4
2026-09-v3-pauli-factor-graph,LiH,2.8,11,10,"[[""S"",[0,4]],[""S"",[2,4]],[""S"",[1,3]],[""D"",[1,3,2,5]]]",-7.73399132574236,-7.742346077644463,0.008354751902102997,70,2,4,3,1,4
2026-09-v3-pauli-factor-graph,LiH,2.8,11,11,"[[""S"",[1,5]],[""S"",[2,3]],[""D"",[0,1,4,5]],[""D"",[1,4,2,5]],[""D"",[2,4,3,5]],[""S"",[2,3]],[""D"",[0,2,3,4]]]",-7.73479024333666,-7.742346077644463,0.007555834307802378,70,2,7,3,4,7
2026-09-v3-pauli-factor-graph,LiH,2.8,11,12,"[[""D"",[0,1,2,3]],[""S"",[2,3]],[""D"",[0,1,2,5]]]",-7.73908958803001,-7.742346077644463,0.0032564896144524624,70,2,3,1,2,3
2026-09-v3-pauli-factor-graph,LiH,2.8,11,13,"[[""S"",[1,3]],[""D"",[0,1,3,4]],[""D"",[0,1,2,3]],[""D"",[1,4,2,5]],[""D"",[0,3,2,4]]]",-7.740920253421636,-7.742346077644463,0.00142582422282711,70,2,5,1,4,5
2026-09-v3-pauli-factor-graph,LiH,2.8,11,14,"[[""S"",[0,4]],[""D"",[0,1,2,3]],[""D"",[1,4,2,5]],[""S"",[0,1]],[""S"",[3,5]],[""S"",[1,4]],[""S"",[0,1]]]",-7.739089428574609,-7.742346077644463,0.003256649069854234,70,2,7,5,2,7
2026-09-v3-pauli-factor-graph,LiH,2.8,11,15,"[[""D"",[0,1,2,3]],[""D"",[0,2,1,5]],[""D"",[1,3,2,4]],[""D"",[0,2,4,5]],[""D"",[1,3,2,5]],[""S"",[0,3]],[""D"",[0,3,1,4]],[""S"",[0,2]]]",-7.740600361473077,-7.742346077644463,0.0017457161713858582,70,2,8,2,6,8
2026-09-v3-pauli-factor-graph,LiH,2.8,11,16,"[[""S"",[0,2]],[""S"",[0,4]],[""D"",[0,4,1,5]],[""S"",[0,1]]]",-7.7339913392380595,-7.742346077644463,0.008354738406403328,70,2,4,3,1,4
2026-09-v3-pauli-factor-graph,LiH,2.8,11,17,"[[""S"",[1,3]],[""S"",[4,5]],[""S"",[3,5]],[""S"",[0,5]]]",-7.733991382305068,-7.742346077644463,0.008354695339394702,70,2,4,4,0,4
2026-09-v3-pauli-factor-graph,LiH,2.8,23,0,"[[""D"",[0,1,2,3]],[""D"",[0,1,2,5]],[""D"",[0,3,2,4]]]",-7.7390890567388695,-7.742346077644463,0.003257020905593322,70,2,3,0,3,3
2026-09-v3-pauli-factor-graph,LiH,2.8,23,1,"[[""S"",[1,3]],[""D"",[0,2,3,4]],[""S"",[1,2]],[""S"",[1,2]]]",-7.733991372678671,-7.742346077644463,0.008354704965792159,70,2,4,3,1,4
2026-09-v3-pauli-factor-graph,LiH,2.8,23,2,"[[""S"",[0,4]],[""D"",[1,3,2,5]],[""D"",[0,1,2,5]],[""S"",[2,3]],[""S"",[2,3]],[""S"",[2,3]]]",-7.733991000852255,-7.742346077644463,0.008355076792208038,70,2,6,4,2,6
2026-09-v3-pauli-factor-graph,LiH,2.8,23,3,"[[""D"",[0,1,2,3]],[""D"",[0,4,3,5]],[""D"",[0,1,3,4]]]",-7.739089538023636,-7.742346077644463,0.003256539620826615,70,2,3,0,3,3
2026-09-v3-pauli-factor-graph,LiH,2.8,23,4,"[[""S"",[0,2]],[""D"",[0,4,2,5]],[""D"",[0,1,2,3]],[""D"",[0,1,3,4]],[""S"",[0,3]],[""S"",[1,5]],[""D"",[0,2,1,5]]]",-7.740919297561196,-7.742346077644463,0.0014267800832667987,70,2,7,3,4,7
2026-09-v3-pauli-factor-graph,LiH,2.8,23,5,"[[""S"",[1,3]],[""S"",[0,1]],[""D"",[0,1,2,4]]]",-7.733991324012642,-7.742346077644463,0.0083547536318207,70,2,3,2,1,3
2026-09-v3-pauli-factor-graph,LiH,2.8,23,6,"[[""D"",[0,1,2,3]],[""S"",[4,5]],[""D"",[0,3,2,5]]]",-7.7390897225179405,-7.742346077644463,0.0032563551265223367,70,2,3,1,2,3
2026-09-v3-pauli-factor-graph,LiH,2.8,23,7,"[[""S"",[1,5]],[""S"",[0,3]],[""D"",[0,3,4,5]]]",-7.733991350189855,-7.742346077644463,0.008354727454607414,70,2,3,2,1,3
2026-09-v3-pauli-factor-graph,LiH,2.8,23,8,"[[""S"",[0,2]],[""S"",[3,4]],[""D"",[0,2,3,5]],[""S"",[3,5]]]",-7.733991361421514,-7.742346077644463,0.008354716222949143,70,2,4,3,1,4
2026-09-v3-pauli-factor-graph,LiH,2.8,23,9,"[[""D"",[0,1,2,3]],[""D"",[1,3,2,5]],[""S"",[0,5]],[""D"",[1,4,3,5]],[""D"",[0,2,1,5]],[""S"",[0,1]]]",-7.740889491444029,-7.742346077644463,0.0014565862004340957,70,2,6,2,4,6
2026-09-v3-pauli-factor-graph,LiH,2.8,23,10,"[[""S"",[0,4]],[""D"",[0,4,3,5]],[""S"",[2,5]],[""S"",[1,4]]]",-7.733991221259137,-7.742346077644463,0.00835485638532596,70,2,4,3,1,4
2026-09-v3-pauli-factor-graph,LiH,2.8,23,11,"[[""S"",[1,5]],[""D"",[0,4,3,5]],[""S"",[0,1]],[""D"",[1,3,2,5]],[""D"",[0,4,1,5]],[""D"",[1,4,3,5]]]",-7.733991375537206,-7.742346077644463,0.008354702107256529,70,2,6,2,4,6
2026-09-v3-pauli-factor-graph,LiH,2.8,23,12,"[[""D"",[0,1,2,3]],[""S"",[0,5]],[""D"",[1,3,2,5]]]",-7.739088583457894,-7.742346077644463,0.0032574941865686213,70,2,3,1,2,3
2026-09-v3-pauli-factor-graph,LiH,2.8,23,13,"[[""S"",[1,3]],[""S"",[1,4]],[""S"",[2,4]],[""D"",[0,1,4,5]],[""S"",[1,4]],[""D"",[0,1,4,5]],[""D"",[0,3,1,4]],[""D"",[1,2,3,4]]]",-7.734800719628243,-7.742346077644463,0.007545358016219694,70,2,8,4,4,8
2026-09-v3-pauli-factor-graph,LiH,2.8,23,14,"[[""S"",[0,4]],[""D"",[0,2,1,5]],[""D"",[0,2,1,4]],[""D"",[0,3,2,5]],[""S"",[2,5]],[""S"",[1,2]],[""D"",[0,1,2,3]]]",-7.739089608895761,-7.742346077644463,0.0032564687487015576,70,2,7,3,4,7
2026-09-v3-pauli-factor-graph,LiH,2.8,23,15,"[[""D"",[0,1,2,3]],[""D"",[0,1,3,4]],[""D"",[1,3,2,4]],[""D"",[1,2,3,5]],[""S"",[0,3]],[""D"",[0,4,2,5]],[""S"",[0,2]],[""D"",[1,2,3,4]]]",-7.740619255709596,-7.742346077644463,0.001726821934866507,70,2,8,2,6,8
2026-09-v3-pauli-factor-graph,LiH,2.8,23,16,"[[""S"",[0,2]],[""D"",[2,3,4,5]],[""S"",[0,5]]]",-7.733991332996519,-7.742346077644463,0.008354744647943946,70,2,3,2,1,3
2026-09-v3-pauli-factor-graph,LiH,2.8,23,17,"[[""S"",[1,3]],[""D"",[0,4,1,5]],[""S"",[4,5]]]",-7.7339913680394154,-7.742346077644463,0.008354709605047361,70,2,3,2,1,3
2026-09-v3-pauli-factor-graph,LiH,2.8,37,0,"[[""D"",[0,1,2,3]],[""D"",[0,3,2,4]],[""D"",[0,2,3,5]]]",-7.739089767419978,-7.742346077644463,0.003256310224484693,70,2,3,0,3,3
2026-09-v3-pauli-factor-graph,LiH,2.8,37,1,"[[""S"",[1,3]],[""D"",[1,3,4,5]],[""D"",[0,2,4,5]],[""S"",[3,4]]]",-7.733991376196761,-7.742346077644463,0.008354701447701451,70,2,4,2,2,4
2026-09-v3-pauli-factor-graph,LiH,2.8,37,2,"[[""S"",[0,4]],[""D"",[0,2,1,5]],[""D"",[1,4,3,5]],[""D"",[2,4,3,5]]]",-7.733991382505577,-7.742346077644463,0.00835469513888576,70,2,4,1,3,4
2026-09-v3-pauli-factor-graph,LiH,2.8,37,3,"[[""D"",[0,1,2,3]],[""S"",[0,1]],[""S"",[1,5]],[""D"",[0,1,4,5]]]",-7.739583894535641,-7.742346077644463,0.002762183108822036,70,2,4,2,2,4
2026-09-v3-pauli-factor-graph,LiH,2.8,37,4,"[[""S"",[0,2]],[""D"",[1,3,2,5]],[""D"",[0,2,4,5]]]",-7.73399138229997,-7.742346077644463,0.008354695344492846,70,2,3,1,2,3
2026-09-v3-pauli-factor-graph,LiH,2.8,37,5,"[[""S"",[1,3]],[""S"",[2,5]],[""D"",[0,1,3,4]],[""S"",[1,2]],[""D"",[0,2,4,5]],[""D"",[0,2,4,5]],[""D"",[1,2,3,5]]]",-7.73479968665554,-7.742346077644463,0.007546390988922624,70,2,7,3,4,7
2026-09-v3-pauli-factor-graph,LiH,2.8,37,6,"[[""D"",[0,1,2,3]],[""S"",[3,4]],[""S"",[3,5]],[""D"",[0,2,4,5]]]",-7.7390890146033104,-7.742346077644463,0.0032570630411523638,70,2,4,2,2,4
2026-09-v3-pauli-factor-graph,LiH,2.8,37,7,"[[""S"",[1,5]],[""S"",[2,3]],[""S"",[3,5]],[""S"",[2,5]],[""D"",[0,3,1,4]],[""S"",[1,3]]]",-7.733991378805616,-7.742346077644463,0.008354698838846986,70,2,6,5,1,6
2026-09-v3-pauli-factor-graph,LiH,2.8,37,8,"[[""S"",[0,2]],[""D"",[0,1,2,4]],[""S"",[3,4]],[""D"",[2,4,3,5]],[""D"",[0,2,3,4]],[""D"",[0,4,3,5]]]",-7.740866653877262,-7.742346077644463,0.0014794237672006716,70,2,6,2,4,6
2026-09-v3-pauli-factor-graph,LiH,2.8,37,9,"[[""D"",[0,1,2,3]],[""D"",[0,3,4,5]],[""S"",[4,5]],[""D"",[0,1,2,4]],[""S"",[0,1]]]",-7.739087972209019,-7.742346077644463,0.0032581054354441363,70,2,5,2,3,5
2026-09-v3-pauli-factor-graph,LiH,2.8,37,10,"[[""S"",[0,4]],[""S"",[2,4]],[""S"",[0,5]],[""D"",[0,2,3,5]]]",-7.733991256437569,-7.742346077644463,0.008354821206894236,70,2,4,3,1,4
2026-09-v3-pauli-factor-graph,LiH,2.8,37,11,"[[""S"",[1,5]],[""D"",[1,2,3,4]],[""D"",[1,2,3,5]],[""D"",[0,1,2,4]],[""D"",[0,2,1,5]]]",-7.7339912400396935,-7.742346077644463,0.008354837604769294,70,2,5,1,4,5
2026-09-v3-pauli-factor-graph,LiH,2.8,37,12,"[[""D"",[0,1,2,3]],[""S"",[2,5]],[""D"",[1,3,2,4]]]",-7.739089825717392,-7.742346077644463,0.0032562519270706858,70,2,3,1,2,3
2026-09-v3-pauli-factor-graph,LiH,2.8,37,13,"[[""S"",[1,3]],[""D"",[0,1,4,5]],[""D"",[0,2,1,5]],[""D"",[0,4,3,5]]]",-7.734800899844225,-7.742346077644463,0.007545177800238001,70,2,4,1,3,4
2026-09-v3-pauli-factor-graph,LiH,2.8,37,14,"[[""S"",[0,4]],[""D"",[0,1,2,5]],[""S"",[0,1]],[""S"",[0,4]],[""D"",[1,3,2,5]],[""D"",[0,4,2,5]],[""D"",[0,2,1,4]],[""D"",[1,3,4,5]]]",-7.734776049951646,-7.742346077644463,0.007570027692817227,70,2,8,3,5,8
2026-09-v3-pauli-factor-graph,LiH,2.8,37,15,"[[""D"",[0,1,2,3]],[""S"",[2,4]],[""D"",[2,3,4,5]],[""S"",[0,2]],[""S"",[3,5]],[""D"",[0,2,1,3]],[""D"",[1,2,4,5]]]",-7.741219109656217,-7.742346077644463,0.0011269679882461858,70,2,7,3,4,7
2026-09-v3-pauli-factor-graph,LiH,2.8,37,16,"[[""S"",[0,2]],[""D"",[2,3,4,5]],[""D"",[0,1,2,5]],[""D"",[0,3,1,5]],[""D"",[0,3,2,4]],[""D"",[1,2,3,4]],[""D"",[1,2,3,4]]]",-7.733991275978413,-7.742346077644463,0.008354801666049738,70,2,7,1,6,7
2026-09-v3-pauli-factor-graph,LiH,2.8,37,17,"[[""S"",[1,3]],[""S"",[0,2]],[""S"",[1,5]],[""S"",[2,5]],[""S"",[3,4]],[""S"",[1,2]],[""S"",[3,5]]]",-7.7339912336162815,-7.742346077644463,0.008354844028181319,70,2,7,7,0,7
2026-09-v3-pauli-factor-graph,LiH,2.8,51,0,"[[""D"",[0,1,2,3]],[""D"",[1,4,3,5]],[""S"",[3,5]],[""D"",[0,1,2,3]],[""S"",[2,5]]]",-7.739089716653241,-7.742346077644463,0.0032563609912221736,70,2,5,2,3,5
2026-09-v3-pauli-factor-graph,LiH,2.8,51,1,"[[""S"",[1,3]],[""D"",[1,2,3,5]],[""D"",[1,2,3,4]],[""D"",[1,2,4,5]]]",-7.7339913786946575,-7.742346077644463,0.00835469894980534,70,2,4,1,3,4
2026-09-v3-pauli-factor-graph,LiH,2.8,51,2,"[[""S"",[0,4]],[""D"",[1,3,2,4]],[""D"",[0,1,2,4]],[""D"",[0,4,2,5]]]",-7.733991067363867,-7.742346077644463,0.00835501028059582,70,2,4,1,3,4
2026-09-v3-pauli-factor-graph,LiH,2.8,51,3,"[[""D"",[0,1,2,3]],[""S"",[1,5]],[""D"",[0,3,1,4]]]",-7.739089822671847,-7.742346077644463,0.003256254972615835,70,2,3,1,2,3
2026-09-v3-pauli-factor-graph,LiH,2.8,51,4,"[[""S"",[0,2]],[""D"",[0,1,3,4]],[""D"",[1,2,3,4]],[""S"",[0,1]]]",-7.733991363813958,-7.742346077644463,0.008354713830504679,70,2,4,2,2,4
2026-09-v3-pauli-factor-graph,LiH,2.8,51,5,"[[""S"",[1,3]],[""D"",[0,3,4,5]],[""D"",[0,3,2,5]]]",-7.734800818883364,-7.742346077644463,0.007545258761099127,70,2,3,1,2,3
2026-09-v3-pauli-factor-graph,LiH,2.8,51,6,"[[""D"",[0,1,2,3]],[""D"",[2,4,3,5]],[""D"",[0,2,1,5]],[""S"",[2,3]],[""S"",[0,1]]]",-7.739089820865015,-7.742346077644463,0.0032562567794478525,70,2,5,2,3,5
2026-09-v3-pauli-factor-graph,LiH,2.8,51,7,"[[""S"",[1,5]],[""D"",[1,4,3,5]],[""D"",[1,4,2,5]],[""D"",[0,4,1,5]],[""D"",[0,1,3,5]]]",-7.733991099269951,-7.742346077644463,0.008354978374511823,70,2,5,1,4,5
2026-09-v3-pauli-factor-graph,LiH,2.8,51,8,"[[""S"",[0,2]],[""D"",[0,2,3,4]],[""D"",[0,2,1,5]],[""S"",[2,4]],[""S"",[3,5]],[""S"",[0,3]],[""D"",[1,4,3,5]]]",-7.733991370732828,-7.742346077644463,0.008354706911634757,70,2,7,4,3,7
2026-09-v3-pauli-factor-graph,LiH,2.8,51,9,"[[""D"",[0,1,2,3]],[""D"",[0,2,1,3]],[""D"",[0,4,1,5]]]",-7.739088903743832,-7.742346077644463,0.0032571739006304057,70,2,3,0,3,3
2026-09-v3-pauli-factor-graph,LiH,2.8,51,10,"[[""S"",[0,4]],[""S"",[1,4]],[""D"",[0,1,2,4]]]",-7.733991217769131,-7.742346077644463,0.008354859875331577,70,2,3,2,1,3
2026-09-v3-pauli-factor-graph,LiH,2.8,51,11,"[[""S"",[1,5]],[""D"",[0,1,2,3]],[""D"",[0,3,2,5]],[""D"",[0,1,4,5]],[""S"",[3,4]]]",-7.739584299216569,-7.742346077644463,0.002761778427894157,70,2,5,2,3,5
2026-09-v3-pauli-factor-graph,LiH,2.8,51,12,"[[""D"",[0,1,2,3]],[""D"",[0,1,4,5]],[""S"",[1,3]],[""D"",[0,3,2,4]],[""D"",[0,3,4,5]]]",-7.7412199929021925,-7.742346077644463,0.0011260847422702724,70,2,5,1,4,5
2026-09-v3-pauli-factor-graph,LiH,2.8,51,13,"[[""S"",[1,3]],[""S"",[0,2]],[""D"",[1,4,2,5]],[""D"",[0,3,4,5]],[""D"",[0,2,1,5]],[""D"",[0,2,1,3]],[""S"",[1,2]],[""S"",[2,5]]]",-7.734888124019728,-7.742346077644463,0.007457953624735225,70,2,8,4,4,8
2026-09-v3-pauli-factor-graph,LiH,2.8,51,14,"[[""S"",[0,4]],[""D"",[0,1,2,5]],[""D"",[0,3,1,5]]]",-7.733991135499631,-7.742346077644463,0.008354942144832123,70,2,3,1,2,3
2026-09-v3-pauli-factor-graph,LiH,2.8,51,15,"[[""D"",[0,1,2,3]],[""D"",[0,2,1,5]],[""D"",[2,4,3,5]],[""D"",[0,1,3,5]]]",-7.739089142828709,-7.742346077644463,0.0032569348157540645,70,2,4,0,4,4
2026-09-v3-pauli-factor-graph,LiH,2.8,51,16,"[[""S"",[0,2]],[""D"",[2,4,3,5]],[""D"",[1,2,4,5]],[""D"",[0,1,3,5]]]",-7.734798289815722,-7.742346077644463,0.00754778782874066,70,2,4,1,3,4
2026-09-v3-pauli-factor-graph,LiH,2.8,51,17,"[[""S"",[1,3]],[""D"",[0,4,3,5]],[""S"",[0,5]],[""D"",[1,2,3,4]],[""S"",[0,3]],[""S"",[1,4]],[""D"",[0,1,2,5]]]",-7.733991097799345,-7.742346077644463,0.008354979845117683,70,2,7,4,3,7
2026-09-v3-pauli-factor-graph,LiH,2.8,79,0,"[[""D"",[0,1,2,3]],[""D"",[1,2,4,5]],[""S"",[0,4]]]",-7.739089663822078,-7.742346077644463,0.0032564138223847294,70,2,3,1,2,3
2026-09-v3-pauli-factor-graph,LiH,2.8,79,1,"[[""S"",[1,3]],[""S"",[4,5]],[""S"",[0,2]],[""D"",[0,2,3,4]],[""S"",[0,4]],[""D"",[1,3,2,5]],[""S"",[1,2]],[""S"",[1,3]]]",-7.733991323483765,-7.742346077644463,0.008354754160698086,70,2,8,6,2,8
2026-09-v3-pauli-factor-graph,LiH,2.8,79,2,"[[""S"",[0,4]],[""D"",[0,2,1,3]],[""D"",[0,3,4,5]],[""S"",[0,5]],[""D"",[0,2,3,4]]]",-7.733991357727814,-7.742346077644463,0.008354719916648712,70,2,5,2,3,5
2026-09-v3-pauli-factor-graph,LiH,2.8,79,3,"[[""D"",[0,1,2,3]],[""D"",[0,1,3,5]],[""D"",[1,2,3,4]],[""D"",[0,2,3,4]],[""S"",[0,4]],[""S"",[1,2]]]",-7.739089504696974,-7.742346077644463,0.0032565729474889338,70,2,6,2,4,6
2026-09-v3-pauli-factor-graph,LiH,2.8,79,4,"[[""S"",[0,2]],[""D"",[1,4,3,5]],[""D"",[1,4,3,5]],[""D"",[1,3,4,5]],[""S"",[0,3]],[""S"",[0,4]],[""D"",[1,2,4,5]],[""S"",[1,5]]]",-7.734800689172982,-7.742346077644463,0.007545388471481118,70,2,8,4,4,8
2026-09-v3-pauli-factor-graph,LiH,2.8,79,5,"[[""S"",[1,3]],[""S"",[3,4]],[""D"",[0,2,1,5]],[""D"",[1,4,3,5]],[""D"",[2,3,4,5]],[""D"",[0,3,4,5]],[""S"",[0,1]],[""S"",[0,3]]]",-7.734800530287134,-7.742346077644463,0.007545547357328708,70,2,8,4,4,8
2026-09-v3-pauli-factor-graph,LiH,2.8,79,6,"[[""D"",[0,1,2,3]],[""S"",[0,4]],[""D"",[1,3,4,5]],[""D"",[1,3,4,5]],[""S"",[0,3]]]",-7.73908969137362,-7.742346077644463,0.0032563862708432367,70,2,5,2,3,5
2026-09-v3-pauli-factor-graph,LiH,2.8,79,7,"[[""S"",[1,5]],[""S"",[3,4]],[""D"",[2,3,4,5]],[""D"",[0,3,4,5]],[""D"",[0,3,4,5]],[""D"",[0,2,1,3]]]",-7.73399138504354,-7.742346077644463,0.00835469260092303,70,2,6,2,4,6
2026-09-v3-pauli-factor-graph,LiH,2.8,79,8,"[[""S"",[0,2]],[""D"",[0,4,1,5]],[""D"",[0,3,1,4]]]",-7.733991336360682,-7.742346077644463,0.008354741283780776,70,2,3,1,2,3
2026-09-v3-pauli-factor-graph,LiH,2.8,79,9,"[[""D"",[0,1,2,3]],[""D"",[1,4,2,5]],[""S"",[0,2]],[""D"",[1,4,2,5]],[""D"",[0,1,3,5]],[""D"",[1,2,3,4]],[""D"",[0,3,2,4]],[""D"",[1,4,3,5]]]",-7.74059877111198,-7.742346077644463,0.0017473065324828951,70,2,8,1,7,8
2026-09-v3-pauli-factor-graph,LiH,2.8,79,10,"[[""S"",[0,4]],[""D"",[0,2,3,4]],[""S"",[2,3]],[""S"",[1,4]],[""D"",[0,2,3,5]]]",-7.733991375887773,-7.742346077644463,0.008354701756689842,70,2,5,3,2,5
2026-09-v3-pauli-factor-graph,LiH,2.8,79,11,"[[""S"",[1,5]],[""D"",[1,2,3,5]],[""D"",[0,3,1,5]],[""S"",[2,4]],[""D"",[1,3,2,5]],[""D"",[0,1,2,3]]]",-7.7390894508387875,-7.742346077644463,0.003256626805675289,70,2,6,2,4,6
2026-09-v3-pauli-factor-graph,LiH,2.8,79,12,"[[""D"",[0,1,2,3]],[""D"",[2,4,3,5]],[""D"",[0,1,4,5]],[""D"",[2,4,3,5]],[""D"",[1,2,3,4]],[""S"",[0,3]]]",-7.739581920317268,-7.742346077644463,0.002764157327194816,70,2,6,1,5,6
2026-09-v3-pauli-factor-graph,LiH,2.8,79,13,"[[""S"",[1,3]],[""D"",[0,1,2,5]],[""D"",[1,3,2,4]],[""D"",[0,2,4,5]],[""D"",[0,1,2,5]],[""S"",[0,1]],[""D"",[0,3,1,5]],[""S"",[1,5]]]",-7.733990909583179,-7.742346077644463,0.00835516806128389,70,2,8,3,5,8
2026-09-v3-pauli-factor-graph,LiH,2.8,79,14,"[[""S"",[0,4]],[""D"",[1,2,3,5]],[""D"",[1,3,2,4]]]",-7.733991364343388,-7.742346077644463,0.008354713301074845,70,2,3,1,2,3
2026-09-v3-pauli-factor-graph,LiH,2.8,79,15,"[[""D"",[0,1,2,3]],[""S"",[0,5]],[""S"",[0,1]],[""D"",[0,2,3,4]],[""D"",[1,2,3,5]]]",-7.7390896087541545,-7.742346077644463,0.003256468890308284,70,2,5,2,3,5
2026-09-v3-pauli-factor-graph,LiH,2.8,79,16,"[[""S"",[0,2]],[""S"",[0,1]],[""D"",[0,2,3,4]],[""D"",[1,3,4,5]],[""S"",[1,4]],[""D"",[1,3,2,4]]]",-7.733991328355083,-7.742346077644463,0.008354749289379626,70,2,6,3,3,6
2026-09-v3-pauli-factor-graph,LiH,2.8,79,17,"[[""S"",[1,3]],[""D"",[0,1,2,5]],[""D"",[1,3,2,4]],[""D"",[0,4,2,5]],[""D"",[0,2,3,4]],[""D"",[0,1,2,4]],[""D"",[0,3,1,4]]]",-7.73399116507363,-7.742346077644463,0.008354912570832873,70,2,7,1,6,7
2026-09-v3-pauli-factor-graph,LiH,3.2,11,0,"[[""D"",[0,1,2,3]],[""D"",[1,2,3,4]],[""D"",[0,3,1,4]]]",-7.7076750278879365,-7.719239228072681,0.011564200184744244,70,2,3,0,3,3
2026-09-v3-pauli-factor-graph,LiH,3.2,11,1,"[[""S"",[1,3]],[""D"",[0,4,2,5]],[""S"",[0,2]],[""D"",[0,1,3,4]],[""S"",[1,3]],[""D"",[0,2,1,4]]]",-7.689416258041167,-7.719239228072681,0.029822970031514018,70,2,6,3,3,6
2026-09-v3-pauli-factor-graph,LiH,3.2,11,2,"[[""S"",[0,4]],[""S"",[0,4]],[""D"",[0,3,1,5]],[""S"",[1,2]],[""D"",[0,3,4,5]],[""D"",[1,4,3,5]],[""D"",[2,4,3,5]],[""D"",[0,2,3,4]]]",-7.710091565359806,-7.719239228072681,0.009147662712874371,70,2,8,3,5,8
2026-09-v3-pauli-factor-graph,LiH,3.2,11,3,"[[""D"",[0,1,2,3]],[""S"",[1,3]],[""D"",[0,1,3,5]],[""D"",[0,1,2,5]],[""D"",[0,2,3,5]],[""D"",[2,4,3,5]],[""S"",[3,4]],[""D"",[1,3,2,5]]]",-7.716623955932151,-7.719239228072681,0.002615272140530145,70,2,8,2,6,8
2026-09-v3-pauli-factor-graph,LiH,3.2,11,4,"[[""S"",[0,2]],[""D"",[1,2,3,4]],[""S"",[2,5]]]",-7.689416412598672,-7.719239228072681,0.029822815474008557,70,2,3,2,1,3
2026-09-v3-pauli-factor-graph,LiH,3.2,11,5,"[[""S"",[1,3]],[""D"",[0,1,3,5]],[""D"",[1,4,3,5]],[""D"",[1,3,2,4]],[""D"",[1,2,3,5]],[""D"",[0,3,1,5]],[""D"",[2,4,3,5]]]",-7.689416356910541,-7.719239228072681,0.029822871162139997,70,2,7,1,6,7
2026-09-v3-pauli-factor-graph,LiH,3.2,11,6,"[[""D"",[0,1,2,3]],[""S"",[2,3]],[""S"",[3,5]],[""D"",[0,3,1,5]],[""D"",[1,2,3,5]],[""D"",[0,1,3,4]],[""D"",[2,4,3,5]],[""D"",[0,1,2,3]]]",-7.707671001492802,-7.719239228072681,0.011568226579878882,70,2,8,2,6,8
2026-09-v3-pauli-factor-graph,LiH,3.2,11,7,"[[""S"",[1,5]],[""D"",[0,4,2,5]],[""S"",[2,4]],[""D"",[0,4,1,5]],[""D"",[1,3,2,4]],[""D"",[1,2,4,5]],[""D"",[1,2,4,5]],[""D"",[2,3,4,5]]]",-7.6894164035626,-7.719239228072681,0.029822824510080892,70,2,8,2,6,8
2026-09-v3-pauli-factor-graph,LiH,3.2,11,8,"[[""S"",[0,2]],[""D"",[0,1,3,4]],[""D"",[0,3,2,5]]]",-7.689416379049754,-7.719239228072681,0.029822849022926867,70,2,3,1,2,3
2026-09-v3-pauli-factor-graph,LiH,3.2,11,9,"[[""D"",[0,1,2,3]],[""S"",[0,4]],[""D"",[2,3,4,5]],[""D"",[1,4,2,5]]]",-7.707980114222247,-7.719239228072681,0.011259113850433877,70,2,4,1,3,4
2026-09-v3-pauli-factor-graph,LiH,3.2,11,10,"[[""S"",[0,4]],[""S"",[2,4]],[""S"",[1,3]],[""D"",[1,3,2,5]]]",-7.689416406557472,-7.719239228072681,0.029822821515208986,70,2,4,3,1,4
2026-09-v3-pauli-factor-graph,LiH,3.2,11,11,"[[""S"",[1,5]],[""S"",[2,3]],[""D"",[0,1,4,5]],[""D"",[1,4,2,5]],[""D"",[2,4,3,5]],[""S"",[2,3]],[""D"",[0,2,3,4]]]",-7.690367318208964,-7.719239228072681,0.02887190986371646,70,2,7,3,4,7
2026-09-v3-pauli-factor-graph,LiH,3.2,11,12,"[[""D"",[0,1,2,3]],[""S"",[2,3]],[""D"",[0,1,2,5]]]",-7.707676884648888,-7.719239228072681,0.011562343423793031,70,2,3,1,2,3
2026-09-v3-pauli-factor-graph,LiH,3.2,11,13,"[[""S"",[1,3]],[""D"",[0,1,3,4]],[""D"",[0,1,2,3]],[""D"",[1,4,2,5]],[""D"",[0,3,2,4]]]",-7.717977748577678,-7.719239228072681,0.0012614794950023267,70,2,5,1,4,5
2026-09-v3-pauli-factor-graph,LiH,3.2,11,14,"[[""S"",[0,4]],[""D"",[0,1,2,3]],[""D"",[1,4,2,5]],[""S"",[0,1]],[""S"",[3,5]],[""S"",[1,4]],[""S"",[0,1]]]",-7.7076777003662995,-7.719239228072681,0.011561527706381192,70,2,7,5,2,7
2026-09-v3-pauli-factor-graph,LiH,3.2,11,15,"[[""D"",[0,1,2,3]],[""D"",[0,2,1,5]],[""D"",[1,3,2,4]],[""D"",[0,2,4,5]],[""D"",[1,3,2,5]],[""S"",[0,3]],[""D"",[0,3,1,4]],[""S"",[0,2]]]",-7.7166184068398955,-7.719239228072681,0.0026208212327851754,70,2,8,2,6,8
2026-09-v3-pauli-factor-graph,LiH,3.2,11,16,"[[""S"",[0,2]],[""S"",[0,4]],[""D"",[0,4,1,5]],[""S"",[0,1]]]",-7.709351109325715,-7.719239228072681,0.009888118746965269,70,2,4,3,1,4
2026-09-v3-pauli-factor-graph,LiH,3.2,11,17,"[[""S"",[1,3]],[""S"",[4,5]],[""S"",[3,5]],[""S"",[0,5]]]",-7.68941637270193,-7.719239228072681,0.029822855370750467,70,2,4,4,0,4
2026-09-v3-pauli-factor-graph,LiH,3.2,23,0,"[[""D"",[0,1,2,3]],[""D"",[0,1,2,5]],[""D"",[0,3,2,4]]]",-7.7076748868546305,-7.719239228072681,0.011564341218050167,70,2,3,0,3,3
2026-09-v3-pauli-factor-graph,LiH,3.2,23,1,"[[""S"",[1,3]],[""D"",[0,2,3,4]],[""S"",[1,2]],[""S"",[1,2]]]",-7.710105305287239,-7.719239228072681,0.009133922785442117,70,2,4,3,1,4
2026-09-v3-pauli-factor-graph,LiH,3.2,23,2,"[[""S"",[0,4]],[""D"",[1,3,2,5]],[""D"",[0,1,2,5]],[""S"",[2,3]],[""S"",[2,3]],[""S"",[2,3]]]",-7.689416208015668,-7.719239228072681,0.029823020057012428,70,2,6,4,2,6
2026-09-v3-pauli-factor-graph,LiH,3.2,23,3,"[[""D"",[0,1,2,3]],[""D"",[0,4,3,5]],[""D"",[0,1,3,4]]]",-7.707679324965529,-7.719239228072681,0.011559903107151825,70,2,3,0,3,3
2026-09-v3-pauli-factor-graph,LiH,3.2,23,4,"[[""S"",[0,2]],[""D"",[0,4,2,5]],[""D"",[0,1,2,3]],[""D"",[0,1,3,4]],[""S"",[0,3]],[""S"",[1,5]],[""D"",[0,2,1,5]]]",-7.7179851404042905,-7.719239228072681,0.0012540876683901914,70,2,7,3,4,7
2026-09-v3-pauli-factor-graph,LiH,3.2,23,5,"[[""S"",[1,3]],[""S"",[0,1]],[""D"",[0,1,2,4]]]",-7.709285259898661,-7.719239228072681,0.0099539681740195,70,2,3,2,1,3
2026-09-v3-pauli-factor-graph,LiH,3.2,23,6,"[[""D"",[0,1,2,3]],[""S"",[4,5]],[""D"",[0,3,2,5]]]",-7.707673067573706,-7.719239228072681,0.011566160498974298,70,2,3,1,2,3
2026-09-v3-pauli-factor-graph,LiH,3.2,23,7,"[[""S"",[1,5]],[""S"",[0,3]],[""D"",[0,3,4,5]]]",-7.710089704016,-7.719239228072681,0.009149524056680569,70,2,3,2,1,3
2026-09-v3-pauli-factor-graph,LiH,3.2,23,8,"[[""S"",[0,2]],[""S"",[3,4]],[""D"",[0,2,3,5]],[""S"",[3,5]]]",-7.689416395507456,-7.719239228072681,0.029822832565225,70,2,4,3,1,4
2026-09-v3-pauli-factor-graph,LiH,3.2,23,9,"[[""D"",[0,1,2,3]],[""D"",[1,3,2,5]],[""S"",[0,5]],[""D"",[1,4,3,5]],[""D"",[0,2,1,5]],[""S"",[0,1]]]",-7.717971537414732,-7.719239228072681,0.001267690657948961,70,2,6,2,4,6
2026-09-v3-pauli-factor-graph,LiH,3.2,23,10,"[[""S"",[0,4]],[""D"",[0,4,3,5]],[""S"",[2,5]],[""S"",[1,4]]]",-7.689416268786596,-7.719239228072681,0.029822959286084583,70,2,4,3,1,4
2026-09-v3-pauli-factor-graph,LiH,3.2,23,11,"[[""S"",[1,5]],[""D"",[0,4,3,5]],[""S"",[0,1]],[""D"",[1,3,2,5]],[""D"",[0,4,1,5]],[""D"",[1,4,3,5]]]",-7.689416406740717,-7.719239228072681,0.029822821331963567,70,2,6,2,4,6
2026-09-v3-pauli-factor-graph,LiH,3.2,23,12,"[[""D"",[0,1,2,3]],[""S"",[0,5]],[""D"",[1,3,2,5]]]",-7.707679390197811,-7.719239228072681,0.011559837874870027,70,2,3,1,2,3
2026-09-v3-pauli-factor-graph,LiH,3.2,23,13,"[[""S"",[1,3]],[""S"",[1,4]],[""S"",[2,4]],[""D"",[0,1,4,5]],[""S"",[1,4]],[""D"",[0,1,4,5]],[""D"",[0,3,1,4]],[""D"",[1,2,3,4]]]",-7.709972018751949,-7.719239228072681,0.009267209320731773,70,2,8,4,4,8
2026-09-v3-pauli-factor-graph,LiH,3.2,23,14,"[[""S"",[0,4]],[""D"",[0,2,1,5]],[""D"",[0,2,1,4]],[""D"",[0,3,2,5]],[""S"",[2,5]],[""S"",[1,2]],[""D"",[0,1,2,3]]]",-7.710119293972282,-7.719239228072681,0.009119934100398908,70,2,7,3,4,7
2026-09-v3-pauli-factor-graph,LiH,3.2,23,15,"[[""D"",[0,1,2,3]],[""D"",[0,1,3,4]],[""D"",[1,3,2,4]],[""D"",[1,2,3,5]],[""S"",[0,3]],[""D"",[0,4,2,5]],[""S"",[0,2]],[""D"",[1,2,3,4]]]",-7.716636644531348,-7.719239228072681,0.0026025835413330256,70,2,8,2,6,8
2026-09-v3-pauli-factor-graph,LiH,3.2,23,16,"[[""S"",[0,2]],[""D"",[2,3,4,5]],[""S"",[0,5]]]",-7.689416373099225,-7.719239228072681,0.029822854973455826,70,2,3,2,1,3
2026-09-v3-pauli-factor-graph,LiH,3.2,23,17,"[[""S"",[1,3]],[""D"",[0,4,1,5]],[""S"",[4,5]]]",-7.689416400424394,-7.719239228072681,0.02982282764828703,70,2,3,2,1,3
2026-09-v3-pauli-factor-graph,LiH,3.2,37,0,"[[""D"",[0,1,2,3]],[""D"",[0,3,2,4]],[""D"",[0,2,3,5]]]",-7.70767804265273,-7.719239228072681,0.011561185419950881,70,2,3,0,3,3
2026-09-v3-pauli-factor-graph,LiH,3.2,37,1,"[[""S"",[1,3]],[""D"",[1,3,4,5]],[""D"",[0,2,4,5]],[""S"",[3,4]]]",-7.689416406354104,-7.719239228072681,0.029822821718576975,70,2,4,2,2,4
2026-09-v3-pauli-factor-graph,LiH,3.2,37,2,"[[""S"",[0,4]],[""D"",[0,2,1,5]],[""D"",[1,4,3,5]],[""D"",[2,4,3,5]]]",-7.689416411163065,-7.719239228072681,0.029822816909615746,70,2,4,1,3,4
2026-09-v3-pauli-factor-graph,LiH,3.2,37,3,"[[""D"",[0,1,2,3]],[""S"",[0,1]],[""S"",[1,5]],[""D"",[0,1,4,5]]]",-7.7079781380584755,-7.719239228072681,0.011261090014205166,70,2,4,2,2,4
2026-09-v3-pauli-factor-graph,LiH,3.2,37,4,"[[""S"",[0,2]],[""D"",[1,3,2,5]],[""D"",[0,2,4,5]]]",-7.689416411133377,-7.719239228072681,0.029822816939303998,70,2,3,1,2,3
2026-09-v3-pauli-factor-graph,LiH,3.2,37,5,"[[""S"",[1,3]],[""S"",[2,5]],[""D"",[0,1,3,4]],[""S"",[1,2]],[""D"",[0,2,4,5]],[""D"",[0,2,4,5]],[""D"",[1,2,3,5]]]",-7.710076030929494,-7.719239228072681,0.00916319714318714,70,2,7,3,4,7
2026-09-v3-pauli-factor-graph,LiH,3.2,37,6,"[[""D"",[0,1,2,3]],[""S"",[3,4]],[""S"",[3,5]],[""D"",[0,2,4,5]]]",-7.707672983960806,-7.719239228072681,0.011566244111874902,70,2,4,2,2,4
2026-09-v3-pauli-factor-graph,LiH,3.2,37,7,"[[""S"",[1,5]],[""S"",[2,3]],[""S"",[3,5]],[""S"",[2,5]],[""D"",[0,3,1,4]],[""S"",[1,3]]]",-7.709952775098405,-7.719239228072681,0.009286452974275328,70,2,6,5,1,6
2026-09-v3-pauli-factor-graph,LiH,3.2,37,8,"[[""S"",[0,2]],[""D"",[0,1,2,4]],[""S"",[3,4]],[""D"",[2,4,3,5]],[""D"",[0,2,3,4]],[""D"",[0,4,3,5]]]",-7.717907184861721,-7.719239228072681,0.0013320432109598102,70,2,6,2,4,6
2026-09-v3-pauli-factor-graph,LiH,3.2,37,9,"[[""D"",[0,1,2,3]],[""D"",[0,3,4,5]],[""S"",[4,5]],[""D"",[0,1,2,4]],[""S"",[0,1]]]",-7.707675730316606,-7.719239228072681,0.011563497756074348,70,2,5,2,3,5
2026-09-v3-pauli-factor-graph,LiH,3.2,37,10,"[[""S"",[0,4]],[""S"",[2,4]],[""S"",[0,5]],[""D"",[0,2,3,5]]]",-7.689416340678096,-7.719239228072681,0.02982288739458472,70,2,4,3,1,4
2026-09-v3-pauli-factor-graph,LiH,3.2,37,11,"[[""S"",[1,5]],[""D"",[1,2,3,4]],[""D"",[1,2,3,5]],[""D"",[0,1,2,4]],[""D"",[0,2,1,5]]]",-7.689416286454103,-7.719239228072681,0.029822941618578014,70,2,5,1,4,5
2026-09-v3-pauli-factor-graph,LiH,3.2,37,12,"[[""D"",[0,1,2,3]],[""S"",[2,5]],[""D"",[1,3,2,4]]]",-7.707676263485023,-7.719239228072681,0.011562964587657376,70,2,3,1,2,3
2026-09-v3-pauli-factor-graph,LiH,3.2,37,13,"[[""S"",[1,3]],[""D"",[0,1,4,5]],[""D"",[0,2,1,5]],[""D"",[0,4,3,5]]]",-7.69038753020913,-7.719239228072681,0.028851697863550463,70,2,4,1,3,4
2026-09-v3-pauli-factor-graph,LiH,3.2,37,14,"[[""S"",[0,4]],[""D"",[0,1,2,5]],[""S"",[0,1]],[""S"",[0,4]],[""D"",[1,3,2,5]],[""D"",[0,4,2,5]],[""D"",[0,2,1,4]],[""D"",[1,3,4,5]]]",-7.709746534210833,-7.719239228072681,0.009492693861847812,70,2,8,3,5,8
2026-09-v3-pauli-factor-graph,LiH,3.2,37,15,"[[""D"",[0,1,2,3]],[""S"",[2,4]],[""D"",[2,3,4,5]],[""S"",[0,2]],[""S"",[3,5]],[""D"",[0,2,1,3]],[""D"",[1,2,4,5]]]",-7.717224810024303,-7.719239228072681,0.002014418048378097,70,2,7,3,4,7
2026-09-v3-pauli-factor-graph,LiH,3.2,37,16,"[[""S"",[0,2]],[""D"",[2,3,4,5]],[""D"",[0,1,2,5]],[""D"",[0,3,1,5]],[""D"",[0,3,2,4]],[""D"",[1,2,3,4]],[""D"",[1,2,3,4]]]",-7.689416334275799,-7.719239228072681,0.029822893796882077,70,2,7,1,6,7
2026-09-v3-pauli-factor-graph,LiH,3.2,37,17,"[[""S"",[1,3]],[""S"",[0,2]],[""S"",[1,5]],[""S"",[2,5]],[""S"",[3,4]],[""S"",[1,2]],[""S"",[3,5]]]",-7.718003559881889,-7.719239228072681,0.0012356681907919054,70,2,7,7,0,7
2026-09-v3-pauli-factor-graph,LiH,3.2,51,0,"[[""D"",[0,1,2,3]],[""D"",[1,4,3,5]],[""S"",[3,5]],[""D"",[0,1,2,3]],[""S"",[2,5]]]",-7.70767860336195,-7.719239228072681,0.011560624710730494,70,2,5,2,3,5
2026-09-v3-pauli-factor-graph,LiH,3.2,51,1,"[[""S"",[1,3]],[""D"",[1,2,3,5]],[""D"",[1,2,3,4]],[""D"",[1,2,4,5]]]",-7.689416408421443,-7.719239228072681,0.029822819651237786,70,2,4,1,3,4
2026-09-v3-pauli-factor-graph,LiH,3.2,51,2,"[[""S"",[0,4]],[""D"",[1,3,2,4]],[""D"",[0,1,2,4]],[""D"",[0,4,2,5]]]",-7.689416131424955,-7.719239228072681,0.029823096647725755,70,2,4,1,3,4
2026-09-v3-pauli-factor-graph,LiH,3.2,51,3,"[[""D"",[0,1,2,3]],[""S"",[1,5]],[""D"",[0,3,1,4]]]",-7.707678798384236,-7.719239228072681,0.011560429688445062,70,2,3,1,2,3
2026-09-v3-pauli-factor-graph,LiH,3.2,51,4,"[[""S"",[0,2]],[""D"",[0,1,3,4]],[""D"",[1,2,3,4]],[""S"",[0,1]]]",-7.710118091058122,-7.719239228072681,0.0091211370145583,70,2,4,2,2,4
2026-09-v3-pauli-factor-graph,LiH,3.2,51,5,"[[""S"",[1,3]],[""D"",[0,3,4,5]],[""D"",[0,3,2,5]]]",-7.690387363486179,-7.719239228072681,0.028851864586501463,70,2,3,1,2,3
2026-09-v3-pauli-factor-graph,LiH,3.2,51,6,"[[""D"",[0,1,2,3]],[""D"",[2,4,3,5]],[""D"",[0,2,1,5]],[""S"",[2,3]],[""S"",[0,1]]]",-7.70767928050873,-7.719239228072681,0.011559947563950956,70,2,5,2,3,5
2026-09-v3-pauli-factor-graph,LiH,3.2,51,7,"[[""S"",[1,5]],[""D"",[1,4,3,5]],[""D"",[1,4,2,5]],[""D"",[0,4,1,5]],[""D"",[0,1,3,5]]]",-7.6894161778028485,-7.719239228072681,0.02982305026983223,70,2,5,1,4,5
2026-09-v3-pauli-factor-graph,LiH,3.2,51,8,"[[""S"",[0,2]],[""D"",[0,2,3,4]],[""D"",[0,2,1,5]],[""S"",[2,4]],[""S"",[3,5]],[""S"",[0,3]],[""D"",[1,4,3,5]]]",-7.710088538766158,-7.719239228072681,0.009150689306522963,70,2,7,4,3,7
2026-09-v3-pauli-factor-graph,LiH,3.2,51,9,"[[""D"",[0,1,2,3]],[""D"",[0,2,1,3]],[""D"",[0,4,1,5]]]",-7.707675629778697,-7.719239228072681,0.011563598293983901,70,2,3,0,3,3
2026-09-v3-pauli-factor-graph,LiH,3.2,51,10,"[[""S"",[0,4]],[""S"",[1,4]],[""D"",[0,1,2,4]]]",-7.689416172868971,-7.719239228072681,0.029823055203709536,70,2,3,2,1,3
2026-09-v3-pauli-factor-graph,LiH,3.2,51,11,"[[""S"",[1,5]],[""D"",[0,1,2,3]],[""D"",[0,3,2,5]],[""D"",[0,1,4,5]],[""S"",[3,4]]]",-7.707980248999592,-7.719239228072681,0.011258979073089037,70,2,5,2,3,5
2026-09-v3-pauli-factor-graph,LiH,3.2,51,12,"[[""D"",[0,1,2,3]],[""D"",[0,1,4,5]],[""S"",[1,3]],[""D"",[0,3,2,4]],[""D"",[0,3,4,5]]]",-7.717313691450497,-7.719239228072681,0.0019255366221839765,70,2,5,1,4,5
2026-09-v3-pauli-factor-graph,LiH,3.2,51,13,"[[""S"",[1,3]],[""S"",[0,2]],[""D"",[1,4,2,5]],[""D"",[0,3,4,5]],[""D"",[0,2,1,5]],[""D"",[0,2,1,3]],[""S"",[1,2]],[""S"",[2,5]]]",-7.7100949834808,-7.719239228072681,0.009144244591881012,70,2,8,4,4,8
2026-09-v3-pauli-factor-graph,LiH,3.2,51,14,"[[""S"",[0,4]],[""D"",[0,1,2,5]],[""D"",[0,3,1,5]]]",-7.689416011253558,-7.719239228072681,0.029823216819123033,70,2,3,1,2,3
2026-09-v3-pauli-factor-graph,LiH,3.2,51,15,"[[""D"",[0,1,2,3]],[""D"",[0,2,1,5]],[""D"",[2,4,3,5]],[""D"",[0,1,3,5]]]",-7.70767832419944,-7.719239228072681,0.011560903873240491,70,2,4,0,4,4
2026-09-v3-pauli-factor-graph,LiH,3.2,51,16,"[[""S"",[0,2]],[""D"",[2,4,3,5]],[""D"",[1,2,4,5]],[""D"",[0,1,3,5]]]",-7.690387190274032,-7.719239228072681,0.02885203779864831,70,2,4,1,3,4
2026-09-v3-pauli-factor-graph,LiH,3.2,51,17,"[[""S"",[1,3]],[""D"",[0,4,3,5]],[""S"",[0,5]],[""D"",[1,2,3,4]],[""S"",[0,3]],[""S"",[1,4]],[""D"",[0,1,2,5]]]",-7.7100867240672795,-7.719239228072681,0.00915250400540124,70,2,7,4,3,7
2026-09-v3-pauli-factor-graph,LiH,3.2,79,0,"[[""D"",[0,1,2,3]],[""D"",[1,2,4,5]],[""S"",[0,4]]]",-7.70767884552419,-7.719239228072681,0.0115603825484909,70,2,3,1,2,3
2026-09-v3-pauli-factor-graph,LiH,3.2,79,1,"[[""S"",[1,3]],[""S"",[4,5]],[""S"",[0,2]],[""D"",[0,2,3,4]],[""S"",[0,4]],[""D"",[1,3,2,5]],[""S"",[1,2]],[""S"",[1,3]]]",-7.7101638161208195,-7.719239228072681,0.009075411951861234,70,2,8,6,2,8
2026-09-v3-pauli-factor-graph,LiH,3.2,79,2,"[[""S"",[0,4]],[""D"",[0,2,1,3]],[""D"",[0,3,4,5]],[""S"",[0,5]],[""D"",[0,2,3,4]]]",-7.6894163889410745,-7.719239228072681,0.029822839131606216,70,2,5,2,3,5
2026-09-v3-pauli-factor-graph,LiH,3.2,79,3,"[[""D"",[0,1,2,3]],[""D"",[0,1,3,5]],[""D"",[1,2,3,4]],[""D"",[0,2,3,4]],[""S"",[0,4]],[""S"",[1,2]]]",-7.7101179538137306,-7.719239228072681,0.009121274258950152,70,2,6,2,4,6
2026-09-v3-pauli-factor-graph,LiH,3.2,79,4,"[[""S"",[0,2]],[""D"",[1,4,3,5]],[""D"",[1,4,3,5]],[""D"",[1,3,4,5]],[""S"",[0,3]],[""S"",[0,4]],[""D"",[1,2,4,5]],[""S"",[1,5]]]",-7.710085988403533,-7.719239228072681,0.00915323966914805,70,2,8,4,4,8
2026-09-v3-pauli-factor-graph,LiH,3.2,79,5,"[[""S"",[1,3]],[""S"",[3,4]],[""D"",[0,2,1,5]],[""D"",[1,4,3,5]],[""D"",[2,3,4,5]],[""D"",[0,3,4,5]],[""S"",[0,1]],[""S"",[0,3]]]",-7.7101178421006535,-7.719239228072681,0.009121385972027163,70,2,8,4,4,8
2026-09-v3-pauli-factor-graph,LiH,3.2,79,6,"[[""D"",[0,1,2,3]],[""S"",[0,4]],[""D"",[1,3,4,5]],[""D"",[1,3,4,5]],[""S"",[0,3]]]",-7.7101197077255925,-7.719239228072681,0.009119520347088184,70,2,5,2,3,5
2026-09-v3-pauli-factor-graph,LiH,3.2,79,7,"[[""S"",[1,5]],[""S"",[3,4]],[""D"",[2,3,4,5]],[""D"",[0,3,4,5]],[""D"",[0,3,4,5]],[""D"",[0,2,1,3]]]",-7.689416413116505,-7.719239228072681,0.02982281495617567,70,2,6,2,4,6
2026-09-v3-pauli-factor-graph,LiH,3.2,79,8,"[[""S"",[0,2]],[""D"",[0,4,1,5]],[""D"",[0,3,1,4]]]",-7.68941637665943,-7.719239228072681,0.029822851413250362,70,2,3,1,2,3
2026-09-v3-pauli-factor-graph,LiH,3.2,79,9,"[[""D"",[0,1,2,3]],[""D"",[1,4,2,5]],[""S"",[0,2]],[""D"",[1,4,2,5]],[""D"",[0,1,3,5]],[""D"",[1,2,3,4]],[""D"",[0,3,2,4]],[""D"",[1,4,3,5]]]",-7.716616902620218,-7.719239228072681,0.0026223254524628814,70,2,8,1,7,8
2026-09-v3-pauli-factor-graph,LiH,3.2,79,10,"[[""S"",[0,4]],[""D"",[0,2,3,4]],[""S"",[2,3]],[""S"",[1,4]],[""D"",[0,2,3,5]]]",-7.689416405167216,-7.719239228072681,0.029822822905464896,70,2,5,3,2,5
2026-09-v3-pauli-factor-graph,LiH,3.2,79,11,"[[""S"",[1,5]],[""D"",[1,2,3,5]],[""D"",[0,3,1,5]],[""S"",[2,4]],[""D"",[1,3,2,5]],[""D"",[0,1,2,3]]]",-7.707677262662429,-7.719239228072681,0.011561965410251673,70,2,6,2,4,6
2026-09-v3-pauli-factor-graph,LiH,3.2,79,12,"[[""D"",[0,1,2,3]],[""D"",[2,4,3,5]],[""D"",[0,1,4,5]],[""D"",[2,4,3,5]],[""D"",[1,2,3,4]],[""S"",[0,3]]]",-7.710118420628799,-7.719239228072681,0.009120807443881773,70,2,6,1,5,6
2026-09-v3-pauli-factor-graph,LiH,3.2,79,13,"[[""S"",[1,3]],[""D"",[0,1,2,5]],[""D"",[1,3,2,4]],[""D"",[0,2,4,5]],[""D"",[0,1,2,5]],[""S"",[0,1]],[""D"",[0,3,1,5]],[""S"",[1,5]]]",-7.709286294393488,-7.719239228072681,0.00995293367919281,70,2,8,3,5,8
2026-09-v3-pauli-factor-graph,LiH,3.2,79,14,"[[""S"",[0,4]],[""D"",[1,2,3,5]],[""D"",[1,3,2,4]]]",-7.689416394712118,-7.719239228072681,0.029822833360563017,70,2,3,1,2,3
2026-09-v3-pauli-factor-graph,LiH,3.2,79,15,"[[""D"",[0,1,2,3]],[""S"",[0,5]],[""S"",[0,1]],[""D"",[0,2,3,4]],[""D"",[1,2,3,5]]]",-7.707679290876214,-7.719239228072681,0.011559937196466308,70,2,5,2,3,5
2026-09-v3-pauli-factor-graph,LiH,3.2,79,16,"[[""S"",[0,2]],[""S"",[0,1]],[""D"",[0,2,3,4]],[""D"",[1,3,4,5]],[""S"",[1,4]],[""D"",[1,3,2,4]]]",-7.709313270845182,-7.719239228072681,0.009925957227499005,70,2,6,3,3,6
2026-09-v3-pauli-factor-graph,LiH,3.2,79,17,"[[""S"",[1,3]],[""D"",[0,1,2,5]],[""D"",[1,3,2,4]],[""D"",[0,4,2,5]],[""D"",[0,2,3,4]],[""D"",[0,1,2,4]],[""D"",[0,3,1,4]]]",-7.68941602131213,-7.719239228072681,0.02982320676055039,70,2,7,1,6,7
